paper_id,sampling_stratum,candidate_rank,statement_class,exclusion_class,routes
PMID:41032336,Biomedical_Basic,1,no_deposit_named,deposited_output_only,
PMID:41273055,Biomedical_Basic,2,no_lawful_text_retained,no_lawful_text_retained,
PMID:36493775,Biomedical_Basic,3,open_route_named_pending_listing,deposited_output_only,
PMID:37298942,Biomedical_Basic,4,no_deposit_named,no_deposit_named,
PMID:39603203,Biomedical_Basic,5,no_lawful_text_retained,no_lawful_text_retained,
PMID:36008468,Biomedical_Basic,6,supplement_only_unverified,supplement_only_unverified,
PMID:36066280,Biomedical_Basic,7,no_lawful_text_retained,no_lawful_text_retained,
PMID:41278475,Biomedical_Basic,8,open_route_named_pending_listing,above_cap,bioproject:PRJNA1344181=announced_sizes_exceed_amendment_caps
PMID:40914411,Biomedical_Basic,9,no_lawful_text_retained,no_lawful_text_retained,
PMID:34921865,Biomedical_Basic,10,no_lawful_text_retained,no_lawful_text_retained,
PMID:37595802,Biomedical_Basic,11,open_route_named_pending_listing,size_unannounced,proteomexchange:PXD042478=some_or_all_files_without_announced_size
PMID:36579647,Biomedical_Basic,12,no_lawful_text_retained,no_lawful_text_retained,
PMID:41397613,Biomedical_Basic,13,no_lawful_text_retained,no_lawful_text_retained,
PMID:39327328,Biomedical_Basic,14,open_route_named_pending_listing,deposited_input_mismatch,
PMID:32799349,Biomedical_Basic,15,no_lawful_text_retained,no_lawful_text_retained,
PMID:34498071,Biomedical_Basic,16,no_lawful_text_retained,no_lawful_text_retained,
PMID:39556911,Biomedical_Basic,17,no_lawful_text_retained,no_lawful_text_retained,
PMID:33075198,Biomedical_Basic,18,no_deposit_named,no_deposit_named,
PMID:37198264,Biomedical_Basic,19,no_lawful_text_retained,no_lawful_text_retained,
PMID:32805728,Biomedical_Basic,20,no_deposit_named,no_deposit_named,
PMID:35686557,Biomedical_Basic,21,author_request_only,author_request_only,
PMID:41471192,Biomedical_Basic,22,open_route_named_pending_listing,above_cap,bioproject:PRJNA1335193=announced_sizes_exceed_amendment_caps
PMID:34272452,Biomedical_Basic,23,supplement_only_unverified,supplement_only_unverified,
PMID:32839151,Biomedical_Basic,24,no_lawful_text_retained,no_lawful_text_retained,
PMID:32829487,Biomedical_Basic,25,no_lawful_text_retained,no_lawful_text_retained,
PMID:33205698,Biomedical_Basic,26,open_route_named_pending_listing,listing_unavailable,bioproject:PRJNA63078=listing_empty
PMID:39426412,Biomedical_Basic,27,no_lawful_text_retained,no_lawful_text_retained,
PMID:34510629,Biomedical_Basic,28,no_lawful_text_retained,no_lawful_text_retained,
PMID:39425006,Biomedical_Basic,29,open_route_named_pending_listing,above_cap,bioproject:PRJNA1138495=announced_sizes_exceed_amendment_caps
PMID:39352766,Biomedical_Basic,30,open_route_named_pending_listing,above_cap,bioproject:PRJNA1125420=announced_sizes_exceed_amendment_caps
PMID:41455991,Biomedical_Basic,31,open_route_named_pending_listing,code_only_deposit,zenodo:17014155=every_listed_file_is_implementation_material; zenodo:13964134=every_listed_file_is_implementation_material
PMID:35972247,Biomedical_Basic,32,open_route_named_pending_listing,listing_unavailable,bioproject:PRJNA810764=listing_empty
PMID:39154602,Biomedical_Basic,33,no_lawful_text_retained,no_lawful_text_retained,
PMID:37196620,Biomedical_Basic,34,no_lawful_text_retained,no_lawful_text_retained,
PMID:34556700,Biomedical_Basic,35,author_request_only,author_request_only,
PMID:39578277,Biomedical_Basic,36,no_lawful_text_retained,no_lawful_text_retained,
PMID:34619158,Biomedical_Basic,37,no_lawful_text_retained,no_lawful_text_retained,
PMID:37610352,Biomedical_Basic,38,no_lawful_text_retained,no_lawful_text_retained,
PMID:33176685,Biomedical_Basic,39,supplement_only_unverified,supplement_only_unverified,
PMID:39489797,Biomedical_Basic,40,author_request_only,author_request_only,
PMID:41298632,Biomedical_Basic,41,author_request_only,author_request_only,
PMID:40869047,Biomedical_Basic,42,author_request_only,author_request_only,
PMID:39661508,Biomedical_Basic,43,no_deposit_named,no_deposit_named,
PMID:41242248,Biomedical_Basic,44,no_lawful_text_retained,no_lawful_text_retained,
PMID:41021674,Biomedical_Basic,45,no_lawful_text_retained,no_lawful_text_retained,
PMID:33016314,Biomedical_Basic,46,open_route_named_pending_listing,,bioproject:PRJNA641521=anonymous_listing_with_sizes_within_caps
PMID:33589320,Biomedical_Basic,47,no_lawful_text_retained,no_lawful_text_retained,
PMID:37270724,Biomedical_Basic,48,no_lawful_text_retained,no_lawful_text_retained,
PMID:33339507,Biomedical_Basic,49,open_route_named_pending_listing,,bioproject:PRJNA662444=anonymous_listing_with_sizes_within_caps
PMID:39538246,Biomedical_Basic,50,supplement_only_unverified,supplement_only_unverified,
PMID:39721180,Biomedical_Basic,51,no_lawful_text_retained,no_lawful_text_retained,
PMID:39480105,Biomedical_Basic,52,no_lawful_text_retained,no_lawful_text_retained,
PMID:41567021,Biomedical_Basic,53,no_lawful_text_retained,no_lawful_text_retained,
PMID:39687984,Biomedical_Basic,54,author_request_only,author_request_only,
PMID:39302985,Biomedical_Basic,55,no_deposit_named,no_deposit_named,
PMID:41441882,Biomedical_Basic,56,author_request_only,author_request_only,
PMID:40912659,Biomedical_Basic,57,no_lawful_text_retained,no_lawful_text_retained,
PMID:39201798,Biomedical_Basic,58,no_deposit_named,no_deposit_named,
PMID:37184698,Biomedical_Basic,59,no_lawful_text_retained,no_lawful_text_retained,
PMID:40939346,Biomedical_Basic,60,no_lawful_text_retained,no_lawful_text_retained,
PMID:34897107,Biomedical_Basic,61,no_lawful_text_retained,no_lawful_text_retained,
PMID:33243039,Biomedical_Basic,62,no_lawful_text_retained,no_lawful_text_retained,
PMID:38096588,Biomedical_Basic,63,code_only_deposit,code_only_deposit,
PMID:37972928,Biomedical_Basic,64,no_lawful_text_retained,no_lawful_text_retained,
PMID:35751814,Biomedical_Basic,65,no_lawful_text_retained,no_lawful_text_retained,
PMID:37903545,Biomedical_Basic,66,no_deposit_named,no_deposit_named,
PMID:37565572,Biomedical_Basic,67,no_lawful_text_retained,no_lawful_text_retained,
PMID:33355869,Biomedical_Basic,68,no_lawful_text_retained,no_lawful_text_retained,
PMID:35599258,Biomedical_Basic,69,open_route_named_pending_listing,size_unannounced,proteomexchange:PXD032195=some_or_all_files_without_announced_size
PMID:37740621,Biomedical_Basic,70,no_lawful_text_retained,no_lawful_text_retained,
PMID:38059892,Biomedical_Basic,71,no_lawful_text_retained,no_lawful_text_retained,
PMID:37244617,Biomedical_Basic,72,no_lawful_text_retained,no_lawful_text_retained,
PMID:41326076,Biomedical_Basic,73,no_lawful_text_retained,no_lawful_text_retained,
PMID:41341953,Biomedical_Basic,74,no_deposit_named,no_deposit_named,
PMID:34576131,Biomedical_Basic,75,no_deposit_named,no_deposit_named,
PMID:41297821,Biomedical_Basic,76,no_lawful_text_retained,no_lawful_text_retained,
PMID:34324179,Biomedical_Basic,77,no_lawful_text_retained,no_lawful_text_retained,
PMID:41070730,Biomedical_Basic,78,open_route_named_pending_listing,above_cap,bioproject:PRJNA945494=announced_sizes_exceed_amendment_caps
PMID:35676478,Biomedical_Basic,79,open_route_named_pending_listing,size_unannounced,proteomexchange:PXD029073=some_or_all_files_without_announced_size
PMID:40966993,Biomedical_Basic,80,open_route_named_pending_listing,size_unannounced,proteomexchange:PXD057700=some_or_all_files_without_announced_size
PMID:33302188,Biomedical_Basic,81,no_lawful_text_retained,no_lawful_text_retained,
PMID:34615943,Biomedical_Basic,82,open_route_named_pending_listing,,geo:GSE6791=anonymous_listing_with_sizes_within_caps; geo:GSE10300=anonymous_listing_with_sizes_within_caps; geo:GSE29330=anonymous_listing_with_sizes_within_caps; geo:GSE3292=anonymous_listing_with_sizes_within_caps
PMID:39368513,Biomedical_Basic,83,no_lawful_text_retained,no_lawful_text_retained,
PMID:34775536,Biomedical_Basic,84,no_lawful_text_retained,no_lawful_text_retained,
PMID:38098143,Biomedical_Basic,85,no_lawful_text_retained,no_lawful_text_retained,
PMID:33253481,Biomedical_Basic,86,no_lawful_text_retained,no_lawful_text_retained,
PMID:35869176,Biomedical_Basic,87,author_request_only,author_request_only,
PMID:36544145,Biomedical_Basic,88,open_route_named_pending_listing,,geo:GSE10072=anonymous_listing_with_sizes_within_caps
PMID:41186019,Biomedical_Basic,89,author_request_only,author_request_only,
PMID:37536522,Biomedical_Basic,90,no_lawful_text_retained,no_lawful_text_retained,
PMID:39537852,Biomedical_Basic,91,open_route_named_pending_listing,,geo:GSE275445=anonymous_listing_with_sizes_within_caps
PMID:39586934,Biomedical_Basic,92,open_route_named_pending_listing,,bioproject:PRJNA1056783=anonymous_listing_with_sizes_within_caps; zenodo:7682609=every_listed_file_is_implementation_material
PMID:35811137,Biomedical_Basic,93,no_deposit_named,no_deposit_named,
PMID:34339760,Biomedical_Basic,94,no_lawful_text_retained,no_lawful_text_retained,
PMID:39734207,Biomedical_Basic,95,supplement_only_unverified,supplement_only_unverified,
PMID:32879160,Biomedical_Basic,96,no_lawful_text_retained,no_lawful_text_retained,
PMID:36307986,Biomedical_Basic,97,open_route_named_pending_listing,,geo:GSE149186=anonymous_listing_with_sizes_within_caps; geo:GSE156986=anonymous_listing_with_sizes_within_caps
PMID:35008639,Biomedical_Basic,98,open_route_named_pending_listing,listing_unavailable,bioproject:PRJNA681194=listing_empty
PMID:34662447,Biomedical_Basic,99,no_deposit_named,no_deposit_named,
PMID:33381816,Biomedical_Basic,100,no_lawful_text_retained,no_lawful_text_retained,
PMID:41185293,Biomedical_Basic,101,no_lawful_text_retained,no_lawful_text_retained,
PMID:35819635,Biomedical_Basic,102,no_lawful_text_retained,no_lawful_text_retained,
PMID:34365462,Biomedical_Basic,103,no_lawful_text_retained,no_lawful_text_retained,
PMID:38159402,Biomedical_Basic,104,no_lawful_text_retained,no_lawful_text_retained,
PMID:32885737,Biomedical_Basic,105,no_lawful_text_retained,no_lawful_text_retained,
PMID:37970641,Biomedical_Basic,106,open_route_named_pending_listing,,zenodo:8111150=anonymous_listing_with_sizes_within_caps
PMID:34718950,Biomedical_Basic,107,no_lawful_text_retained,no_lawful_text_retained,
PMID:39219121,Biomedical_Basic,108,no_lawful_text_retained,no_lawful_text_retained,
PMID:33256608,Biomedical_Basic,109,supplement_only_unverified,supplement_only_unverified,
PMID:39273703,Biomedical_Basic,110,author_request_only,author_request_only,
PMID:38006640,Biomedical_Basic,111,no_lawful_text_retained,no_lawful_text_retained,
PMID:34254157,Biomedical_Basic,112,no_lawful_text_retained,no_lawful_text_retained,
PMID:32925984,Biomedical_Basic,113,no_deposit_named,no_deposit_named,
PMID:37584946,Biomedical_Basic,114,no_lawful_text_retained,no_lawful_text_retained,
PMID:32972820,Biomedical_Basic,115,no_lawful_text_retained,no_lawful_text_retained,
PMID:37858269,Biomedical_Basic,116,open_route_named_pending_listing,above_cap,bioproject:PRJEB1220=announced_sizes_exceed_amendment_caps; bioproject:PRJEB4336=announced_sizes_exceed_amendment_caps; bioproject:PRJEB5224=announced_sizes_exceed_amendment_caps; bioproject:PRJNA48479=listing_empty
PMID:36162596,Biomedical_Basic,117,no_lawful_text_retained,no_lawful_text_retained,
PMID:41015376,Biomedical_Basic,118,no_lawful_text_retained,no_lawful_text_retained,
PMID:38140689,Biomedical_Basic,119,no_deposit_named,no_deposit_named,
PMID:37196472,Biomedical_Basic,120,no_lawful_text_retained,no_lawful_text_retained,
PMID:36374768,Biomedical_Basic,121,author_request_only,author_request_only,
PMID:36538089,Biomedical_Basic,122,no_lawful_text_retained,no_lawful_text_retained,
PMID:39209003,Biomedical_Basic,123,no_lawful_text_retained,no_lawful_text_retained,
PMID:34272817,Biomedical_Basic,124,no_lawful_text_retained,no_lawful_text_retained,
PMID:39769408,Biomedical_Basic,125,no_deposit_named,no_deposit_named,
PMID:35049858,Biomedical_Basic,126,no_deposit_named,no_deposit_named,
PMID:36456901,Biomedical_Basic,127,supplement_only_unverified,supplement_only_unverified,
PMID:39499509,Biomedical_Basic,128,no_deposit_named,no_deposit_named,
PMID:35852337,Biomedical_Basic,129,no_deposit_named,no_deposit_named,
PMID:39768814,Biomedical_Basic,130,no_deposit_named,no_deposit_named,
PMID:34920122,Biomedical_Basic,131,no_deposit_named,no_deposit_named,
PMID:32971066,Biomedical_Basic,132,no_lawful_text_retained,no_lawful_text_retained,
PMID:35680038,Biomedical_Basic,133,no_lawful_text_retained,no_lawful_text_retained,
PMID:34257613,Biomedical_Basic,134,supplement_only_unverified,supplement_only_unverified,
PMID:33140283,Biomedical_Basic,135,no_lawful_text_retained,no_lawful_text_retained,
PMID:34772984,Biomedical_Basic,136,supplement_only_unverified,supplement_only_unverified,
PMID:39157920,Biomedical_Basic,137,no_lawful_text_retained,no_lawful_text_retained,
PMID:37387144,Biomedical_Basic,138,code_only_deposit,code_only_deposit,
PMID:37969056,Biomedical_Basic,139,author_request_only,author_request_only,
PMID:39422440,Biomedical_Basic,140,no_deposit_named,no_deposit_named,
PMID:39728793,Biomedical_Basic,141,supplement_only_unverified,supplement_only_unverified,
PMID:40990705,Biomedical_Basic,142,author_request_only,author_request_only,
PMID:39360459,Biomedical_Basic,143,no_lawful_text_retained,no_lawful_text_retained,
PMID:41213999,Biomedical_Basic,144,author_request_only,author_request_only,
PMID:41052889,Biomedical_Basic,145,author_request_only,author_request_only,
PMID:41465557,Biomedical_Basic,146,code_only_deposit,code_only_deposit,
PMID:34454438,Biomedical_Basic,147,code_only_deposit,code_only_deposit,
PMID:39389577,Biomedical_Basic,148,no_lawful_text_retained,no_lawful_text_retained,
PMID:32896524,Biomedical_Basic,149,no_lawful_text_retained,no_lawful_text_retained,
PMID:34648610,Biomedical_Basic,150,no_lawful_text_retained,no_lawful_text_retained,
PMID:36430209,Biomedical_Basic,151,no_deposit_named,no_deposit_named,
PMID:40923366,Biomedical_Basic,152,no_lawful_text_retained,no_lawful_text_retained,
PMID:37644183,Biomedical_Basic,153,open_route_named_pending_listing,size_unannounced,proteomexchange:PXD037872=some_or_all_files_without_announced_size; arrayexpress:E-MTAB-12364=some_or_all_files_without_announced_size; zenodo:8218501=every_listed_file_is_implementation_material
PMID:41387165,Biomedical_Basic,154,no_deposit_named,no_deposit_named,
PMID:35627186,Biomedical_Basic,155,no_deposit_named,no_deposit_named,
PMID:35605870,Biomedical_Basic,156,no_lawful_text_retained,no_lawful_text_retained,
PMID:34244710,Biomedical_Basic,157,no_deposit_named,no_deposit_named,
PMID:35687056,Biomedical_Basic,158,open_route_named_pending_listing,,geo:GSE141910=anonymous_listing_with_sizes_within_caps
PMID:39509984,Biomedical_Basic,159,no_lawful_text_retained,no_lawful_text_retained,
PMID:39637759,Biomedical_Basic,160,no_lawful_text_retained,no_lawful_text_retained,
PMID:39113379,Biomedical_Basic,161,no_lawful_text_retained,no_lawful_text_retained,
PMID:39167185,Biomedical_Basic,162,no_lawful_text_retained,no_lawful_text_retained,
PMID:41066814,Biomedical_Basic,163,no_lawful_text_retained,no_lawful_text_retained,
PMID:34828318,Biomedical_Basic,164,author_request_only,author_request_only,
PMID:33341081,Biomedical_Basic,165,no_lawful_text_retained,no_lawful_text_retained,
PMID:33030170,Biomedical_Basic,166,no_lawful_text_retained,no_lawful_text_retained,
PMID:32946440,Biomedical_Basic,167,open_route_named_pending_listing,,dryad:7m0cfxprs=anonymous_listing_with_sizes_within_caps; bioproject:PRJNA297239=announced_sizes_exceed_amendment_caps
PMID:37392715,Biomedical_Basic,168,no_lawful_text_retained,no_lawful_text_retained,
PMID:41478692,Biomedical_Basic,169,no_lawful_text_retained,no_lawful_text_retained,
PMID:36357504,Biomedical_Basic,170,open_route_named_pending_listing,listing_unavailable,bioproject:PRJNA852792=listing_empty
PMID:37639527,Biomedical_Basic,171,no_lawful_text_retained,no_lawful_text_retained,
PMID:38071652,Biomedical_Basic,172,no_lawful_text_retained,no_lawful_text_retained,
PMID:34887865,Biomedical_Basic,173,supplement_only_unverified,supplement_only_unverified,
PMID:39468166,Biomedical_Basic,174,author_request_only,author_request_only,
PMID:35904569,Biomedical_Basic,175,code_only_deposit,code_only_deposit,
PMID:34323956,Biomedical_Basic,176,no_lawful_text_retained,no_lawful_text_retained,
PMID:41052720,Biomedical_Basic,177,no_lawful_text_retained,no_lawful_text_retained,
PMID:35945220,Biomedical_Basic,178,open_route_named_pending_listing,,geo:GSE35069=anonymous_listing_with_sizes_within_caps; zenodo:3476365=every_listed_file_is_implementation_material; geo:GSE86189=anonymous_listing_with_sizes_within_caps; zenodo:6801458=announced_sizes_exceed_amendment_caps
PMID:37533639,Biomedical_Basic,179,open_route_named_pending_listing,listing_unavailable,geo:GSE114135=listing_http_404; zenodo:7987093=every_listed_file_is_implementation_material
PMID:34390603,Biomedical_Basic,180,no_lawful_text_retained,no_lawful_text_retained,
PMID:36240473,Biomedical_Basic,181,no_lawful_text_retained,no_lawful_text_retained,
PMID:32692408,Biomedical_Basic,182,no_lawful_text_retained,no_lawful_text_retained,
PMID:35604557,Biomedical_Basic,183,no_lawful_text_retained,no_lawful_text_retained,
PMID:39151783,Biomedical_Basic,184,no_lawful_text_retained,no_lawful_text_retained,
PMID:36560602,Biomedical_Basic,185,open_route_named_pending_listing,listing_unavailable,bioproject:PRJNA804427=listing_empty; proteomexchange:PXD033832=some_or_all_files_without_announced_size
PMID:36229649,Biomedical_Basic,186,no_lawful_text_retained,no_lawful_text_retained,
PMID:34667208,Biomedical_Basic,187,author_request_only,author_request_only,
PMID:33238379,Biomedical_Basic,188,no_deposit_named,no_deposit_named,
PMID:40956867,Biomedical_Basic,189,open_route_named_pending_listing,,dryad:c9b25=anonymous_listing_with_sizes_within_caps; zenodo:15007585=anonymous_listing_with_sizes_within_caps; dryad:p8cz8wb18=anonymous_listing_with_sizes_within_caps
PMID:34783304,Biomedical_Basic,190,open_route_named_pending_listing,,geo:GSE103236=anonymous_listing_with_sizes_within_caps
PMID:34687569,Biomedical_Basic,191,no_lawful_text_retained,no_lawful_text_retained,
PMID:33058155,Biomedical_Basic,192,no_lawful_text_retained,no_lawful_text_retained,
PMID:37626296,Biomedical_Basic,193,code_only_deposit,code_only_deposit,
PMID:35939194,Biomedical_Basic,194,no_lawful_text_retained,no_lawful_text_retained,
PMID:32867704,Biomedical_Basic,195,author_request_only,author_request_only,
PMID:32699323,Biomedical_Basic,196,supplement_only_unverified,supplement_only_unverified,
PMID:34521427,Biomedical_Basic,197,author_request_only,author_request_only,
PMID:39363190,Biomedical_Basic,198,no_lawful_text_retained,no_lawful_text_retained,
PMID:35078584,Biomedical_Basic,199,no_lawful_text_retained,no_lawful_text_retained,
PMID:35763908,Biomedical_Basic,200,no_deposit_named,no_deposit_named,
PMID:33301768,Biomedical_Basic,201,no_lawful_text_retained,no_lawful_text_retained,
PMID:35708299,Biomedical_Basic,202,no_lawful_text_retained,no_lawful_text_retained,
PMID:39366579,Biomedical_Basic,203,no_lawful_text_retained,no_lawful_text_retained,
PMID:36282896,Biomedical_Basic,204,code_only_deposit,code_only_deposit,
PMID:37897866,Biomedical_Basic,205,no_lawful_text_retained,no_lawful_text_retained,
PMID:36427578,Biomedical_Basic,206,no_lawful_text_retained,no_lawful_text_retained,
PMID:41342534,Biomedical_Basic,207,open_route_named_pending_listing,,figshare:30681275=anonymous_listing_with_sizes_within_caps; bioproject:PRJNA1202721=anonymous_listing_with_sizes_within_caps
PMID:33153607,Biomedical_Basic,208,no_lawful_text_retained,no_lawful_text_retained,
PMID:33030592,Biomedical_Basic,209,open_route_named_pending_listing,,bioproject:PRJNA638815=announced_sizes_exceed_amendment_caps; bioproject:PRJNA252389=listing_empty; zenodo:854445=anonymous_listing_with_sizes_within_caps
PMID:40825952,Biomedical_Basic,210,open_route_named_pending_listing,size_unannounced,proteomexchange:PXD048149=some_or_all_files_without_announced_size
PMID:35612742,Biomedical_Basic,211,no_lawful_text_retained,no_lawful_text_retained,
PMID:32807886,Biomedical_Basic,212,no_lawful_text_retained,no_lawful_text_retained,
PMID:33159157,Biomedical_Basic,213,supplement_only_unverified,supplement_only_unverified,
PMID:33128797,Biomedical_Basic,214,no_lawful_text_retained,no_lawful_text_retained,
PMID:37348729,Biomedical_Basic,215,no_lawful_text_retained,no_lawful_text_retained,
PMID:36916570,Biomedical_Basic,216,no_lawful_text_retained,no_lawful_text_retained,
PMID:34732764,Biomedical_Basic,217,supplement_only_unverified,supplement_only_unverified,
PMID:34398016,Biomedical_Basic,218,author_request_only,author_request_only,
PMID:41324157,Biomedical_Basic,219,open_route_named_pending_listing,above_cap,bioproject:PRJNA809939=announced_sizes_exceed_amendment_caps
PMID:34518591,Biomedical_Basic,220,supplement_only_unverified,supplement_only_unverified,
PMID:34520087,Biomedical_Basic,221,no_lawful_text_retained,no_lawful_text_retained,
PMID:37449883,Biomedical_Basic,222,code_only_deposit,code_only_deposit,
PMID:34874726,Biomedical_Basic,223,no_lawful_text_retained,no_lawful_text_retained,
PMID:34482643,Biomedical_Basic,224,no_lawful_text_retained,no_lawful_text_retained,
PMID:36431901,Biomedical_Basic,225,author_request_only,author_request_only,
PMID:39593313,Biomedical_Basic,226,no_lawful_text_retained,no_lawful_text_retained,
PMID:35818212,Biomedical_Basic,227,no_lawful_text_retained,no_lawful_text_retained,
PMID:37689415,Biomedical_Basic,228,no_lawful_text_retained,no_lawful_text_retained,
PMID:39244881,Biomedical_Basic,229,no_lawful_text_retained,no_lawful_text_retained,
PMID:36713420,Biomedical_Basic,230,no_deposit_named,no_deposit_named,
PMID:39450990,Biomedical_Basic,231,no_lawful_text_retained,no_lawful_text_retained,
PMID:41012590,Biomedical_Basic,232,supplement_only_unverified,supplement_only_unverified,
PMID:41300698,Biomedical_Basic,233,open_route_named_pending_listing,,geo:GSE10645=anonymous_listing_with_sizes_within_caps; geo:GSE73002=anonymous_listing_with_sizes_within_caps; geo:GSE51557=anonymous_listing_with_sizes_within_caps
PMID:39592938,Biomedical_Basic,234,supplement_only_unverified,supplement_only_unverified,
PMID:32744423,Biomedical_Basic,235,no_lawful_text_retained,no_lawful_text_retained,
PMID:32907957,Biomedical_Basic,236,open_route_named_pending_listing,listing_unavailable,bioproject:PRJNA379818=listing_empty; bioproject:PRJNA379966=listing_empty
PMID:35758799,Biomedical_Basic,237,code_only_deposit,code_only_deposit,
PMID:33211191,Biomedical_Basic,238,no_lawful_text_retained,no_lawful_text_retained,
PMID:36296410,Biomedical_Basic,239,author_request_only,author_request_only,
PMID:34400165,Biomedical_Basic,240,no_lawful_text_retained,no_lawful_text_retained,
PMID:33006353,Biomedical_Basic,241,no_lawful_text_retained,no_lawful_text_retained,
PMID:36562749,Biomedical_Basic,242,no_lawful_text_retained,no_lawful_text_retained,
PMID:34403163,Biomedical_Basic,243,no_lawful_text_retained,no_lawful_text_retained,
PMID:34830157,Biomedical_Basic,244,author_request_only,author_request_only,
PMID:38095741,Biomedical_Basic,245,no_lawful_text_retained,no_lawful_text_retained,
PMID:34350829,Biomedical_Basic,246,open_route_named_pending_listing,,dryad:5x69p8d2s=anonymous_listing_with_sizes_within_caps
PMID:32876912,Biomedical_Basic,247,no_lawful_text_retained,no_lawful_text_retained,
PMID:39122361,Biomedical_Basic,248,no_lawful_text_retained,no_lawful_text_retained,
PMID:39571829,Biomedical_Basic,249,no_lawful_text_retained,no_lawful_text_retained,
PMID:37258871,Biomedical_Basic,250,no_lawful_text_retained,no_lawful_text_retained,
PMID:40856424,Biomedical_Basic,251,author_request_only,author_request_only,
PMID:37656709,Biomedical_Basic,252,no_deposit_named,no_deposit_named,
PMID:39562570,Biomedical_Basic,253,open_route_named_pending_listing,above_cap,bioproject:PRJNA1067393=announced_sizes_exceed_amendment_caps; zenodo:13956241=every_listed_file_is_implementation_material; zenodo:13957208=every_listed_file_is_implementation_material
PMID:32785692,Biomedical_Basic,254,no_lawful_text_retained,no_lawful_text_retained,
PMID:37288990,Biomedical_Basic,255,open_route_named_pending_listing,listing_unavailable,proteomexchange:PXD042370=listing_http_404
PMID:36053937,Biomedical_Basic,256,author_request_only,author_request_only,
PMID:32858455,Biomedical_Basic,257,no_lawful_text_retained,no_lawful_text_retained,
PMID:33213301,Biomedical_Basic,258,no_lawful_text_retained,no_lawful_text_retained,
PMID:39548089,Biomedical_Basic,259,code_only_deposit,code_only_deposit,
PMID:36287926,Biomedical_Basic,260,open_route_named_pending_listing,size_unannounced,metabolights:MTBLS5430=some_or_all_files_without_announced_size
PMID:33277013,Biomedical_Basic,261,no_lawful_text_retained,no_lawful_text_retained,
PMID:37573133,Biomedical_Basic,262,no_lawful_text_retained,no_lawful_text_retained,
PMID:36793547,Biomedical_Basic,263,open_route_named_pending_listing,above_cap,bioproject:PRJEB44176=announced_sizes_exceed_amendment_caps
PMID:35611640,Biomedical_Basic,264,no_lawful_text_retained,no_lawful_text_retained,
PMID:34389722,Biomedical_Basic,265,open_route_named_pending_listing,,geo:GSE165202=anonymous_listing_with_sizes_within_caps; proteomexchange:PXD023437=some_or_all_files_without_announced_size
PMID:33121447,Biomedical_Basic,266,author_request_only,author_request_only,
PMID:39432569,Biomedical_Basic,267,open_route_named_pending_listing,listing_unavailable,bioproject:PRJNA794175=listing_empty; bioproject:PRJNA794172=listing_empty; bioproject:PRJEB46164=announced_sizes_exceed_amendment_caps; arrayexpress:E-MTAB-10272=some_or_all_files_without_announced_size
PMID:36357860,Biomedical_Basic,268,open_route_named_pending_listing,listing_unavailable,bioproject:PRJNA735117=listing_empty; bioproject:PRJEB46470=announced_sizes_exceed_amendment_caps
PMID:41135753,Biomedical_Basic,269,no_lawful_text_retained,no_lawful_text_retained,
PMID:37212427,Biomedical_Basic,270,no_lawful_text_retained,no_lawful_text_retained,
PMID:37668143,Biomedical_Basic,271,no_lawful_text_retained,no_lawful_text_retained,
PMID:34782700,Biomedical_Basic,272,author_request_only,author_request_only,
PMID:34818799,Biomedical_Basic,273,no_lawful_text_retained,no_lawful_text_retained,
PMID:40972703,Biomedical_Basic,274,no_lawful_text_retained,no_lawful_text_retained,
PMID:34372949,Biomedical_Basic,275,no_lawful_text_retained,no_lawful_text_retained,
PMID:37843590,Biomedical_Basic,276,author_request_only,author_request_only,
PMID:41062043,Biomedical_Basic,277,no_lawful_text_retained,no_lawful_text_retained,
PMID:35796929,Biomedical_Basic,278,no_lawful_text_retained,no_lawful_text_retained,
PMID:37532761,Biomedical_Basic,279,open_route_named_pending_listing,size_unannounced,proteomexchange:PXD038837=some_or_all_files_without_announced_size
PMID:39576111,Biomedical_Basic,280,author_request_only,author_request_only,
PMID:37468576,Biomedical_Basic,281,supplement_only_unverified,supplement_only_unverified,
PMID:33024144,Biomedical_Basic,282,supplement_only_unverified,supplement_only_unverified,
PMID:39521084,Biomedical_Basic,283,no_lawful_text_retained,no_lawful_text_retained,
PMID:34843755,Biomedical_Basic,284,no_lawful_text_retained,no_lawful_text_retained,
PMID:34951957,Biomedical_Basic,285,no_lawful_text_retained,no_lawful_text_retained,
PMID:32848180,Biomedical_Basic,286,supplement_only_unverified,supplement_only_unverified,
PMID:39227460,Biomedical_Basic,287,supplement_only_unverified,supplement_only_unverified,
PMID:32811306,Biomedical_Basic,288,no_deposit_named,no_deposit_named,
PMID:32800106,Biomedical_Basic,289,no_lawful_text_retained,no_lawful_text_retained,
PMID:34544477,Biomedical_Basic,290,open_route_named_pending_listing,above_cap,zenodo:5260009=announced_sizes_exceed_amendment_caps
PMID:33001064,Biomedical_Basic,291,no_lawful_text_retained,no_lawful_text_retained,
PMID:35633299,Biomedical_Basic,292,no_lawful_text_retained,no_lawful_text_retained,
PMID:38123614,Biomedical_Basic,293,author_request_only,author_request_only,
PMID:37526719,Biomedical_Basic,294,no_lawful_text_retained,no_lawful_text_retained,
PMID:40922137,Biomedical_Basic,295,no_lawful_text_retained,no_lawful_text_retained,
PMID:37922881,Biomedical_Basic,296,no_lawful_text_retained,no_lawful_text_retained,
PMID:37855640,Biomedical_Basic,297,no_lawful_text_retained,no_lawful_text_retained,
PMID:41401448,Biomedical_Basic,298,no_lawful_text_retained,no_lawful_text_retained,
PMID:33280703,Biomedical_Basic,299,no_lawful_text_retained,no_lawful_text_retained,
PMID:36192337,Biomedical_Basic,300,no_lawful_text_retained,no_lawful_text_retained,
PMID:34329290,Biomedical_Basic,301,open_route_named_pending_listing,,geo:GSE173980=anonymous_listing_with_sizes_within_caps
PMID:41038285,Biomedical_Basic,302,no_lawful_text_retained,no_lawful_text_retained,
PMID:34936221,Biomedical_Basic,303,no_lawful_text_retained,no_lawful_text_retained,
PMID:40975907,Biomedical_Basic,304,no_lawful_text_retained,no_lawful_text_retained,
PMID:39547394,Biomedical_Basic,305,no_lawful_text_retained,no_lawful_text_retained,
PMID:41323972,Biomedical_Basic,306,no_deposit_named,no_deposit_named,
PMID:36209583,Biomedical_Basic,307,no_lawful_text_retained,no_lawful_text_retained,
PMID:39393896,Biomedical_Basic,308,no_lawful_text_retained,no_lawful_text_retained,
PMID:40945372,Biomedical_Basic,309,no_lawful_text_retained,no_lawful_text_retained,
PMID:41060080,Biomedical_Basic,310,open_route_named_pending_listing,above_cap,geo:GSE234461=announced_sizes_exceed_amendment_caps
PMID:37258765,Biomedical_Basic,311,no_lawful_text_retained,no_lawful_text_retained,
PMID:35796308,Biomedical_Basic,312,no_deposit_named,no_deposit_named,
PMID:34704295,Biomedical_Basic,313,no_lawful_text_retained,no_lawful_text_retained,
PMID:37948802,Biomedical_Basic,314,no_lawful_text_retained,no_lawful_text_retained,
PMID:37698958,Biomedical_Basic,315,no_lawful_text_retained,no_lawful_text_retained,
PMID:32961811,Biomedical_Basic,316,no_deposit_named,no_deposit_named,
PMID:41421497,Biomedical_Basic,317,no_deposit_named,no_deposit_named,
PMID:40876775,Biomedical_Basic,318,no_lawful_text_retained,no_lawful_text_retained,
PMID:34873305,Biomedical_Basic,319,no_lawful_text_retained,no_lawful_text_retained,
PMID:34363325,Biomedical_Basic,320,no_deposit_named,no_deposit_named,
PMID:39199287,Biomedical_Basic,321,no_deposit_named,no_deposit_named,
PMID:34944547,Biomedical_Basic,322,open_route_named_pending_listing,,figshare:17080787=anonymous_listing_with_sizes_within_caps
PMID:38049829,Biomedical_Basic,323,open_route_named_pending_listing,size_unannounced,proteomexchange:PXD022894=some_or_all_files_without_announced_size; geo:GSE225391=announced_sizes_exceed_amendment_caps; proteomexchange:PXD041245=some_or_all_files_without_announced_size
PMID:36006832,Biomedical_Basic,324,open_route_named_pending_listing,,bioproject:PRJNA772517=announced_sizes_exceed_amendment_caps; figshare:16830709=anonymous_listing_with_sizes_within_caps
PMID:33297095,Biomedical_Basic,325,no_lawful_text_retained,no_lawful_text_retained,
PMID:33127954,Biomedical_Basic,326,supplement_only_unverified,supplement_only_unverified,
PMID:37336394,Biomedical_Basic,327,no_lawful_text_retained,no_lawful_text_retained,
PMID:35930222,Biomedical_Basic,328,no_lawful_text_retained,no_lawful_text_retained,
PMID:39106693,Biomedical_Basic,329,open_route_named_pending_listing,size_unannounced,proteomexchange:PXD046487=some_or_all_files_without_announced_size
PMID:39308067,Biomedical_Basic,330,no_lawful_text_retained,no_lawful_text_retained,
PMID:35953171,Biomedical_Basic,331,no_lawful_text_retained,no_lawful_text_retained,
PMID:38000308,Biomedical_Basic,332,no_lawful_text_retained,no_lawful_text_retained,
PMID:41054242,Biomedical_Basic,333,no_lawful_text_retained,no_lawful_text_retained,
PMID:34215580,Biomedical_Basic,334,open_route_named_pending_listing,,bioproject:PRJNA714625=announced_sizes_exceed_amendment_caps; dryad:t1g1jwt20=anonymous_listing_with_sizes_within_caps
PMID:39173393,Biomedical_Basic,335,no_lawful_text_retained,no_lawful_text_retained,
PMID:35802021,Biomedical_Basic,336,no_lawful_text_retained,no_lawful_text_retained,
PMID:33022753,Biomedical_Basic,337,no_lawful_text_retained,no_lawful_text_retained,
PMID:34454757,Biomedical_Basic,338,no_lawful_text_retained,no_lawful_text_retained,
PMID:33069701,Biomedical_Basic,339,no_lawful_text_retained,no_lawful_text_retained,
PMID:38860277,Biomedical_Basic,340,no_lawful_text_retained,no_lawful_text_retained,
PMID:36333143,Biomedical_Basic,341,no_lawful_text_retained,no_lawful_text_retained,
PMID:32703024,Biomedical_Basic,342,no_lawful_text_retained,no_lawful_text_retained,
PMID:39343163,Biomedical_Basic,343,no_deposit_named,no_deposit_named,
PMID:39731018,Biomedical_Basic,344,code_only_deposit,code_only_deposit,
PMID:38141532,Biomedical_Basic,345,no_lawful_text_retained,no_lawful_text_retained,
PMID:41422412,Biomedical_Basic,346,no_deposit_named,no_deposit_named,
PMID:39512027,Biomedical_Basic,347,no_lawful_text_retained,no_lawful_text_retained,
PMID:35746789,Biomedical_Basic,348,open_route_named_pending_listing,,dataverse:AYT2UA=anonymous_listing_with_sizes_within_caps
PMID:39324627,Biomedical_Basic,349,no_deposit_named,no_deposit_named,
PMID:38141134,Biomedical_Basic,350,no_lawful_text_retained,no_lawful_text_retained,
PMID:36263737,Biomedical_Basic,351,author_request_only,author_request_only,
PMID:37837246,Biomedical_Basic,352,open_route_named_pending_listing,listing_unavailable,bioproject:PRJNA348390=listing_empty
PMID:37403411,Biomedical_Basic,353,no_lawful_text_retained,no_lawful_text_retained,
PMID:35844491,Biomedical_Basic,354,open_route_named_pending_listing,,proteomexchange:PXD025885=some_or_all_files_without_announced_size; geo:GSE178299=anonymous_listing_with_sizes_within_caps
PMID:33115562,Biomedical_Basic,355,no_lawful_text_retained,no_lawful_text_retained,
PMID:40886332,Biomedical_Basic,356,no_lawful_text_retained,no_lawful_text_retained,
PMID:32826873,Biomedical_Basic,357,open_route_named_pending_listing,,geo:GSE37382=anonymous_listing_with_sizes_within_caps
PMID:34990977,Biomedical_Basic,358,no_lawful_text_retained,no_lawful_text_retained,
PMID:41058461,Biomedical_Basic,359,no_lawful_text_retained,no_lawful_text_retained,
PMID:39107680,Biomedical_Basic,360,open_route_named_pending_listing,,bioproject:PRJNA973797=anonymous_listing_with_sizes_within_caps; bioproject:PRJNA973801=anonymous_listing_with_sizes_within_caps; bioproject:PRJNA973803=anonymous_listing_with_sizes_within_caps
PMID:34582865,Biomedical_Basic,361,no_lawful_text_retained,no_lawful_text_retained,
PMID:36271069,Biomedical_Basic,362,no_lawful_text_retained,no_lawful_text_retained,
PMID:33860125,Biomedical_Basic,363,no_deposit_named,no_deposit_named,
PMID:34216898,Biomedical_Basic,364,no_lawful_text_retained,no_lawful_text_retained,
PMID:34828261,Biomedical_Basic,365,no_deposit_named,no_deposit_named,
PMID:34865751,Biomedical_Basic,366,no_lawful_text_retained,no_lawful_text_retained,
PMID:33276531,Biomedical_Basic,367,no_deposit_named,no_deposit_named,
PMID:33377005,Biomedical_Basic,368,no_deposit_named,no_deposit_named,
PMID:32729912,Biomedical_Basic,369,no_deposit_named,no_deposit_named,
PMID:36460956,Biomedical_Basic,370,supplement_only_unverified,supplement_only_unverified,
PMID:32826896,Biomedical_Basic,371,open_route_named_pending_listing,,sra_study:SRP238570=anonymous_listing_with_sizes_within_caps
PMID:32986734,Biomedical_Basic,372,open_route_named_pending_listing,,geo:GSE116140=anonymous_listing_with_sizes_within_caps; geo:GSE84498=anonymous_listing_with_sizes_within_caps
PMID:39658178,Biomedical_Basic,373,no_lawful_text_retained,no_lawful_text_retained,
PMID:34604110,Biomedical_Basic,374,no_deposit_named,no_deposit_named,
PMID:36148981,Biomedical_Basic,375,application_required,application_required,
PMID:34494716,Biomedical_Basic,376,no_lawful_text_retained,no_lawful_text_retained,
PMID:38072950,Biomedical_Basic,377,open_route_named_pending_listing,above_cap,bioproject:PRJNA985640=announced_sizes_exceed_amendment_caps
PMID:39456808,Biomedical_Basic,378,author_request_only,author_request_only,
PMID:35708973,Biomedical_Basic,379,no_lawful_text_retained,no_lawful_text_retained,
PMID:32890766,Biomedical_Basic,380,no_lawful_text_retained,no_lawful_text_retained,
PMID:34465601,Biomedical_Basic,381,no_lawful_text_retained,no_lawful_text_retained,
PMID:37766346,Biomedical_Basic,382,code_only_deposit,code_only_deposit,
PMID:36161899,Biomedical_Basic,383,open_route_named_pending_listing,,dryad:kd58f=anonymous_listing_with_sizes_within_caps
PMID:34623416,Biomedical_Basic,384,no_deposit_named,no_deposit_named,
PMID:34406711,Biomedical_Basic,385,no_lawful_text_retained,no_lawful_text_retained,
PMID:35750914,Biomedical_Basic,386,no_lawful_text_retained,no_lawful_text_retained,
PMID:41252985,Biomedical_Basic,387,no_lawful_text_retained,no_lawful_text_retained,
PMID:35643464,Biomedical_Basic,388,supplement_only_unverified,supplement_only_unverified,
PMID:37488435,Biomedical_Basic,389,open_route_named_pending_listing,,geo:GSE152487=anonymous_listing_with_sizes_within_caps; geo:GSE208072=anonymous_listing_with_sizes_within_caps
PMID:33151080,Biomedical_Basic,390,no_lawful_text_retained,no_lawful_text_retained,
PMID:41181133,Biomedical_Basic,391,supplement_only_unverified,supplement_only_unverified,
PMID:34494880,Biomedical_Basic,392,open_route_named_pending_listing,above_cap,bioproject:PRJNA553191=announced_sizes_exceed_amendment_caps
PMID:34653590,Biomedical_Basic,393,no_lawful_text_retained,no_lawful_text_retained,
PMID:41291020,Biomedical_Basic,394,code_only_deposit,code_only_deposit,
PMID:32937957,Biomedical_Basic,395,no_deposit_named,no_deposit_named,
PMID:41257550,Biomedical_Basic,396,open_route_named_pending_listing,,zenodo:14073432=anonymous_listing_with_sizes_within_caps
PMID:33110091,Biomedical_Basic,397,open_route_named_pending_listing,,geo:GSE141877=anonymous_listing_with_sizes_within_caps
PMID:39707557,Biomedical_Basic,398,open_route_named_pending_listing,above_cap,bioproject:PRJEB73723=announced_sizes_exceed_amendment_caps
PMID:35635580,Biomedical_Basic,399,no_lawful_text_retained,no_lawful_text_retained,
PMID:33186545,Biomedical_Basic,400,author_request_only,author_request_only,
PMID:34489418,Biomedical_Basic,401,open_route_named_pending_listing,listing_unavailable,mendeley:6k3k4hcftt.1=listing_not_machine_readable
PMID:34387762,Biomedical_Basic,402,open_route_named_pending_listing,above_cap,bioproject:PRJNA723145=announced_sizes_exceed_amendment_caps
PMID:36380638,Biomedical_Basic,403,open_route_named_pending_listing,size_unannounced,osf:7nkw8=some_or_all_files_without_announced_size
PMID:39680906,Biomedical_Basic,404,code_only_deposit,code_only_deposit,
PMID:39315801,Biomedical_Basic,405,no_deposit_named,no_deposit_named,
PMID:41291109,Biomedical_Basic,406,open_route_named_pending_listing,,bioproject:PRJNA1169519=anonymous_listing_with_sizes_within_caps
PMID:34499595,Biomedical_Basic,407,no_lawful_text_retained,no_lawful_text_retained,
PMID:41472739,Biomedical_Basic,408,open_route_named_pending_listing,,bioproject:PRJNA1336462=anonymous_listing_with_sizes_within_caps
PMID:40890195,Biomedical_Basic,409,supplement_only_unverified,supplement_only_unverified,
PMID:37390786,Biomedical_Basic,410,author_request_only,author_request_only,
PMID:36418945,Biomedical_Basic,411,open_route_named_pending_listing,,zenodo:7181323=anonymous_listing_with_sizes_within_caps
PMID:35758868,Biomedical_Basic,412,no_lawful_text_retained,no_lawful_text_retained,
PMID:32878805,Biomedical_Basic,413,no_lawful_text_retained,no_lawful_text_retained,
PMID:34854820,Biomedical_Basic,414,no_lawful_text_retained,no_lawful_text_retained,
PMID:34784439,Biomedical_Basic,415,no_lawful_text_retained,no_lawful_text_retained,
PMID:33175525,Biomedical_Basic,416,no_lawful_text_retained,no_lawful_text_retained,
PMID:33071260,Biomedical_Basic,417,no_lawful_text_retained,no_lawful_text_retained,
PMID:32835484,Biomedical_Basic,418,no_lawful_text_retained,no_lawful_text_retained,
PMID:41039235,Biomedical_Basic,419,open_route_named_pending_listing,,bioproject:PRJNA1200795=anonymous_listing_with_sizes_within_caps
PMID:37390685,Biomedical_Basic,420,no_lawful_text_retained,no_lawful_text_retained,
PMID:39295254,Biomedical_Basic,421,no_lawful_text_retained,no_lawful_text_retained,
PMID:39662110,Biomedical_Basic,422,no_lawful_text_retained,no_lawful_text_retained,
PMID:36351892,Biomedical_Basic,423,supplement_only_unverified,supplement_only_unverified,
PMID:40965555,Biomedical_Basic,424,no_lawful_text_retained,no_lawful_text_retained,
PMID:34521345,Biomedical_Basic,425,supplement_only_unverified,supplement_only_unverified,
PMID:35786595,Biomedical_Basic,426,no_lawful_text_retained,no_lawful_text_retained,
PMID:39434519,Biomedical_Basic,427,no_lawful_text_retained,no_lawful_text_retained,
PMID:38083007,Biomedical_Basic,428,no_lawful_text_retained,no_lawful_text_retained,
PMID:41097057,Biomedical_Basic,429,supplement_only_unverified,supplement_only_unverified,
PMID:34614460,Biomedical_Basic,430,no_lawful_text_retained,no_lawful_text_retained,
PMID:39147739,Biomedical_Basic,431,supplement_only_unverified,supplement_only_unverified,
PMID:39488505,Biomedical_Basic,432,open_route_named_pending_listing,listing_unavailable,bioproject:PRJNA1034534=listing_empty
PMID:38230588,Biomedical_Basic,433,no_lawful_text_retained,no_lawful_text_retained,
PMID:33263869,Biomedical_Basic,434,no_lawful_text_retained,no_lawful_text_retained,
PMID:36447238,Biomedical_Basic,435,open_route_named_pending_listing,,bioproject:PRJNA819149=listing_empty; bioproject:PRJNA847748=anonymous_listing_with_sizes_within_caps
PMID:34315969,Biomedical_Basic,436,code_only_deposit,code_only_deposit,
PMID:37948940,Biomedical_Basic,437,no_lawful_text_retained,no_lawful_text_retained,
PMID:41024427,Biomedical_Basic,438,application_required,application_required,
PMID:37392732,Biomedical_Basic,439,no_lawful_text_retained,no_lawful_text_retained,
PMID:34514748,Biomedical_Basic,440,no_deposit_named,no_deposit_named,
PMID:39609799,Biomedical_Basic,441,open_route_named_pending_listing,,geo:GSE113439=anonymous_listing_with_sizes_within_caps
PMID:32919431,Biomedical_Basic,442,no_lawful_text_retained,no_lawful_text_retained,
PMID:37372954,Biomedical_Basic,443,open_route_named_pending_listing,listing_unavailable,mendeley:xpzrjyf935.1=listing_not_machine_readable
PMID:32705453,Biomedical_Basic,444,no_lawful_text_retained,no_lawful_text_retained,
PMID:32861330,Biomedical_Basic,445,no_lawful_text_retained,no_lawful_text_retained,
PMID:35728771,Biomedical_Basic,446,no_lawful_text_retained,no_lawful_text_retained,
PMID:36436149,Biomedical_Basic,447,no_lawful_text_retained,no_lawful_text_retained,
PMID:41288505,Biomedical_Basic,448,no_lawful_text_retained,no_lawful_text_retained,
PMID:36672846,Biomedical_Basic,449,open_route_named_pending_listing,,bioproject:PRJNA667485=anonymous_listing_with_sizes_within_caps
PMID:39383500,Biomedical_Basic,450,no_lawful_text_retained,no_lawful_text_retained,
PMID:37450158,Biomedical_Basic,451,no_lawful_text_retained,no_lawful_text_retained,
PMID:33993387,Biomedical_Basic,452,no_lawful_text_retained,no_lawful_text_retained,
PMID:37506702,Biomedical_Basic,453,no_lawful_text_retained,no_lawful_text_retained,
PMID:36357755,Biomedical_Basic,454,no_lawful_text_retained,no_lawful_text_retained,
PMID:34628633,Biomedical_Basic,455,no_lawful_text_retained,no_lawful_text_retained,
PMID:34455192,Biomedical_Basic,456,no_lawful_text_retained,no_lawful_text_retained,
PMID:41259924,Biomedical_Basic,457,no_lawful_text_retained,no_lawful_text_retained,
PMID:36411412,Biomedical_Basic,458,supplement_only_unverified,supplement_only_unverified,
PMID:34563205,Biomedical_Basic,459,author_request_only,author_request_only,
PMID:39631214,Biomedical_Basic,460,no_lawful_text_retained,no_lawful_text_retained,
PMID:39116729,Biomedical_Basic,461,no_lawful_text_retained,no_lawful_text_retained,
PMID:39103753,Biomedical_Basic,462,supplement_only_unverified,supplement_only_unverified,
PMID:36195609,Biomedical_Basic,463,code_only_deposit,code_only_deposit,
PMID:41177601,Biomedical_Basic,464,no_lawful_text_retained,no_lawful_text_retained,
PMID:34733798,Biomedical_Basic,465,open_route_named_pending_listing,size_unannounced,proteomexchange:PXD028236=some_or_all_files_without_announced_size
PMID:32999304,Biomedical_Basic,466,supplement_only_unverified,supplement_only_unverified,
PMID:32862590,Biomedical_Basic,467,no_lawful_text_retained,no_lawful_text_retained,
PMID:39543507,Biomedical_Basic,468,open_route_named_pending_listing,,bioproject:PRJNA1090555=anonymous_listing_with_sizes_within_caps
PMID:39375688,Biomedical_Basic,469,open_route_named_pending_listing,,geo:GSE247197=anonymous_listing_with_sizes_within_caps; geo:GSE227809=announced_sizes_exceed_amendment_caps; geo:GSE197674=announced_sizes_exceed_amendment_caps; geo:GSE148663=anonymous_listing_with_sizes_within_caps
PMID:41220585,Biomedical_Basic,470,open_route_named_pending_listing,,geo:GSE75010=anonymous_listing_with_sizes_within_caps
PMID:39304414,Biomedical_Basic,471,no_lawful_text_retained,no_lawful_text_retained,
PMID:32933739,Biomedical_Basic,472,no_lawful_text_retained,no_lawful_text_retained,
PMID:34392246,Biomedical_Basic,473,no_lawful_text_retained,no_lawful_text_retained,
PMID:41630710,Biomedical_Basic,474,no_deposit_named,no_deposit_named,
PMID:33346308,Biomedical_Basic,475,no_lawful_text_retained,no_lawful_text_retained,
PMID:39171645,Biomedical_Basic,476,no_lawful_text_retained,no_lawful_text_retained,
PMID:34547657,Biomedical_Basic,477,no_lawful_text_retained,no_lawful_text_retained,
PMID:34482627,Biomedical_Basic,478,no_lawful_text_retained,no_lawful_text_retained,
PMID:34665332,Biomedical_Basic,479,no_lawful_text_retained,no_lawful_text_retained,
PMID:35696725,Biomedical_Basic,480,no_lawful_text_retained,no_lawful_text_retained,
PMID:32699216,Biomedical_Basic,481,application_required,application_required,
PMID:39162340,Biomedical_Basic,482,no_deposit_named,no_deposit_named,
PMID:36058017,Biomedical_Basic,483,no_lawful_text_retained,no_lawful_text_retained,
PMID:41765557,Biomedical_Basic,484,no_lawful_text_retained,no_lawful_text_retained,
PMID:36085351,Biomedical_Basic,485,open_route_named_pending_listing,above_cap,bioproject:PRJNA669162=announced_sizes_exceed_amendment_caps
PMID:32800332,Biomedical_Basic,486,no_lawful_text_retained,no_lawful_text_retained,
PMID:33157207,Biomedical_Basic,487,no_lawful_text_retained,no_lawful_text_retained,
PMID:39309437,Biomedical_Basic,488,no_deposit_named,no_deposit_named,
PMID:41229114,Biomedical_Basic,489,no_deposit_named,no_deposit_named,
PMID:41175752,Biomedical_Basic,490,no_lawful_text_retained,no_lawful_text_retained,
PMID:37937465,Biomedical_Basic,491,no_lawful_text_retained,no_lawful_text_retained,
PMID:33274206,Biomedical_Basic,492,no_deposit_named,no_deposit_named,
PMID:36586025,Biomedical_Basic,493,no_lawful_text_retained,no_lawful_text_retained,
PMID:32779509,Biomedical_Basic,494,open_route_named_pending_listing,,geo:GSE129123=anonymous_listing_with_sizes_within_caps
PMID:33067927,Biomedical_Basic,495,author_request_only,author_request_only,
PMID:41172831,Biomedical_Basic,496,no_lawful_text_retained,no_lawful_text_retained,
PMID:35661002,Biomedical_Basic,497,no_lawful_text_retained,no_lawful_text_retained,
PMID:37224249,Biomedical_Basic,498,open_route_named_pending_listing,,dryad:gqnk98srt=anonymous_listing_with_sizes_within_caps
PMID:41191165,Biomedical_Basic,499,no_lawful_text_retained,no_lawful_text_retained,
PMID:40915917,Biomedical_Basic,500,open_route_named_pending_listing,,bioproject:PRJNA1112978=anonymous_listing_with_sizes_within_caps
PMID:32960038,Biomedical_Basic,501,no_lawful_text_retained,no_lawful_text_retained,
PMID:37178239,Biomedical_Basic,502,no_lawful_text_retained,no_lawful_text_retained,
PMID:41289905,Biomedical_Basic,503,no_lawful_text_retained,no_lawful_text_retained,
PMID:39382695,Biomedical_Basic,504,no_lawful_text_retained,no_lawful_text_retained,
PMID:34944104,Biomedical_Basic,505,author_request_only,author_request_only,
PMID:39358504,Biomedical_Basic,506,application_required,application_required,
PMID:34649359,Biomedical_Basic,507,no_lawful_text_retained,no_lawful_text_retained,
PMID:37651792,Biomedical_Basic,508,no_lawful_text_retained,no_lawful_text_retained,
PMID:37995885,Biomedical_Basic,509,no_lawful_text_retained,no_lawful_text_retained,
PMID:37338734,Biomedical_Basic,510,no_lawful_text_retained,no_lawful_text_retained,
PMID:40880261,Biomedical_Basic,511,no_deposit_named,no_deposit_named,
PMID:36085314,Biomedical_Basic,512,open_route_named_pending_listing,above_cap,bioproject:PRJNA769727=announced_sizes_exceed_amendment_caps
PMID:40914087,Biomedical_Basic,513,no_lawful_text_retained,no_lawful_text_retained,
PMID:38078944,Biomedical_Basic,514,no_lawful_text_retained,no_lawful_text_retained,
PMID:41313003,Biomedical_Basic,515,no_lawful_text_retained,no_lawful_text_retained,
PMID:39134269,Biomedical_Basic,516,no_lawful_text_retained,no_lawful_text_retained,
PMID:39217178,Biomedical_Basic,517,open_route_named_pending_listing,above_cap,zenodo:13342779=announced_sizes_exceed_amendment_caps
PMID:34232064,Biomedical_Basic,518,open_route_named_pending_listing,above_cap,bioproject:PRJNA708254=announced_sizes_exceed_amendment_caps
PMID:36156134,Biomedical_Basic,519,open_route_named_pending_listing,,bioproject:PRJNA851081=announced_sizes_exceed_amendment_caps; dryad:0618v=anonymous_listing_with_sizes_within_caps
PMID:34785105,Biomedical_Basic,520,no_lawful_text_retained,no_lawful_text_retained,
PMID:35722889,Biomedical_Basic,521,no_lawful_text_retained,no_lawful_text_retained,
PMID:36379346,Biomedical_Basic,522,no_lawful_text_retained,no_lawful_text_retained,
PMID:41294835,Biomedical_Basic,523,supplement_only_unverified,supplement_only_unverified,
PMID:37184412,Biomedical_Basic,524,open_route_named_pending_listing,above_cap,bioproject:PRJNA819951=announced_sizes_exceed_amendment_caps
PMID:37985755,Biomedical_Basic,525,open_route_named_pending_listing,,geo:GSE218538=announced_sizes_exceed_amendment_caps; geo:GSE139019=announced_sizes_exceed_amendment_caps; geo:GSE121903=announced_sizes_exceed_amendment_caps; geo:GSE67322=anonymous_listing_with_sizes_within_caps
PMID:39273197,Biomedical_Basic,526,code_only_deposit,code_only_deposit,
PMID:41711070,Biomedical_Basic,527,open_route_named_pending_listing,above_cap,bioproject:PRJEB66489=announced_sizes_exceed_amendment_caps; bioproject:PRJEB26919=announced_sizes_exceed_amendment_caps
PMID:34665769,Biomedical_Basic,528,no_lawful_text_retained,no_lawful_text_retained,
PMID:34730336,Biomedical_Basic,529,no_lawful_text_retained,no_lawful_text_retained,
PMID:37749167,Biomedical_Basic,530,application_required,application_required,
PMID:37903861,Biomedical_Basic,531,no_lawful_text_retained,no_lawful_text_retained,
PMID:41114575,Biomedical_Basic,532,open_route_named_pending_listing,,figshare:30356617=anonymous_listing_with_sizes_within_caps; bioproject:PRJNA992578=anonymous_listing_with_sizes_within_caps
PMID:39302992,Biomedical_Basic,533,code_only_deposit,code_only_deposit,
PMID:36479963,Biomedical_Basic,534,no_lawful_text_retained,no_lawful_text_retained,
PMID:37656377,Biomedical_Basic,535,open_route_named_pending_listing,size_unannounced,proteomexchange:PXD039102=some_or_all_files_without_announced_size
PMID:35904741,Biomedical_Basic,536,no_lawful_text_retained,no_lawful_text_retained,
PMID:35887231,Biomedical_Basic,537,author_request_only,author_request_only,
PMID:35786440,Biomedical_Basic,538,open_route_named_pending_listing,,bioproject:PRJNA551736=anonymous_listing_with_sizes_within_caps
PMID:39448028,Biomedical_Basic,539,no_lawful_text_retained,no_lawful_text_retained,
PMID:39192189,Biomedical_Basic,540,open_route_named_pending_listing,above_cap,bioproject:PRJNA1019942=announced_sizes_exceed_amendment_caps
PMID:35842114,Biomedical_Basic,541,no_lawful_text_retained,no_lawful_text_retained,
PMID:37489250,Biomedical_Basic,542,no_lawful_text_retained,no_lawful_text_retained,
PMID:34411352,Biomedical_Basic,543,no_lawful_text_retained,no_lawful_text_retained,
PMID:34973552,Biomedical_Basic,544,no_lawful_text_retained,no_lawful_text_retained,
PMID:39340903,Biomedical_Basic,545,no_lawful_text_retained,no_lawful_text_retained,
PMID:33387881,Biomedical_Basic,546,no_lawful_text_retained,no_lawful_text_retained,
PMID:33133099,Biomedical_Basic,547,no_deposit_named,no_deposit_named,
PMID:39738152,Biomedical_Basic,548,author_request_only,author_request_only,
PMID:41110421,Biomedical_Basic,549,no_lawful_text_retained,no_lawful_text_retained,
PMID:32961983,Biomedical_Basic,550,no_deposit_named,no_deposit_named,
PMID:39447098,Biomedical_Basic,551,no_deposit_named,no_deposit_named,
PMID:35710341,Biomedical_Basic,552,open_route_named_pending_listing,above_cap,bioproject:PRJNA779263=announced_sizes_exceed_amendment_caps
PMID:34502279,Biomedical_Basic,553,open_route_named_pending_listing,size_unannounced,proteomexchange:PXD027522=some_or_all_files_without_announced_size
PMID:39134841,Biomedical_Basic,554,no_lawful_text_retained,no_lawful_text_retained,
PMID:39240096,Biomedical_Basic,555,code_only_deposit,code_only_deposit,
PMID:39487276,Biomedical_Basic,556,no_lawful_text_retained,no_lawful_text_retained,
PMID:36371619,Biomedical_Basic,557,no_lawful_text_retained,no_lawful_text_retained,
PMID:33219310,Biomedical_Basic,558,supplement_only_unverified,supplement_only_unverified,
PMID:41294712,Biomedical_Basic,559,author_request_only,author_request_only,
PMID:36576619,Biomedical_Basic,560,no_lawful_text_retained,no_lawful_text_retained,
PMID:32895409,Biomedical_Basic,561,code_only_deposit,code_only_deposit,
PMID:39693144,Biomedical_Basic,562,no_deposit_named,no_deposit_named,
PMID:40885737,Biomedical_Basic,563,open_route_named_pending_listing,,bioproject:PRJEB84944=announced_sizes_exceed_amendment_caps; bioproject:PRJNA554596=anonymous_listing_with_sizes_within_caps
PMID:41196142,Biomedical_Basic,564,no_lawful_text_retained,no_lawful_text_retained,
PMID:40856757,Biomedical_Basic,565,no_lawful_text_retained,no_lawful_text_retained,
PMID:37530506,Biomedical_Basic,566,no_lawful_text_retained,no_lawful_text_retained,
PMID:33313948,Biomedical_Basic,567,no_lawful_text_retained,no_lawful_text_retained,
PMID:34504209,Biomedical_Basic,568,supplement_only_unverified,supplement_only_unverified,
PMID:33329590,Biomedical_Basic,569,open_route_named_pending_listing,,geo:GSE158395=anonymous_listing_with_sizes_within_caps
PMID:39349191,Biomedical_Basic,570,no_lawful_text_retained,no_lawful_text_retained,
PMID:34320560,Biomedical_Basic,571,no_lawful_text_retained,no_lawful_text_retained,
PMID:36151578,Biomedical_Basic,572,open_route_named_pending_listing,size_unannounced,proteomexchange:PXD029431=some_or_all_files_without_announced_size
PMID:39294129,Biomedical_Basic,573,open_route_named_pending_listing,above_cap,bioproject:PRJEB18722=announced_sizes_exceed_amendment_caps; bioproject:PRJEB67998=announced_sizes_exceed_amendment_caps
PMID:34911488,Biomedical_Basic,574,supplement_only_unverified,supplement_only_unverified,
PMID:38069155,Biomedical_Basic,575,no_deposit_named,no_deposit_named,
PMID:36494044,Biomedical_Basic,576,open_route_named_pending_listing,size_unannounced,proteomexchange:PXD033940=some_or_all_files_without_announced_size
PMID:37267495,Biomedical_Basic,577,no_lawful_text_retained,no_lawful_text_retained,
PMID:41379211,Biomedical_Basic,578,author_request_only,author_request_only,
PMID:38054284,Biomedical_Basic,579,no_lawful_text_retained,no_lawful_text_retained,
PMID:35950707,Biomedical_Basic,580,no_lawful_text_retained,no_lawful_text_retained,
PMID:37977398,Biomedical_Basic,581,no_lawful_text_retained,no_lawful_text_retained,
PMID:33174276,Biomedical_Basic,582,no_lawful_text_retained,no_lawful_text_retained,
PMID:39462976,Biomedical_Basic,583,no_lawful_text_retained,no_lawful_text_retained,
PMID:35682810,Biomedical_Basic,584,no_deposit_named,no_deposit_named,
PMID:37519267,Biomedical_Basic,585,application_required,application_required,
PMID:37955258,Biomedical_Basic,586,no_lawful_text_retained,no_lawful_text_retained,
PMID:34517040,Biomedical_Basic,587,no_lawful_text_retained,no_lawful_text_retained,
PMID:33159052,Biomedical_Basic,588,author_request_only,author_request_only,
PMID:34592054,Biomedical_Basic,589,no_lawful_text_retained,no_lawful_text_retained,
PMID:34461468,Biomedical_Basic,590,no_lawful_text_retained,no_lawful_text_retained,
PMID:32991410,Biomedical_Basic,591,open_route_named_pending_listing,,proteomexchange:PXD006464=some_or_all_files_without_announced_size; proteomexchange:PXD006463=some_or_all_files_without_announced_size; geo:GSE56815=anonymous_listing_with_sizes_within_caps; geo:GSE80614=anonymous_listing_with_sizes_within_caps
PMID:34736185,Biomedical_Basic,592,no_lawful_text_retained,no_lawful_text_retained,
PMID:34609625,Biomedical_Basic,593,no_lawful_text_retained,no_lawful_text_retained,
PMID:34253236,Biomedical_Basic,594,open_route_named_pending_listing,,geo:GSE14407=anonymous_listing_with_sizes_within_caps; geo:GSE29450=anonymous_listing_with_sizes_within_caps; geo:GSE54388=anonymous_listing_with_sizes_within_caps
PMID:34343947,Biomedical_Basic,595,no_lawful_text_retained,no_lawful_text_retained,
PMID:34487267,Biomedical_Basic,596,code_only_deposit,code_only_deposit,
PMID:33045818,Biomedical_Basic,597,no_lawful_text_retained,no_lawful_text_retained,
PMID:34225488,Biomedical_Basic,598,open_route_named_pending_listing,,bioproject:PRJNA593773=listing_empty; bioproject:PRJDB6002=listing_empty; bioproject:PRJEB39218=anonymous_listing_with_sizes_within_caps; bioproject:PRJNA693523=listing_empty
PMID:39587561,Biomedical_Basic,599,code_only_deposit,code_only_deposit,
PMID:37183394,Biomedical_Basic,600,author_request_only,author_request_only,
PMID:35737029,Biomedical_Basic,601,author_request_only,author_request_only,
PMID:37285454,Biomedical_Basic,602,no_deposit_named,no_deposit_named,
PMID:39167856,Biomedical_Basic,603,no_lawful_text_retained,no_lawful_text_retained,
PMID:41516169,Biomedical_Basic,604,supplement_only_unverified,supplement_only_unverified,
PMID:34706703,Biomedical_Basic,605,author_request_only,author_request_only,
PMID:36260070,Biomedical_Basic,606,no_lawful_text_retained,no_lawful_text_retained,
PMID:37688483,Biomedical_Basic,607,no_lawful_text_retained,no_lawful_text_retained,
PMID:39496952,Biomedical_Basic,608,open_route_named_pending_listing,,bioproject:PRJNA898865=anonymous_listing_with_sizes_within_caps
PMID:33170893,Biomedical_Basic,609,open_route_named_pending_listing,size_unannounced,proteomexchange:PXD003151=some_or_all_files_without_announced_size; zenodo:4067104=announced_sizes_exceed_amendment_caps
PMID:33152571,Biomedical_Basic,610,no_lawful_text_retained,no_lawful_text_retained,
PMID:40981416,Biomedical_Basic,611,open_route_named_pending_listing,,bioproject:PRJNA1285074=anonymous_listing_with_sizes_within_caps
PMID:34960742,Biomedical_Basic,612,no_deposit_named,no_deposit_named,
PMID:35682709,Biomedical_Basic,613,author_request_only,author_request_only,
PMID:35700877,Biomedical_Basic,614,no_lawful_text_retained,no_lawful_text_retained,
PMID:35945313,Biomedical_Basic,615,no_lawful_text_retained,no_lawful_text_retained,
PMID:39194201,Biomedical_Basic,616,open_route_named_pending_listing,listing_unavailable,bioproject:PRJNA1000289=listing_empty
PMID:35082795,Biomedical_Basic,617,open_route_named_pending_listing,size_unannounced,proteomexchange:PXD010520=some_or_all_files_without_announced_size
PMID:34620213,Biomedical_Basic,618,author_request_only,author_request_only,
PMID:41235726,Biomedical_Basic,619,no_deposit_named,no_deposit_named,
PMID:40852946,Biomedical_Basic,620,no_lawful_text_retained,no_lawful_text_retained,
PMID:37630216,Biomedical_Basic,621,author_request_only,author_request_only,
PMID:39515609,Biomedical_Basic,622,no_lawful_text_retained,no_lawful_text_retained,
PMID:39510969,Biomedical_Basic,623,open_route_named_pending_listing,,bioproject:PRJNA1118090=anonymous_listing_with_sizes_within_caps
PMID:39255575,Biomedical_Basic,624,no_lawful_text_retained,no_lawful_text_retained,
PMID:41402654,Biomedical_Basic,625,no_lawful_text_retained,no_lawful_text_retained,
PMID:35816682,Biomedical_Basic,626,application_required,application_required,
PMID:39388028,Biomedical_Basic,627,no_lawful_text_retained,no_lawful_text_retained,
PMID:36112031,Biomedical_Basic,628,no_lawful_text_retained,no_lawful_text_retained,
PMID:33244791,Biomedical_Basic,629,no_lawful_text_retained,no_lawful_text_retained,
PMID:33063864,Biomedical_Basic,630,no_lawful_text_retained,no_lawful_text_retained,
PMID:39253758,Biomedical_Basic,631,no_deposit_named,no_deposit_named,
PMID:40889189,Biomedical_Basic,632,no_lawful_text_retained,no_lawful_text_retained,
PMID:35820335,Biomedical_Basic,633,no_lawful_text_retained,no_lawful_text_retained,
PMID:39408680,Biomedical_Basic,634,supplement_only_unverified,supplement_only_unverified,
PMID:33460249,Biomedical_Basic,635,no_lawful_text_retained,no_lawful_text_retained,
PMID:37642383,Biomedical_Basic,636,no_lawful_text_retained,no_lawful_text_retained,
PMID:34952012,Biomedical_Basic,637,no_lawful_text_retained,no_lawful_text_retained,
PMID:33064475,Biomedical_Basic,638,no_lawful_text_retained,no_lawful_text_retained,
PMID:39548315,Biomedical_Basic,639,supplement_only_unverified,supplement_only_unverified,
PMID:39253328,Biomedical_Basic,640,open_route_named_pending_listing,,bioproject:PRJEB72431=anonymous_listing_with_sizes_within_caps
PMID:39658149,Biomedical_Basic,641,no_lawful_text_retained,no_lawful_text_retained,
PMID:35871176,Biomedical_Basic,642,no_lawful_text_retained,no_lawful_text_retained,
PMID:33301708,Biomedical_Basic,643,no_lawful_text_retained,no_lawful_text_retained,
PMID:41385108,Biomedical_Basic,644,no_lawful_text_retained,no_lawful_text_retained,
PMID:34297924,Biomedical_Basic,645,open_route_named_pending_listing,,sra_study:ERP117375=anonymous_listing_with_sizes_within_caps; proteomexchange:PXD003910=some_or_all_files_without_announced_size
PMID:39181428,Biomedical_Basic,646,no_lawful_text_retained,no_lawful_text_retained,
PMID:39508834,Biomedical_Basic,647,no_lawful_text_retained,no_lawful_text_retained,
PMID:41147883,Biomedical_Basic,648,open_route_named_pending_listing,size_unannounced,proteomexchange:PXD041414=some_or_all_files_without_announced_size
PMID:39351370,Biomedical_Basic,649,no_deposit_named,no_deposit_named,
PMID:34938294,Biomedical_Basic,650,no_deposit_named,no_deposit_named,
PMID:39644893,Biomedical_Basic,651,no_lawful_text_retained,no_lawful_text_retained,
PMID:34292722,Biomedical_Basic,652,no_lawful_text_retained,no_lawful_text_retained,
PMID:41427464,Biomedical_Basic,653,no_lawful_text_retained,no_lawful_text_retained,
PMID:41483518,Biomedical_Basic,654,no_lawful_text_retained,no_lawful_text_retained,
PMID:36362290,Biomedical_Basic,655,no_deposit_named,no_deposit_named,
PMID:37634413,Biomedical_Basic,656,no_lawful_text_retained,no_lawful_text_retained,
PMID:36396029,Biomedical_Basic,657,no_lawful_text_retained,no_lawful_text_retained,
PMID:33184061,Biomedical_Basic,658,no_deposit_named,no_deposit_named,
PMID:36063461,Biomedical_Basic,659,no_lawful_text_retained,no_lawful_text_retained,
PMID:37384523,Biomedical_Basic,660,open_route_named_pending_listing,size_unannounced,proteomexchange:PXD035764=some_or_all_files_without_announced_size
PMID:35729699,Biomedical_Basic,661,no_lawful_text_retained,no_lawful_text_retained,
PMID:37455890,Biomedical_Basic,662,no_deposit_named,no_deposit_named,
PMID:41146029,Biomedical_Basic,663,supplement_only_unverified,supplement_only_unverified,
PMID:37610350,Biomedical_Basic,664,code_only_deposit,code_only_deposit,
PMID:35589736,Biomedical_Basic,665,author_request_only,author_request_only,
PMID:37739553,Biomedical_Basic,666,no_lawful_text_retained,no_lawful_text_retained,
PMID:39526456,Biomedical_Basic,667,no_lawful_text_retained,no_lawful_text_retained,
PMID:39733686,Biomedical_Basic,668,no_lawful_text_retained,no_lawful_text_retained,
PMID:33073517,Biomedical_Basic,669,open_route_named_pending_listing,,figshare:8061398=anonymous_listing_with_sizes_within_caps; figshare:9201770=anonymous_listing_with_sizes_within_caps; zenodo:3509134=every_listed_file_is_implementation_material; zenodo:883859=every_listed_file_is_implementation_material
PMID:41274434,Biomedical_Basic,670,no_lawful_text_retained,no_lawful_text_retained,
PMID:32859896,Biomedical_Basic,671,open_route_named_pending_listing,code_only_deposit,zenodo:3923781=every_listed_file_is_implementation_material; proteomexchange:PXD020399=listing_empty
PMID:39521974,Biomedical_Basic,672,code_only_deposit,code_only_deposit,
PMID:41250298,Biomedical_Basic,673,no_lawful_text_retained,no_lawful_text_retained,
PMID:37466837,Biomedical_Basic,674,no_lawful_text_retained,no_lawful_text_retained,
PMID:35940746,Biomedical_Basic,675,no_lawful_text_retained,no_lawful_text_retained,
PMID:35803194,Biomedical_Basic,676,no_lawful_text_retained,no_lawful_text_retained,
PMID:41606906,Biomedical_Basic,677,no_lawful_text_retained,no_lawful_text_retained,
PMID:39671925,Biomedical_Basic,678,no_lawful_text_retained,no_lawful_text_retained,
PMID:32900998,Biomedical_Basic,679,author_request_only,author_request_only,
PMID:36012165,Biomedical_Basic,680,no_deposit_named,no_deposit_named,
PMID:41413441,Biomedical_Basic,681,open_route_named_pending_listing,above_cap,bioproject:PRJNA385349=announced_sizes_exceed_amendment_caps; bioproject:PRJNA725510=announced_sizes_exceed_amendment_caps; bioproject:PRJNA607233=announced_sizes_exceed_amendment_caps; zenodo:13772087=every_listed_file_is_implementation_material
PMID:33125128,Biomedical_Basic,682,author_request_only,author_request_only,
PMID:38012121,Biomedical_Basic,683,open_route_named_pending_listing,above_cap,bioproject:PRJNA1045646=announced_sizes_exceed_amendment_caps
PMID:33062708,Biomedical_Basic,684,author_request_only,author_request_only,
PMID:34236285,Biomedical_Basic,685,no_lawful_text_retained,no_lawful_text_retained,
PMID:37635357,Biomedical_Basic,686,open_route_named_pending_listing,above_cap,sra_study:ERP008729=announced_sizes_exceed_amendment_caps; sra_study:ERP005534=announced_sizes_exceed_amendment_caps; sra_study:SRP136711=announced_sizes_exceed_amendment_caps; sra_study:SRP108915=announced_sizes_exceed_amendment_caps
PMID:33075590,Biomedical_Basic,687,no_lawful_text_retained,no_lawful_text_retained,
PMID:35946987,Biomedical_Basic,688,open_route_named_pending_listing,,dryad:0vm37=anonymous_listing_with_sizes_within_caps; dryad:ht76hdrdr=anonymous_listing_with_sizes_within_caps
PMID:41022187,Biomedical_Basic,689,no_lawful_text_retained,no_lawful_text_retained,
PMID:34499122,Biomedical_Basic,690,open_route_named_pending_listing,above_cap,figshare:16622302=announced_sizes_exceed_amendment_caps; bioproject:PRJEB45715=announced_sizes_exceed_amendment_caps; zenodo:3552717=every_listed_file_is_implementation_material
PMID:38139040,Biomedical_Basic,691,author_request_only,author_request_only,
PMID:36282710,Biomedical_Basic,692,no_lawful_text_retained,no_lawful_text_retained,
PMID:37392608,Biomedical_Basic,693,no_lawful_text_retained,no_lawful_text_retained,
PMID:39249528,Biomedical_Basic,694,no_lawful_text_retained,no_lawful_text_retained,
PMID:41057920,Biomedical_Basic,695,author_request_only,author_request_only,
PMID:36493839,Biomedical_Basic,696,no_lawful_text_retained,no_lawful_text_retained,
PMID:36192927,Biomedical_Basic,697,no_lawful_text_retained,no_lawful_text_retained,
PMID:41006295,Biomedical_Basic,698,open_route_named_pending_listing,,figshare:28684586=anonymous_listing_with_sizes_within_caps
PMID:35680998,Biomedical_Basic,699,open_route_named_pending_listing,size_unannounced,proteomexchange:PXD031991=some_or_all_files_without_announced_size
PMID:40825266,Biomedical_Basic,700,no_lawful_text_retained,no_lawful_text_retained,
PMID:37289833,Biomedical_Basic,701,open_route_named_pending_listing,,bioproject:PRJNA934312=anonymous_listing_with_sizes_within_caps; proteomexchange:PXD040077=listing_empty
PMID:39197488,Biomedical_Basic,702,no_lawful_text_retained,no_lawful_text_retained,
PMID:33111502,Biomedical_Basic,703,author_request_only,author_request_only,
PMID:34568907,Biomedical_Basic,704,no_lawful_text_retained,no_lawful_text_retained,
PMID:37561662,Biomedical_Basic,705,no_deposit_named,no_deposit_named,
PMID:39508856,Biomedical_Basic,706,no_lawful_text_retained,no_lawful_text_retained,
PMID:37540190,Biomedical_Basic,707,no_lawful_text_retained,no_lawful_text_retained,
PMID:39684853,Biomedical_Basic,708,author_request_only,author_request_only,
PMID:39333064,Biomedical_Basic,709,open_route_named_pending_listing,,mendeley:v8tx42gchw.1=listing_not_machine_readable; mendeley:4kb39tg8gj.1=listing_not_machine_readable; geo:GSE271034=anonymous_listing_with_sizes_within_caps
PMID:34576026,Biomedical_Basic,710,code_only_deposit,code_only_deposit,
PMID:35854244,Biomedical_Basic,711,supplement_only_unverified,supplement_only_unverified,
PMID:33159499,Biomedical_Basic,712,no_deposit_named,no_deposit_named,
PMID:34219465,Biomedical_Basic,713,author_request_only,author_request_only,
PMID:39396989,Biomedical_Basic,714,supplement_only_unverified,supplement_only_unverified,
PMID:39628107,Biomedical_Basic,715,no_lawful_text_retained,no_lawful_text_retained,
PMID:34495251,Biomedical_Basic,716,open_route_named_pending_listing,,geo:GSE47472=anonymous_listing_with_sizes_within_caps; geo:GSE57691=anonymous_listing_with_sizes_within_caps; geo:GSE98278=anonymous_listing_with_sizes_within_caps
PMID:41389525,Biomedical_Basic,717,no_lawful_text_retained,no_lawful_text_retained,
PMID:34302022,Biomedical_Basic,718,supplement_only_unverified,supplement_only_unverified,
PMID:37433854,Biomedical_Basic,719,code_only_deposit,code_only_deposit,
PMID:35941225,Biomedical_Basic,720,author_request_only,author_request_only,
PMID:38140550,Biomedical_Basic,721,author_request_only,author_request_only,
PMID:37656782,Biomedical_Basic,722,open_route_named_pending_listing,,zenodo:8066019=anonymous_listing_with_sizes_within_caps; zenodo:3946761=every_listed_file_is_implementation_material
PMID:37338363,Biomedical_Basic,723,no_lawful_text_retained,no_lawful_text_retained,
PMID:40846064,Biomedical_Basic,724,no_lawful_text_retained,no_lawful_text_retained,
PMID:41106390,Biomedical_Basic,725,no_lawful_text_retained,no_lawful_text_retained,
PMID:41565413,Biomedical_Basic,726,no_lawful_text_retained,no_lawful_text_retained,
PMID:37198710,Biomedical_Basic,727,author_request_only,author_request_only,
PMID:34326416,Biomedical_Basic,728,open_route_named_pending_listing,,geo:GSE162378=anonymous_listing_with_sizes_within_caps
PMID:33085553,Biomedical_Basic,729,no_lawful_text_retained,no_lawful_text_retained,
PMID:33141993,Biomedical_Basic,730,no_deposit_named,no_deposit_named,
PMID:36018058,Biomedical_Basic,731,no_lawful_text_retained,no_lawful_text_retained,
PMID:35691368,Biomedical_Basic,732,no_lawful_text_retained,no_lawful_text_retained,
PMID:33065065,Biomedical_Basic,733,no_lawful_text_retained,no_lawful_text_retained,
PMID:41340070,Biomedical_Basic,734,open_route_named_pending_listing,above_cap,bioproject:PRJNA1228129=announced_sizes_exceed_amendment_caps
PMID:39642719,Biomedical_Basic,735,no_lawful_text_retained,no_lawful_text_retained,
PMID:41427967,Biomedical_Basic,736,no_lawful_text_retained,no_lawful_text_retained,
PMID:37938573,Biomedical_Basic,737,open_route_named_pending_listing,,geo:GSE235110=anonymous_listing_with_sizes_within_caps
PMID:40980071,Biomedical_Basic,738,no_deposit_named,no_deposit_named,
PMID:33246734,Biomedical_Basic,739,no_lawful_text_retained,no_lawful_text_retained,
PMID:33094436,Biomedical_Basic,740,no_lawful_text_retained,no_lawful_text_retained,
PMID:39151590,Biomedical_Basic,741,open_route_named_pending_listing,,zenodo:13692575=anonymous_listing_with_sizes_within_caps; zenodo:13692579=anonymous_listing_with_sizes_within_caps; zenodo:13692581=anonymous_listing_with_sizes_within_caps
PMID:32795614,Biomedical_Basic,742,no_lawful_text_retained,no_lawful_text_retained,
PMID:34965192,Biomedical_Basic,743,no_deposit_named,no_deposit_named,
PMID:35781565,Biomedical_Basic,744,no_lawful_text_retained,no_lawful_text_retained,
PMID:32778846,Biomedical_Basic,745,author_request_only,author_request_only,
PMID:41039197,Biomedical_Basic,746,open_route_named_pending_listing,listing_unavailable,bioproject:PRJNA1220712=listing_empty; bioproject:PRJNA1222869=listing_empty
PMID:35762018,Biomedical_Basic,747,open_route_named_pending_listing,,bioproject:PRJNA774916=anonymous_listing_with_sizes_within_caps
PMID:38099742,Biomedical_Basic,748,no_lawful_text_retained,no_lawful_text_retained,
PMID:38043111,Biomedical_Basic,749,no_lawful_text_retained,no_lawful_text_retained,
PMID:37987595,Biomedical_Basic,750,no_deposit_named,no_deposit_named,
PMID:41207581,Biomedical_Basic,751,no_lawful_text_retained,no_lawful_text_retained,
PMID:34556002,Biomedical_Basic,752,no_lawful_text_retained,no_lawful_text_retained,
PMID:39153965,Biomedical_Basic,753,no_lawful_text_retained,no_lawful_text_retained,
PMID:41352733,Biomedical_Basic,754,no_lawful_text_retained,no_lawful_text_retained,
PMID:37437501,Biomedical_Basic,755,no_lawful_text_retained,no_lawful_text_retained,
PMID:36430297,Biomedical_Basic,756,author_request_only,author_request_only,
PMID:32743952,Biomedical_Basic,757,no_deposit_named,no_deposit_named,
PMID:35682969,Biomedical_Basic,758,author_request_only,author_request_only,
PMID:39477523,Biomedical_Basic,759,no_lawful_text_retained,no_lawful_text_retained,
PMID:41318499,Biomedical_Basic,760,supplement_only_unverified,supplement_only_unverified,
PMID:39393894,Biomedical_Basic,761,no_lawful_text_retained,no_lawful_text_retained,
PMID:41005500,Biomedical_Basic,762,no_lawful_text_retained,no_lawful_text_retained,
PMID:40818331,Biomedical_Basic,763,no_lawful_text_retained,no_lawful_text_retained,
PMID:34323116,Biomedical_Basic,764,no_lawful_text_retained,no_lawful_text_retained,
PMID:41118575,Biomedical_Basic,765,open_route_named_pending_listing,,zenodo:16573651=anonymous_listing_with_sizes_within_caps; zenodo:10463781=every_listed_file_is_implementation_material
PMID:36466921,Biomedical_Basic,766,no_deposit_named,no_deposit_named,
PMID:39689118,Biomedical_Basic,767,no_deposit_named,no_deposit_named,
PMID:40987008,Biomedical_Basic,768,no_lawful_text_retained,no_lawful_text_retained,
PMID:34346804,Biomedical_Basic,769,no_lawful_text_retained,no_lawful_text_retained,
PMID:33045522,Biomedical_Basic,770,no_lawful_text_retained,no_lawful_text_retained,
PMID:34570796,Biomedical_Basic,771,open_route_named_pending_listing,above_cap,zenodo:4900103=announced_sizes_exceed_amendment_caps
PMID:34478996,Biomedical_Basic,772,no_lawful_text_retained,no_lawful_text_retained,
PMID:34393665,Biomedical_Basic,773,open_route_named_pending_listing,,geo:GSE32707=anonymous_listing_with_sizes_within_caps; geo:GSE66890=anonymous_listing_with_sizes_within_caps
PMID:34504011,Biomedical_Basic,774,open_route_named_pending_listing,above_cap,figshare:7504448=announced_sizes_exceed_amendment_caps
PMID:40966987,Biomedical_Basic,775,no_lawful_text_retained,no_lawful_text_retained,
PMID:37856423,Biomedical_Basic,776,open_route_named_pending_listing,,geo:GSE227380=anonymous_listing_with_sizes_within_caps
PMID:41361340,Biomedical_Basic,777,open_route_named_pending_listing,,geo:GSE289973=anonymous_listing_with_sizes_within_caps
PMID:37385564,Biomedical_Basic,778,no_lawful_text_retained,no_lawful_text_retained,
PMID:35981422,Biomedical_Basic,779,no_lawful_text_retained,no_lawful_text_retained,
PMID:40915445,Biomedical_Basic,780,no_lawful_text_retained,no_lawful_text_retained,
PMID:41030230,Biomedical_Basic,781,no_deposit_named,no_deposit_named,
PMID:36562907,Biomedical_Basic,782,no_lawful_text_retained,no_lawful_text_retained,
PMID:39375389,Biomedical_Basic,783,open_route_named_pending_listing,,zenodo:7945317=every_listed_file_is_implementation_material; zenodo:7159104=anonymous_listing_with_sizes_within_caps; zenodo:7901509=every_listed_file_is_implementation_material
PMID:39293097,Biomedical_Basic,784,no_lawful_text_retained,no_lawful_text_retained,
PMID:33070277,Biomedical_Basic,785,no_lawful_text_retained,no_lawful_text_retained,
PMID:34627100,Biomedical_Basic,786,no_lawful_text_retained,no_lawful_text_retained,
PMID:39665210,Biomedical_Basic,787,no_lawful_text_retained,no_lawful_text_retained,
PMID:41305902,Biomedical_Basic,788,no_lawful_text_retained,no_lawful_text_retained,
PMID:34322779,Biomedical_Basic,789,no_lawful_text_retained,no_lawful_text_retained,
PMID:38163704,Biomedical_Basic,790,no_lawful_text_retained,no_lawful_text_retained,
PMID:41007466,Biomedical_Basic,791,no_deposit_named,no_deposit_named,
PMID:33373367,Biomedical_Basic,792,no_deposit_named,no_deposit_named,
PMID:37708410,Biomedical_Basic,793,open_route_named_pending_listing,above_cap,bioproject:PRJNA701932=announced_sizes_exceed_amendment_caps; bioproject:PRJNA41721=announced_sizes_exceed_amendment_caps; bioproject:PRJNA462974=announced_sizes_exceed_amendment_caps; bioproject:PRJNA557092=announced_sizes_exceed_amendment_caps
PMID:34440808,Biomedical_Basic,794,author_request_only,author_request_only,
PMID:34971425,Biomedical_Basic,795,no_lawful_text_retained,no_lawful_text_retained,
PMID:38254949,Biomedical_Basic,796,no_deposit_named,no_deposit_named,
PMID:37212325,Biomedical_Basic,797,no_lawful_text_retained,no_lawful_text_retained,
PMID:39738052,Biomedical_Basic,798,open_route_named_pending_listing,code_only_deposit,zenodo:14015946=every_listed_file_is_implementation_material
PMID:32805600,Biomedical_Basic,799,no_lawful_text_retained,no_lawful_text_retained,
PMID:37798226,Biomedical_Basic,800,no_lawful_text_retained,no_lawful_text_retained,
PMID:32997571,Biomedical_Basic,801,no_deposit_named,no_deposit_named,
PMID:34599216,Biomedical_Basic,802,supplement_only_unverified,supplement_only_unverified,
PMID:41091855,Biomedical_Basic,803,open_route_named_pending_listing,,zenodo:17186083=anonymous_listing_with_sizes_within_caps
PMID:41062477,Biomedical_Basic,804,open_route_named_pending_listing,,geo:GSE10645=anonymous_listing_with_sizes_within_caps; geo:GSE62872=anonymous_listing_with_sizes_within_caps; geo:GSE35988=announced_sizes_exceed_amendment_caps; geo:GSE21034=announced_sizes_exceed_amendment_caps
PMID:34962914,Biomedical_Basic,805,application_required,application_required,
PMID:41087982,Biomedical_Basic,806,supplement_only_unverified,supplement_only_unverified,
PMID:35816303,Biomedical_Basic,807,no_deposit_named,no_deposit_named,
PMID:32785106,Biomedical_Basic,808,open_route_named_pending_listing,,geo:GSE30999=anonymous_listing_with_sizes_within_caps
PMID:37432907,Biomedical_Basic,809,author_request_only,author_request_only,
PMID:37833630,Biomedical_Basic,810,open_route_named_pending_listing,above_cap,geo:GSE116862=announced_sizes_exceed_amendment_caps
PMID:33196647,Biomedical_Basic,811,open_route_named_pending_listing,,bioproject:PRJNA548902=anonymous_listing_with_sizes_within_caps; bioproject:PRJNA640410=anonymous_listing_with_sizes_within_caps
PMID:32997656,Biomedical_Basic,812,open_route_named_pending_listing,,bioproject:PRJEB32796=anonymous_listing_with_sizes_within_caps
PMID:39428081,Biomedical_Basic,813,no_lawful_text_retained,no_lawful_text_retained,
PMID:32891189,Biomedical_Basic,814,no_lawful_text_retained,no_lawful_text_retained,
PMID:34492580,Biomedical_Basic,815,no_lawful_text_retained,no_lawful_text_retained,
PMID:37208161,Biomedical_Basic,816,code_only_deposit,code_only_deposit,
PMID:34681790,Biomedical_Basic,817,no_deposit_named,no_deposit_named,
PMID:37216686,Biomedical_Basic,818,no_lawful_text_retained,no_lawful_text_retained,
PMID:35793420,Biomedical_Basic,819,no_lawful_text_retained,no_lawful_text_retained,
PMID:33269869,Biomedical_Basic,820,no_lawful_text_retained,no_lawful_text_retained,
PMID:34758862,Biomedical_Basic,821,open_route_named_pending_listing,,figshare:14744397=anonymous_listing_with_sizes_within_caps
PMID:39243610,Biomedical_Basic,822,no_lawful_text_retained,no_lawful_text_retained,
PMID:39187527,Biomedical_Basic,823,supplement_only_unverified,supplement_only_unverified,
PMID:36355986,Biomedical_Basic,824,open_route_named_pending_listing,,figshare:19397903=anonymous_listing_with_sizes_within_caps; figshare:19397852=anonymous_listing_with_sizes_within_caps; figshare:19447583=anonymous_listing_with_sizes_within_caps
PMID:37513379,Biomedical_Basic,825,no_deposit_named,no_deposit_named,
PMID:35938508,Biomedical_Basic,826,no_deposit_named,no_deposit_named,
PMID:36208327,Biomedical_Basic,827,no_lawful_text_retained,no_lawful_text_retained,
PMID:33089610,Biomedical_Basic,828,no_lawful_text_retained,no_lawful_text_retained,
PMID:40858755,Biomedical_Basic,829,no_lawful_text_retained,no_lawful_text_retained,
PMID:32785571,Biomedical_Basic,830,code_only_deposit,code_only_deposit,
PMID:33104298,Biomedical_Basic,831,no_lawful_text_retained,no_lawful_text_retained,
PMID:37678537,Biomedical_Basic,832,no_lawful_text_retained,no_lawful_text_retained,
PMID:34930176,Biomedical_Basic,833,author_request_only,author_request_only,
PMID:39435574,Biomedical_Basic,834,open_route_named_pending_listing,above_cap,bioproject:PRJNA1036389=announced_sizes_exceed_amendment_caps
PMID:40845656,Biomedical_Basic,835,no_lawful_text_retained,no_lawful_text_retained,
PMID:39420319,Biomedical_Basic,836,author_request_only,author_request_only,
PMID:34649602,Biomedical_Basic,837,open_route_named_pending_listing,above_cap,bioproject:PRJNA648801=announced_sizes_exceed_amendment_caps; bioproject:PRJNA432264=announced_sizes_exceed_amendment_caps
PMID:36086833,Biomedical_Basic,838,no_deposit_named,no_deposit_named,
PMID:39400215,Biomedical_Basic,839,no_lawful_text_retained,no_lawful_text_retained,
PMID:38071219,Biomedical_Basic,840,open_route_named_pending_listing,,geo:GSE7562=anonymous_listing_with_sizes_within_caps; geo:GSE18560=anonymous_listing_with_sizes_within_caps; zenodo:10054944=anonymous_listing_with_sizes_within_caps
PMID:34606872,Biomedical_Basic,841,no_lawful_text_retained,no_lawful_text_retained,
PMID:39860974,Biomedical_Basic,842,supplement_only_unverified,supplement_only_unverified,
PMID:35049079,Biomedical_Basic,843,no_lawful_text_retained,no_lawful_text_retained,
PMID:33122357,Biomedical_Basic,844,no_lawful_text_retained,no_lawful_text_retained,
PMID:40915621,Biomedical_Basic,845,no_lawful_text_retained,no_lawful_text_retained,
PMID:34795435,Biomedical_Basic,846,no_lawful_text_retained,no_lawful_text_retained,
PMID:39422470,Biomedical_Basic,847,open_route_named_pending_listing,,bioproject:PRJNA1162636=anonymous_listing_with_sizes_within_caps
PMID:35614132,Biomedical_Basic,848,no_lawful_text_retained,no_lawful_text_retained,
PMID:34815394,Biomedical_Basic,849,open_route_named_pending_listing,,geo:GSE90805=anonymous_listing_with_sizes_within_caps; geo:GSE49711=anonymous_listing_with_sizes_within_caps
PMID:34738820,Biomedical_Basic,850,no_lawful_text_retained,no_lawful_text_retained,
PMID:41138419,Biomedical_Basic,851,no_lawful_text_retained,no_lawful_text_retained,
PMID:37371559,Biomedical_Basic,852,open_route_named_pending_listing,listing_unavailable,proteomexchange:PXD038681=listing_empty
PMID:41344766,Biomedical_Basic,853,no_lawful_text_retained,no_lawful_text_retained,
PMID:37890443,Biomedical_Basic,854,no_lawful_text_retained,no_lawful_text_retained,
PMID:41274433,Biomedical_Basic,855,no_lawful_text_retained,no_lawful_text_retained,
PMID:39663893,Biomedical_Basic,856,no_lawful_text_retained,no_lawful_text_retained,
PMID:37688549,Biomedical_Basic,857,no_lawful_text_retained,no_lawful_text_retained,
PMID:32719396,Biomedical_Basic,858,no_lawful_text_retained,no_lawful_text_retained,
PMID:37557900,Biomedical_Basic,859,no_lawful_text_retained,no_lawful_text_retained,
PMID:36293207,Biomedical_Basic,860,no_deposit_named,no_deposit_named,
PMID:33267971,Biomedical_Basic,861,no_lawful_text_retained,no_lawful_text_retained,
PMID:34581420,Biomedical_Basic,862,open_route_named_pending_listing,,geo:GSE137840=anonymous_listing_with_sizes_within_caps
PMID:35869387,Biomedical_Basic,863,open_route_named_pending_listing,,bioproject:PRJNA299538=anonymous_listing_with_sizes_within_caps; bioproject:PRJNA806399=anonymous_listing_with_sizes_within_caps
PMID:34329989,Biomedical_Basic,864,no_deposit_named,no_deposit_named,
PMID:37310220,Biomedical_Basic,865,open_route_named_pending_listing,above_cap,bioproject:PRJNA917788=announced_sizes_exceed_amendment_caps; sra_study:SRP416937=announced_sizes_exceed_amendment_caps
PMID:39570278,Biomedical_Basic,866,no_deposit_named,no_deposit_named,
PMID:40992845,Biomedical_Basic,867,no_lawful_text_retained,no_lawful_text_retained,
PMID:39465298,Biomedical_Basic,868,open_route_named_pending_listing,above_cap,bioproject:PRJNA217052=announced_sizes_exceed_amendment_caps
PMID:37540596,Biomedical_Basic,869,open_route_named_pending_listing,,figshare:22744733=anonymous_listing_with_sizes_within_caps
PMID:37954485,Biomedical_Basic,870,no_deposit_named,no_deposit_named,
PMID:34774786,Biomedical_Basic,871,no_lawful_text_retained,no_lawful_text_retained,
PMID:33204710,Biomedical_Basic,872,open_route_named_pending_listing,,geo:GSE149888=anonymous_listing_with_sizes_within_caps
PMID:41159688,Biomedical_Basic,873,no_deposit_named,no_deposit_named,
PMID:39306953,Biomedical_Basic,874,no_deposit_named,no_deposit_named,
PMID:34807491,Biomedical_Basic,875,no_lawful_text_retained,no_lawful_text_retained,
PMID:39136404,Biomedical_Basic,876,no_lawful_text_retained,no_lawful_text_retained,
PMID:35593525,Biomedical_Basic,877,no_deposit_named,no_deposit_named,
PMID:37436940,Biomedical_Basic,878,no_lawful_text_retained,no_lawful_text_retained,
PMID:35921278,Biomedical_Basic,879,no_deposit_named,no_deposit_named,
PMID:33020276,Biomedical_Basic,880,open_route_named_pending_listing,above_cap,bioproject:PRJNA264731=announced_sizes_exceed_amendment_caps; zenodo:3662095=every_listed_file_is_implementation_material; sra_study:SRP072364=announced_sizes_exceed_amendment_caps; bioproject:PRJNA316308=announced_sizes_exceed_amendment_caps
PMID:37773555,Biomedical_Basic,881,author_request_only,author_request_only,
PMID:34553693,Biomedical_Basic,882,no_lawful_text_retained,no_lawful_text_retained,
PMID:32945059,Biomedical_Basic,883,no_lawful_text_retained,no_lawful_text_retained,
PMID:36473722,Biomedical_Basic,884,no_lawful_text_retained,no_lawful_text_retained,
PMID:35803448,Biomedical_Basic,885,no_lawful_text_retained,no_lawful_text_retained,
PMID:41187511,Biomedical_Basic,886,no_lawful_text_retained,no_lawful_text_retained,
PMID:34289805,Biomedical_Basic,887,open_route_named_pending_listing,above_cap,bioproject:PRJNA590287=announced_sizes_exceed_amendment_caps
PMID:34196689,Biomedical_Basic,888,code_only_deposit,code_only_deposit,
PMID:37558065,Biomedical_Basic,889,no_lawful_text_retained,no_lawful_text_retained,
PMID:34204414,Biomedical_Basic,890,open_route_named_pending_listing,size_unannounced,arrayexpress:E-MEXP-3124=some_or_all_files_without_announced_size
PMID:39621246,Biomedical_Basic,891,no_lawful_text_retained,no_lawful_text_retained,
PMID:37775722,Biomedical_Basic,892,no_lawful_text_retained,no_lawful_text_retained,
PMID:39178482,Biomedical_Basic,893,no_lawful_text_retained,no_lawful_text_retained,
PMID:40996989,Biomedical_Basic,894,no_lawful_text_retained,no_lawful_text_retained,
PMID:38139176,Biomedical_Basic,895,open_route_named_pending_listing,size_unannounced,proteomexchange:PXD045031=some_or_all_files_without_announced_size
PMID:32827999,Biomedical_Basic,896,no_lawful_text_retained,no_lawful_text_retained,
PMID:34213770,Biomedical_Basic,897,no_lawful_text_retained,no_lawful_text_retained,
PMID:35895707,Biomedical_Basic,898,no_deposit_named,no_deposit_named,
PMID:41353259,Biomedical_Basic,899,open_route_named_pending_listing,,bioproject:PRJNA1148473=anonymous_listing_with_sizes_within_caps
PMID:33096979,Biomedical_Basic,900,author_request_only,author_request_only,
PMID:39542107,Biomedical_Basic,901,no_lawful_text_retained,no_lawful_text_retained,
PMID:40948427,Biomedical_Basic,902,no_deposit_named,no_deposit_named,
PMID:41057255,Biomedical_Basic,903,open_route_named_pending_listing,,bioproject:PRJNA1028866=anonymous_listing_with_sizes_within_caps
PMID:34297047,Biomedical_Basic,904,no_lawful_text_retained,no_lawful_text_retained,
PMID:39546597,Biomedical_Basic,905,open_route_named_pending_listing,above_cap,zenodo:13785423=announced_sizes_exceed_amendment_caps
PMID:32930239,Biomedical_Basic,906,no_lawful_text_retained,no_lawful_text_retained,
PMID:33182311,Biomedical_Basic,907,no_deposit_named,no_deposit_named,
PMID:34647412,Biomedical_Basic,908,author_request_only,author_request_only,
PMID:34761864,Biomedical_Basic,909,no_lawful_text_retained,no_lawful_text_retained,
PMID:41330184,Biomedical_Basic,910,no_lawful_text_retained,no_lawful_text_retained,
PMID:34388193,Biomedical_Basic,911,no_deposit_named,no_deposit_named,
PMID:34670188,Biomedical_Basic,912,no_lawful_text_retained,no_lawful_text_retained,
PMID:37668195,Biomedical_Basic,913,no_lawful_text_retained,no_lawful_text_retained,
PMID:34843661,Biomedical_Basic,914,code_only_deposit,code_only_deposit,
PMID:36084088,Biomedical_Basic,915,no_lawful_text_retained,no_lawful_text_retained,
PMID:39538984,Biomedical_Basic,916,open_route_named_pending_listing,,bioproject:PRJNA1104661=anonymous_listing_with_sizes_within_caps
PMID:35917013,Biomedical_Basic,917,no_lawful_text_retained,no_lawful_text_retained,
PMID:36384127,Biomedical_Basic,918,no_lawful_text_retained,no_lawful_text_retained,
PMID:38156392,Biomedical_Basic,919,author_request_only,author_request_only,
PMID:41288017,Biomedical_Basic,920,author_request_only,author_request_only,
PMID:32706237,Biomedical_Basic,921,no_lawful_text_retained,no_lawful_text_retained,
PMID:34473015,Biomedical_Basic,922,open_route_named_pending_listing,above_cap,bioproject:PRJNA695397=announced_sizes_exceed_amendment_caps
PMID:34601598,Biomedical_Basic,923,no_lawful_text_retained,no_lawful_text_retained,
PMID:37981427,Biomedical_Basic,924,no_lawful_text_retained,no_lawful_text_retained,
PMID:33498119,Biomedical_Basic,925,no_lawful_text_retained,no_lawful_text_retained,
PMID:39146296,Biomedical_Basic,926,no_deposit_named,no_deposit_named,
PMID:33257855,Biomedical_Basic,927,no_lawful_text_retained,no_lawful_text_retained,
PMID:39706768,Biomedical_Basic,928,no_lawful_text_retained,no_lawful_text_retained,
PMID:36079904,Biomedical_Basic,929,author_request_only,author_request_only,
PMID:39168091,Biomedical_Basic,930,open_route_named_pending_listing,above_cap,geo:GSE25219=announced_sizes_exceed_amendment_caps
PMID:37729428,Biomedical_Basic,931,no_lawful_text_retained,no_lawful_text_retained,
PMID:34770899,Biomedical_Basic,932,no_deposit_named,no_deposit_named,
PMID:39612477,Biomedical_Basic,933,no_deposit_named,no_deposit_named,
PMID:36473133,Biomedical_Basic,934,no_lawful_text_retained,no_lawful_text_retained,
PMID:34478962,Biomedical_Basic,935,no_lawful_text_retained,no_lawful_text_retained,
PMID:39105780,Biomedical_Basic,936,supplement_only_unverified,supplement_only_unverified,
PMID:33334006,Biomedical_Basic,937,no_deposit_named,no_deposit_named,
PMID:36529159,Biomedical_Basic,938,no_lawful_text_retained,no_lawful_text_retained,
PMID:40911414,Biomedical_Basic,939,no_lawful_text_retained,no_lawful_text_retained,
PMID:37309910,Biomedical_Basic,940,no_lawful_text_retained,no_lawful_text_retained,
PMID:37592344,Biomedical_Basic,941,supplement_only_unverified,supplement_only_unverified,
PMID:41042593,Biomedical_Basic,942,open_route_named_pending_listing,above_cap,bioproject:PRJNA1142417=announced_sizes_exceed_amendment_caps
PMID:34500091,Biomedical_Basic,943,no_lawful_text_retained,no_lawful_text_retained,
PMID:40943362,Biomedical_Basic,944,author_request_only,author_request_only,
PMID:35927918,Biomedical_Basic,945,no_lawful_text_retained,no_lawful_text_retained,
PMID:32699373,Biomedical_Basic,946,code_only_deposit,code_only_deposit,
PMID:40945854,Biomedical_Basic,947,no_lawful_text_retained,no_lawful_text_retained,
PMID:40859872,Biomedical_Basic,948,open_route_named_pending_listing,listing_unavailable,bioproject:PRJEB85321=listing_empty
PMID:33077870,Biomedical_Basic,949,no_lawful_text_retained,no_lawful_text_retained,
PMID:34226276,Biomedical_Basic,950,no_deposit_named,no_deposit_named,
PMID:37541040,Biomedical_Basic,951,no_lawful_text_retained,no_lawful_text_retained,
PMID:40889171,Biomedical_Basic,952,author_request_only,author_request_only,
PMID:38112521,Biomedical_Basic,953,no_lawful_text_retained,no_lawful_text_retained,
PMID:36086837,Biomedical_Basic,954,no_lawful_text_retained,no_lawful_text_retained,
PMID:39611656,Biomedical_Basic,955,author_request_only,author_request_only,
PMID:34477316,Biomedical_Basic,956,no_lawful_text_retained,no_lawful_text_retained,
PMID:35725413,Biomedical_Basic,957,open_route_named_pending_listing,size_unannounced,arrayexpress:E-MTAB-4321=some_or_all_files_without_announced_size
PMID:35917513,Biomedical_Basic,958,no_lawful_text_retained,no_lawful_text_retained,
PMID:36076978,Biomedical_Basic,959,no_deposit_named,no_deposit_named,
PMID:41217690,Biomedical_Basic,960,no_lawful_text_retained,no_lawful_text_retained,
PMID:38037140,Biomedical_Basic,961,supplement_only_unverified,supplement_only_unverified,
PMID:33141892,Biomedical_Basic,962,no_deposit_named,no_deposit_named,
PMID:33549479,Biomedical_Basic,963,no_lawful_text_retained,no_lawful_text_retained,
PMID:39368992,Biomedical_Basic,964,open_route_named_pending_listing,above_cap,bioproject:PRJEB71916=announced_sizes_exceed_amendment_caps
PMID:36056558,Biomedical_Basic,965,code_only_deposit,code_only_deposit,
PMID:37498004,Biomedical_Basic,966,no_lawful_text_retained,no_lawful_text_retained,
PMID:37461029,Biomedical_Basic,967,open_route_named_pending_listing,code_only_deposit,zenodo:8060411=every_listed_file_is_implementation_material
PMID:41076584,Biomedical_Basic,968,no_lawful_text_retained,no_lawful_text_retained,
PMID:41437306,Biomedical_Basic,969,open_route_named_pending_listing,above_cap,bioproject:PRJNA1371939=announced_sizes_exceed_amendment_caps
PMID:34279157,Biomedical_Basic,970,no_lawful_text_retained,no_lawful_text_retained,
PMID:32812898,Biomedical_Basic,971,no_lawful_text_retained,no_lawful_text_retained,
PMID:37958737,Biomedical_Basic,972,open_route_named_pending_listing,,bioproject:PRJNA915415=announced_sizes_exceed_amendment_caps; bioproject:PRJNA319011=announced_sizes_exceed_amendment_caps; sra_study:SRP012849=anonymous_listing_with_sizes_within_caps
PMID:33448532,Biomedical_Basic,973,no_lawful_text_retained,no_lawful_text_retained,
PMID:41276352,Biomedical_Basic,974,no_lawful_text_retained,no_lawful_text_retained,
PMID:37306910,Biomedical_Basic,975,no_lawful_text_retained,no_lawful_text_retained,
PMID:35722694,Biomedical_Basic,976,author_request_only,author_request_only,
PMID:37543720,Biomedical_Basic,977,no_lawful_text_retained,no_lawful_text_retained,
PMID:36077453,Biomedical_Basic,978,application_required,application_required,
PMID:34964996,Biomedical_Basic,979,author_request_only,author_request_only,
PMID:33203566,Biomedical_Basic,980,no_lawful_text_retained,no_lawful_text_retained,
PMID:32763377,Biomedical_Basic,981,no_lawful_text_retained,no_lawful_text_retained,
PMID:37476949,Biomedical_Basic,982,no_deposit_named,no_deposit_named,
PMID:34248980,Biomedical_Basic,983,no_deposit_named,no_deposit_named,
PMID:35475239,Biomedical_Basic,984,open_route_named_pending_listing,,zenodo:4627644=anonymous_listing_with_sizes_within_caps
PMID:35918341,Biomedical_Basic,985,open_route_named_pending_listing,above_cap,dryad:xd2547ddf=announced_sizes_exceed_amendment_caps; bioproject:PRJEB47792=announced_sizes_exceed_amendment_caps; bioproject:PRJEB43605=announced_sizes_exceed_amendment_caps; zenodo:6807278=every_listed_file_is_implementation_material
PMID:37549699,Biomedical_Basic,986,no_lawful_text_retained,no_lawful_text_retained,
PMID:41240143,Biomedical_Basic,987,supplement_only_unverified,supplement_only_unverified,
PMID:33156579,Biomedical_Basic,988,no_lawful_text_retained,no_lawful_text_retained,
PMID:34331018,Biomedical_Basic,989,no_lawful_text_retained,no_lawful_text_retained,
PMID:33112911,Biomedical_Basic,990,open_route_named_pending_listing,,bioproject:PRJNA656949=anonymous_listing_with_sizes_within_caps
PMID:34846290,Biomedical_Basic,991,no_lawful_text_retained,no_lawful_text_retained,
PMID:39221652,Biomedical_Basic,992,open_route_named_pending_listing,listing_unavailable,bioproject:PRJNA1135970=listing_empty
PMID:37890888,Biomedical_Basic,993,author_request_only,author_request_only,
PMID:39648978,Biomedical_Basic,994,no_lawful_text_retained,no_lawful_text_retained,
PMID:39501421,Biomedical_Basic,995,no_lawful_text_retained,no_lawful_text_retained,
PMID:39706375,Biomedical_Basic,996,no_lawful_text_retained,no_lawful_text_retained,
PMID:40924538,Biomedical_Basic,997,code_only_deposit,code_only_deposit,
PMID:34624208,Biomedical_Basic,998,open_route_named_pending_listing,,bioproject:PRJNA76339=listing_empty; bioproject:PRJNA605907=anonymous_listing_with_sizes_within_caps; bioproject:PRJNA390194=announced_sizes_exceed_amendment_caps; geo:GSE147507=anonymous_listing_with_sizes_within_caps
PMID:34524636,Biomedical_Basic,999,no_lawful_text_retained,no_lawful_text_retained,
PMID:36266374,Biomedical_Basic,1000,open_route_named_pending_listing,,geo:GSE201943=anonymous_listing_with_sizes_within_caps
PMID:33022242,Biomedical_Basic,1001,no_lawful_text_retained,no_lawful_text_retained,
PMID:34237735,Biomedical_Basic,1002,no_lawful_text_retained,no_lawful_text_retained,
PMID:41104632,Biomedical_Basic,1003,open_route_named_pending_listing,,bioproject:PRJEB24868=announced_sizes_exceed_amendment_caps; bioproject:PRJEB47883=announced_sizes_exceed_amendment_caps; bioproject:PRJEB15223=announced_sizes_exceed_amendment_caps; bioproject:PRJNA166085=anonymous_listing_with_sizes_within_caps
PMID:37517065,Biomedical_Basic,1004,supplement_only_unverified,supplement_only_unverified,
PMID:37820893,Biomedical_Basic,1005,no_lawful_text_retained,no_lawful_text_retained,
PMID:39477463,Biomedical_Basic,1006,no_lawful_text_retained,no_lawful_text_retained,
PMID:41172740,Biomedical_Basic,1007,open_route_named_pending_listing,listing_unavailable,proteomexchange:PXD067375=listing_http_404
PMID:36434295,Biomedical_Basic,1008,no_lawful_text_retained,no_lawful_text_retained,
PMID:32916454,Biomedical_Basic,1009,no_lawful_text_retained,no_lawful_text_retained,
PMID:36323312,Biomedical_Basic,1010,open_route_named_pending_listing,,geo:GSE181223=announced_sizes_exceed_amendment_caps; geo:GSE159630=anonymous_listing_with_sizes_within_caps; geo:GSE151015=announced_sizes_exceed_amendment_caps
PMID:39293810,Biomedical_Basic,1011,open_route_named_pending_listing,,bioproject:PRJNA1066312=announced_sizes_exceed_amendment_caps; bioproject:PRJNA1070662=anonymous_listing_with_sizes_within_caps
PMID:34862647,Biomedical_Basic,1012,no_lawful_text_retained,no_lawful_text_retained,
PMID:37587345,Biomedical_Basic,1013,open_route_named_pending_listing,,zenodo:8059552=anonymous_listing_with_sizes_within_caps; proteomexchange:PXD030610=some_or_all_files_without_announced_size
PMID:34597466,Biomedical_Basic,1014,no_lawful_text_retained,no_lawful_text_retained,
PMID:34286408,Biomedical_Basic,1015,no_lawful_text_retained,no_lawful_text_retained,
PMID:39137961,Biomedical_Basic,1016,open_route_named_pending_listing,above_cap,geo:GSE80820=announced_sizes_exceed_amendment_caps
PMID:39215903,Biomedical_Basic,1017,no_lawful_text_retained,no_lawful_text_retained,
PMID:37490703,Biomedical_Basic,1018,no_lawful_text_retained,no_lawful_text_retained,
PMID:34197590,Biomedical_Basic,1019,no_lawful_text_retained,no_lawful_text_retained,
PMID:37548643,Biomedical_Basic,1020,code_only_deposit,code_only_deposit,
PMID:41056861,Biomedical_Basic,1021,no_lawful_text_retained,no_lawful_text_retained,
PMID:36453923,Biomedical_Basic,1022,open_route_named_pending_listing,,bioproject:PRJNA850156=anonymous_listing_with_sizes_within_caps
PMID:35650101,Biomedical_Basic,1023,no_lawful_text_retained,no_lawful_text_retained,
PMID:39354144,Biomedical_Basic,1024,no_lawful_text_retained,no_lawful_text_retained,
PMID:41175277,Biomedical_Basic,1025,no_lawful_text_retained,no_lawful_text_retained,
PMID:34269112,Biomedical_Basic,1026,no_lawful_text_retained,no_lawful_text_retained,
PMID:39138152,Biomedical_Basic,1027,open_route_named_pending_listing,code_only_deposit,zenodo:11205748=every_listed_file_is_implementation_material; zenodo:11205749=every_listed_file_is_implementation_material
PMID:39506116,Biomedical_Basic,1028,code_only_deposit,code_only_deposit,
PMID:34392483,Biomedical_Basic,1029,no_lawful_text_retained,no_lawful_text_retained,
PMID:41186753,Biomedical_Basic,1030,no_lawful_text_retained,no_lawful_text_retained,
PMID:34321638,Biomedical_Basic,1031,no_lawful_text_retained,no_lawful_text_retained,
PMID:36613895,Biomedical_Basic,1032,no_deposit_named,no_deposit_named,
PMID:32863706,Biomedical_Basic,1033,no_deposit_named,no_deposit_named,
PMID:37310663,Biomedical_Basic,1034,no_lawful_text_retained,no_lawful_text_retained,
PMID:34655933,Biomedical_Basic,1035,no_lawful_text_retained,no_lawful_text_retained,
PMID:41155413,Biomedical_Basic,1036,author_request_only,author_request_only,
PMID:33204736,Biomedical_Basic,1037,no_deposit_named,no_deposit_named,
PMID:36217576,Biomedical_Basic,1038,no_lawful_text_retained,no_lawful_text_retained,
PMID:34287708,Biomedical_Basic,1039,no_lawful_text_retained,no_lawful_text_retained,
PMID:39646732,Biomedical_Basic,1040,no_lawful_text_retained,no_lawful_text_retained,
PMID:32749760,Biomedical_Basic,1041,no_lawful_text_retained,no_lawful_text_retained,
PMID:39287957,Biomedical_Basic,1042,no_lawful_text_retained,no_lawful_text_retained,
PMID:35717473,Biomedical_Basic,1043,no_lawful_text_retained,no_lawful_text_retained,
PMID:35889510,Biomedical_Basic,1044,no_deposit_named,no_deposit_named,
PMID:39557161,Biomedical_Basic,1045,no_lawful_text_retained,no_lawful_text_retained,
PMID:32686005,Biomedical_Basic,1046,no_lawful_text_retained,no_lawful_text_retained,
PMID:34391887,Biomedical_Basic,1047,open_route_named_pending_listing,size_unannounced,proteomexchange:PXD022949=some_or_all_files_without_announced_size
PMID:32912581,Biomedical_Basic,1048,no_lawful_text_retained,no_lawful_text_retained,
PMID:35559750,Biomedical_Basic,1049,no_lawful_text_retained,no_lawful_text_retained,
PMID:34461313,Biomedical_Basic,1050,no_lawful_text_retained,no_lawful_text_retained,
PMID:39722419,Biomedical_Basic,1051,no_lawful_text_retained,no_lawful_text_retained,
PMID:39701063,Biomedical_Basic,1052,no_lawful_text_retained,no_lawful_text_retained,
PMID:40974247,Biomedical_Basic,1053,no_lawful_text_retained,no_lawful_text_retained,
PMID:34283333,Biomedical_Basic,1054,no_lawful_text_retained,no_lawful_text_retained,
PMID:35724818,Biomedical_Basic,1055,no_lawful_text_retained,no_lawful_text_retained,
PMID:33272762,Biomedical_Basic,1056,no_lawful_text_retained,no_lawful_text_retained,
PMID:39437735,Biomedical_Basic,1057,no_lawful_text_retained,no_lawful_text_retained,
PMID:36203160,Biomedical_Basic,1058,author_request_only,author_request_only,
PMID:35861536,Biomedical_Basic,1059,open_route_named_pending_listing,listing_unavailable,bioproject:PRJNA850394=listing_empty
PMID:33360159,Biomedical_Basic,1060,no_lawful_text_retained,no_lawful_text_retained,
PMID:34576128,Biomedical_Basic,1061,no_deposit_named,no_deposit_named,
PMID:39418082,Biomedical_Basic,1062,no_lawful_text_retained,no_lawful_text_retained,
PMID:37545217,Biomedical_Basic,1063,no_lawful_text_retained,no_lawful_text_retained,
PMID:37658118,Biomedical_Basic,1064,supplement_only_unverified,supplement_only_unverified,
PMID:39407346,Biomedical_Basic,1065,open_route_named_pending_listing,above_cap,bioproject:PRJNA997800=announced_sizes_exceed_amendment_caps; zenodo:7314197=every_listed_file_is_implementation_material
PMID:36209116,Biomedical_Basic,1066,supplement_only_unverified,supplement_only_unverified,
PMID:40847831,Biomedical_Basic,1067,no_deposit_named,no_deposit_named,
PMID:39389287,Biomedical_Basic,1068,no_lawful_text_retained,no_lawful_text_retained,
PMID:34809957,Biomedical_Basic,1069,no_lawful_text_retained,no_lawful_text_retained,
PMID:34614189,Biomedical_Basic,1070,open_route_named_pending_listing,above_cap,zenodo:4407746=announced_sizes_exceed_amendment_caps
PMID:39551069,Biomedical_Basic,1071,no_deposit_named,no_deposit_named,
PMID:33053706,Biomedical_Basic,1072,no_deposit_named,no_deposit_named,
PMID:39191209,Biomedical_Basic,1073,no_lawful_text_retained,no_lawful_text_retained,
PMID:39524010,Biomedical_Basic,1074,no_lawful_text_retained,no_lawful_text_retained,
PMID:39729717,Biomedical_Basic,1075,no_lawful_text_retained,no_lawful_text_retained,
PMID:37330826,Biomedical_Basic,1076,no_lawful_text_retained,no_lawful_text_retained,
PMID:34414480,Biomedical_Basic,1077,code_only_deposit,code_only_deposit,
PMID:37262154,Biomedical_Basic,1078,no_lawful_text_retained,no_lawful_text_retained,
PMID:41232473,Biomedical_Basic,1079,no_lawful_text_retained,no_lawful_text_retained,
PMID:41052550,Biomedical_Basic,1080,no_lawful_text_retained,no_lawful_text_retained,
PMID:35906361,Biomedical_Basic,1081,open_route_named_pending_listing,listing_unavailable,proteomexchange:PXD029924=listing_empty
PMID:40866379,Biomedical_Basic,1082,code_only_deposit,code_only_deposit,
PMID:37548833,Biomedical_Basic,1083,open_route_named_pending_listing,listing_unavailable,proteomexchange:PXD036382=listing_http_404
PMID:35889226,Biomedical_Basic,1084,author_request_only,author_request_only,
PMID:32962648,Biomedical_Basic,1085,author_request_only,author_request_only,
PMID:37302293,Biomedical_Basic,1086,no_lawful_text_retained,no_lawful_text_retained,
PMID:35970996,Biomedical_Basic,1087,no_lawful_text_retained,no_lawful_text_retained,
PMID:34637009,Biomedical_Basic,1088,no_lawful_text_retained,no_lawful_text_retained,
PMID:33144570,Biomedical_Basic,1089,open_route_named_pending_listing,,bioproject:PRJNA607757=anonymous_listing_with_sizes_within_caps
PMID:34424112,Biomedical_Basic,1090,no_lawful_text_retained,no_lawful_text_retained,
PMID:32859599,Biomedical_Basic,1091,code_only_deposit,code_only_deposit,
PMID:37353852,Biomedical_Basic,1092,open_route_named_pending_listing,listing_unavailable,proteomexchange:PXD039296=listing_empty; proteomexchange:PXD041770=listing_empty
PMID:37632220,Biomedical_Basic,1093,no_lawful_text_retained,no_lawful_text_retained,
PMID:41055728,Biomedical_Basic,1094,code_only_deposit,code_only_deposit,
PMID:36710016,Biomedical_Basic,1095,no_lawful_text_retained,no_lawful_text_retained,
PMID:39541185,Biomedical_Basic,1096,no_lawful_text_retained,no_lawful_text_retained,
PMID:41460588,Biomedical_Basic,1097,no_lawful_text_retained,no_lawful_text_retained,
PMID:32727537,Biomedical_Basic,1098,open_route_named_pending_listing,code_only_deposit,zenodo:1451838=every_listed_file_is_implementation_material
PMID:36410438,Biomedical_Basic,1099,open_route_named_pending_listing,size_unannounced,proteomexchange:PXD031245=some_or_all_files_without_announced_size; proteomexchange:PXD008839=some_or_all_files_without_announced_size
PMID:38158047,Biomedical_Basic,1100,no_lawful_text_retained,no_lawful_text_retained,
PMID:34247082,Biomedical_Basic,1101,no_lawful_text_retained,no_lawful_text_retained,
PMID:40882798,Biomedical_Basic,1102,no_lawful_text_retained,no_lawful_text_retained,
PMID:34313823,Biomedical_Basic,1103,no_lawful_text_retained,no_lawful_text_retained,
PMID:34546216,Biomedical_Basic,1104,no_lawful_text_retained,no_lawful_text_retained,
PMID:41092623,Biomedical_Basic,1105,no_lawful_text_retained,no_lawful_text_retained,
PMID:39283949,Biomedical_Basic,1106,open_route_named_pending_listing,,figshare:23301824=anonymous_listing_with_sizes_within_caps
PMID:37590228,Biomedical_Basic,1107,open_route_named_pending_listing,code_only_deposit,zenodo:8087950=every_listed_file_is_implementation_material
PMID:34861458,Biomedical_Basic,1108,no_lawful_text_retained,no_lawful_text_retained,
PMID:37248411,Biomedical_Basic,1109,no_lawful_text_retained,no_lawful_text_retained,
PMID:34363721,Biomedical_Basic,1110,no_lawful_text_retained,no_lawful_text_retained,
PMID:35929781,Biomedical_Basic,1111,code_only_deposit,code_only_deposit,
PMID:39302699,Biomedical_Basic,1112,open_route_named_pending_listing,size_unannounced,proteomexchange:PXD044962=some_or_all_files_without_announced_size
PMID:36210029,Biomedical_Basic,1113,no_lawful_text_retained,no_lawful_text_retained,
PMID:37770633,Biomedical_Basic,1114,no_lawful_text_retained,no_lawful_text_retained,
PMID:37863047,Biomedical_Basic,1115,open_route_named_pending_listing,above_cap,bioproject:PRJNA684968=announced_sizes_exceed_amendment_caps
PMID:36161055,Biomedical_Basic,1116,no_deposit_named,no_deposit_named,
PMID:41448080,Biomedical_Basic,1117,no_lawful_text_retained,no_lawful_text_retained,
PMID:41115830,Biomedical_Basic,1118,no_lawful_text_retained,no_lawful_text_retained,
PMID:41263786,Biomedical_Basic,1119,no_lawful_text_retained,no_lawful_text_retained,
PMID:39393259,Biomedical_Basic,1120,no_lawful_text_retained,no_lawful_text_retained,
PMID:39621607,Biomedical_Basic,1121,code_only_deposit,code_only_deposit,
PMID:34779440,Biomedical_Basic,1122,no_lawful_text_retained,no_lawful_text_retained,
PMID:37987553,Biomedical_Basic,1123,code_only_deposit,code_only_deposit,
PMID:37257561,Biomedical_Basic,1124,supplement_only_unverified,supplement_only_unverified,
PMID:39142392,Biomedical_Basic,1125,no_lawful_text_retained,no_lawful_text_retained,
PMID:39375532,Biomedical_Basic,1126,open_route_named_pending_listing,size_unannounced,proteomexchange:PXD043922=some_or_all_files_without_announced_size
PMID:39231368,Biomedical_Basic,1127,no_lawful_text_retained,no_lawful_text_retained,
PMID:39549977,Biomedical_Basic,1128,no_lawful_text_retained,no_lawful_text_retained,
PMID:34524902,Biomedical_Basic,1129,no_lawful_text_retained,no_lawful_text_retained,
PMID:40971265,Biomedical_Basic,1130,no_lawful_text_retained,no_lawful_text_retained,
PMID:39125932,Biomedical_Basic,1131,author_request_only,author_request_only,
PMID:39604090,Biomedical_Basic,1132,open_route_named_pending_listing,,bioproject:PRJEB80151=anonymous_listing_with_sizes_within_caps
PMID:41184646,Biomedical_Basic,1133,no_lawful_text_retained,no_lawful_text_retained,
PMID:40961406,Biomedical_Basic,1134,no_lawful_text_retained,no_lawful_text_retained,
PMID:35612746,Biomedical_Basic,1135,no_lawful_text_retained,no_lawful_text_retained,
PMID:39164251,Biomedical_Basic,1136,open_route_named_pending_listing,,bioproject:PRJNA1110382=anonymous_listing_with_sizes_within_caps; bioproject:PRJNA1116794=listing_empty; figshare:25060154=anonymous_listing_with_sizes_within_caps; sra_study:SRP507817=anonymous_listing_with_sizes_within_caps
PMID:32966912,Biomedical_Basic,1137,no_lawful_text_retained,no_lawful_text_retained,
PMID:33046650,Biomedical_Basic,1138,no_deposit_named,no_deposit_named,
PMID:39348371,Biomedical_Basic,1139,author_request_only,author_request_only,
PMID:37848617,Biomedical_Basic,1140,code_only_deposit,code_only_deposit,
PMID:39494864,Biomedical_Basic,1141,no_lawful_text_retained,no_lawful_text_retained,
PMID:33036383,Biomedical_Basic,1142,no_deposit_named,no_deposit_named,
PMID:40049872,Biomedical_Basic,1143,no_lawful_text_retained,no_lawful_text_retained,
PMID:34380279,Biomedical_Basic,1144,no_lawful_text_retained,no_lawful_text_retained,
PMID:37358436,Biomedical_Basic,1145,open_route_named_pending_listing,above_cap,bioproject:PRJNA607994=announced_sizes_exceed_amendment_caps; bioproject:PRJNA490649=listing_empty
PMID:32897412,Biomedical_Basic,1146,no_lawful_text_retained,no_lawful_text_retained,
PMID:41053612,Biomedical_Basic,1147,code_only_deposit,code_only_deposit,
PMID:38062568,Biomedical_Basic,1148,no_lawful_text_retained,no_lawful_text_retained,
PMID:32804915,Biomedical_Basic,1149,no_deposit_named,no_deposit_named,
PMID:32844680,Biomedical_Basic,1150,no_lawful_text_retained,no_lawful_text_retained,
PMID:39730013,Biomedical_Basic,1151,no_lawful_text_retained,no_lawful_text_retained,
PMID:41173757,Biomedical_Basic,1152,no_lawful_text_retained,no_lawful_text_retained,
PMID:34271221,Biomedical_Basic,1153,open_route_named_pending_listing,,geo:GSE137923=anonymous_listing_with_sizes_within_caps
PMID:37843810,Biomedical_Basic,1154,no_lawful_text_retained,no_lawful_text_retained,
PMID:37802347,Biomedical_Basic,1155,no_lawful_text_retained,no_lawful_text_retained,
PMID:35595155,Biomedical_Basic,1156,no_lawful_text_retained,no_lawful_text_retained,
PMID:34706761,Biomedical_Basic,1157,open_route_named_pending_listing,,geo:GSE24551=announced_sizes_exceed_amendment_caps; geo:GSE42568=anonymous_listing_with_sizes_within_caps
PMID:32916016,Biomedical_Basic,1158,no_lawful_text_retained,no_lawful_text_retained,
PMID:33080194,Biomedical_Basic,1159,no_lawful_text_retained,no_lawful_text_retained,
PMID:34620077,Biomedical_Basic,1160,code_only_deposit,code_only_deposit,
PMID:33358905,Biomedical_Basic,1161,no_lawful_text_retained,no_lawful_text_retained,
PMID:32865425,Biomedical_Basic,1162,no_lawful_text_retained,no_lawful_text_retained,
PMID:37553491,Biomedical_Basic,1163,no_lawful_text_retained,no_lawful_text_retained,
PMID:33119947,Biomedical_Basic,1164,no_lawful_text_retained,no_lawful_text_retained,
PMID:32992120,Biomedical_Basic,1165,no_lawful_text_retained,no_lawful_text_retained,
PMID:37970935,Biomedical_Basic,1166,no_lawful_text_retained,no_lawful_text_retained,
PMID:41349928,Biomedical_Basic,1167,no_lawful_text_retained,no_lawful_text_retained,
PMID:34562509,Biomedical_Basic,1168,no_lawful_text_retained,no_lawful_text_retained,
PMID:35708664,Biomedical_Basic,1169,no_lawful_text_retained,no_lawful_text_retained,
PMID:39528918,Biomedical_Basic,1170,open_route_named_pending_listing,,geo:GSE253406=anonymous_listing_with_sizes_within_caps
PMID:35776123,Biomedical_Basic,1171,author_request_only,author_request_only,
PMID:37201385,Biomedical_Basic,1172,no_lawful_text_retained,no_lawful_text_retained,
PMID:39717048,Biomedical_Basic,1173,no_deposit_named,no_deposit_named,
PMID:41226715,Biomedical_Basic,1174,code_only_deposit,code_only_deposit,
PMID:34470819,Biomedical_Basic,1175,no_lawful_text_retained,no_lawful_text_retained,
PMID:35848980,Biomedical_Basic,1176,no_lawful_text_retained,no_lawful_text_retained,
PMID:37678681,Biomedical_Basic,1177,no_lawful_text_retained,no_lawful_text_retained,
PMID:36088496,Biomedical_Basic,1178,no_lawful_text_retained,no_lawful_text_retained,
PMID:41355359,Biomedical_Basic,1179,author_request_only,author_request_only,
PMID:37395315,Biomedical_Basic,1180,no_deposit_named,no_deposit_named,
PMID:34206460,Biomedical_Basic,1181,author_request_only,author_request_only,
PMID:38160800,Biomedical_Basic,1182,no_lawful_text_retained,no_lawful_text_retained,
PMID:32964256,Biomedical_Basic,1183,no_lawful_text_retained,no_lawful_text_retained,
PMID:41074288,Biomedical_Basic,1184,no_lawful_text_retained,no_lawful_text_retained,
PMID:37341265,Biomedical_Basic,1185,no_lawful_text_retained,no_lawful_text_retained,
PMID:41480592,Biomedical_Basic,1186,no_deposit_named,no_deposit_named,
PMID:33095425,Biomedical_Basic,1187,no_lawful_text_retained,no_lawful_text_retained,
PMID:37934564,Biomedical_Basic,1188,no_lawful_text_retained,no_lawful_text_retained,
PMID:37234165,Biomedical_Basic,1189,supplement_only_unverified,supplement_only_unverified,
PMID:34954823,Biomedical_Basic,1190,no_lawful_text_retained,no_lawful_text_retained,
PMID:41331164,Biomedical_Basic,1191,no_lawful_text_retained,no_lawful_text_retained,
PMID:36341543,Biomedical_Basic,1192,no_deposit_named,no_deposit_named,
PMID:33057012,Biomedical_Basic,1193,author_request_only,author_request_only,
PMID:38108609,Biomedical_Basic,1194,no_deposit_named,no_deposit_named,
PMID:41196692,Biomedical_Basic,1195,open_route_named_pending_listing,size_unannounced,proteomexchange:PXD068387=some_or_all_files_without_announced_size
PMID:39154474,Biomedical_Basic,1196,no_lawful_text_retained,no_lawful_text_retained,
PMID:36123645,Biomedical_Basic,1197,open_route_named_pending_listing,,bioproject:PRJNA695103=announced_sizes_exceed_amendment_caps; bioproject:PRJNA445599=announced_sizes_exceed_amendment_caps; bioproject:PRJNA559056=announced_sizes_exceed_amendment_caps; dryad:h9942=anonymous_listing_with_sizes_within_caps
PMID:40997562,Biomedical_Basic,1198,no_lawful_text_retained,no_lawful_text_retained,
PMID:33016103,Biomedical_Basic,1199,no_lawful_text_retained,no_lawful_text_retained,
PMID:37691063,Biomedical_Basic,1200,no_lawful_text_retained,no_lawful_text_retained,
PMID:39551435,Biomedical_Basic,1201,no_lawful_text_retained,no_lawful_text_retained,
PMID:34979216,Biomedical_Basic,1202,no_lawful_text_retained,no_lawful_text_retained,
PMID:41151990,Biomedical_Basic,1203,no_deposit_named,no_deposit_named,
PMID:34433583,Biomedical_Basic,1204,open_route_named_pending_listing,above_cap,bioproject:PRJEB25780=announced_sizes_exceed_amendment_caps; bioproject:PRJEB34724=announced_sizes_exceed_amendment_caps
PMID:41081102,Biomedical_Basic,1205,open_route_named_pending_listing,,bioproject:PRJNA1154269=anonymous_listing_with_sizes_within_caps; figshare:26972539=anonymous_listing_with_sizes_within_caps
PMID:36584538,Biomedical_Basic,1206,no_lawful_text_retained,no_lawful_text_retained,
PMID:36310873,Biomedical_Basic,1207,open_route_named_pending_listing,,bioproject:PRJNA865167=anonymous_listing_with_sizes_within_caps
PMID:37303123,Biomedical_Basic,1208,open_route_named_pending_listing,size_unannounced,proteomexchange:PXD036343=some_or_all_files_without_announced_size
PMID:34341020,Biomedical_Basic,1209,open_route_named_pending_listing,above_cap,sra_study:ERP009684=announced_sizes_exceed_amendment_caps; sra_study:ERP010763=announced_sizes_exceed_amendment_caps; sra_study:ERP013866=announced_sizes_exceed_amendment_caps; sra_study:ERP121368=listing_empty
PMID:32811886,Biomedical_Basic,1210,supplement_only_unverified,supplement_only_unverified,
PMID:34731224,Biomedical_Basic,1211,open_route_named_pending_listing,,geo:GSE168396=anonymous_listing_with_sizes_within_caps
PMID:39958991,Biomedical_Basic,1212,supplement_only_unverified,supplement_only_unverified,
PMID:40848368,Biomedical_Basic,1213,no_lawful_text_retained,no_lawful_text_retained,
PMID:39217704,Biomedical_Basic,1214,no_lawful_text_retained,no_lawful_text_retained,
PMID:37989253,Biomedical_Basic,1215,no_lawful_text_retained,no_lawful_text_retained,
PMID:34418513,Biomedical_Basic,1216,no_lawful_text_retained,no_lawful_text_retained,
PMID:34387369,Biomedical_Basic,1217,no_lawful_text_retained,no_lawful_text_retained,
PMID:37993704,Biomedical_Basic,1218,no_lawful_text_retained,no_lawful_text_retained,
PMID:34337069,Biomedical_Basic,1219,author_request_only,author_request_only,
PMID:41043384,Biomedical_Basic,1220,no_lawful_text_retained,no_lawful_text_retained,
PMID:34469070,Biomedical_Basic,1221,author_request_only,author_request_only,
PMID:34234185,Biomedical_Basic,1222,open_route_named_pending_listing,,zenodo:3951383=anonymous_listing_with_sizes_within_caps; figshare:13670689=anonymous_listing_with_sizes_within_caps
PMID:37699896,Biomedical_Basic,1223,open_route_named_pending_listing,above_cap,bioproject:PRJNA938516=announced_sizes_exceed_amendment_caps; zenodo:7980107=every_listed_file_is_implementation_material
PMID:41199135,Biomedical_Basic,1224,no_lawful_text_retained,no_lawful_text_retained,
PMID:40858577,Biomedical_Basic,1225,open_route_named_pending_listing,code_only_deposit,zenodo:15760474=every_listed_file_is_implementation_material
PMID:34209638,Biomedical_Basic,1226,author_request_only,author_request_only,
PMID:39563468,Biomedical_Basic,1227,open_route_named_pending_listing,,zenodo:14142906=anonymous_listing_with_sizes_within_caps
PMID:39163920,Biomedical_Basic,1228,no_lawful_text_retained,no_lawful_text_retained,
PMID:33222147,Biomedical_Basic,1229,supplement_only_unverified,supplement_only_unverified,
PMID:34389997,Biomedical_Basic,1230,no_lawful_text_retained,no_lawful_text_retained,
PMID:36502409,Biomedical_Basic,1231,code_only_deposit,code_only_deposit,
PMID:32939738,Biomedical_Basic,1232,no_lawful_text_retained,no_lawful_text_retained,
PMID:34927191,Biomedical_Basic,1233,open_route_named_pending_listing,,bioproject:PRJNA561952=announced_sizes_exceed_amendment_caps; figshare:13853756=anonymous_listing_with_sizes_within_caps; figshare:13850360=anonymous_listing_with_sizes_within_caps; figshare:13850840=anonymous_listing_with_sizes_within_caps
PMID:32887280,Biomedical_Basic,1234,no_deposit_named,no_deposit_named,
PMID:32688002,Biomedical_Basic,1235,no_lawful_text_retained,no_lawful_text_retained,
PMID:34376150,Biomedical_Basic,1236,author_request_only,author_request_only,
PMID:41307743,Biomedical_Basic,1237,no_lawful_text_retained,no_lawful_text_retained,
PMID:37341631,Biomedical_Basic,1238,open_route_named_pending_listing,size_unannounced,proteomexchange:PXD037520=some_or_all_files_without_announced_size
PMID:41364251,Biomedical_Basic,1239,no_lawful_text_retained,no_lawful_text_retained,
PMID:41124981,Biomedical_Basic,1240,no_lawful_text_retained,no_lawful_text_retained,
PMID:41292314,Biomedical_Basic,1241,no_lawful_text_retained,no_lawful_text_retained,
PMID:35640874,Biomedical_Basic,1242,no_deposit_named,no_deposit_named,
PMID:37843809,Biomedical_Basic,1243,no_lawful_text_retained,no_lawful_text_retained,
PMID:37550847,Biomedical_Basic,1244,open_route_named_pending_listing,,dryad:573n5tbc9=anonymous_listing_with_sizes_within_caps
PMID:38391184,Biomedical_Basic,1245,no_lawful_text_retained,no_lawful_text_retained,
PMID:34927617,Biomedical_Basic,1246,no_lawful_text_retained,no_lawful_text_retained,
PMID:34197622,Biomedical_Basic,1247,code_only_deposit,code_only_deposit,
PMID:37758144,Biomedical_Basic,1248,no_lawful_text_retained,no_lawful_text_retained,
PMID:38049261,Biomedical_Basic,1249,no_lawful_text_retained,no_lawful_text_retained,
PMID:39151349,Biomedical_Basic,1250,no_lawful_text_retained,no_lawful_text_retained,
PMID:32916923,Biomedical_Basic,1251,no_deposit_named,no_deposit_named,
PMID:34583182,Biomedical_Basic,1252,no_lawful_text_retained,no_lawful_text_retained,
PMID:39457403,Biomedical_Basic,1253,no_deposit_named,no_deposit_named,
PMID:37375157,Biomedical_Basic,1254,no_deposit_named,no_deposit_named,
PMID:37612768,Biomedical_Basic,1255,open_route_named_pending_listing,,bioproject:PRJEB5714=anonymous_listing_with_sizes_within_caps
PMID:32862585,Biomedical_Basic,1256,no_lawful_text_retained,no_lawful_text_retained,
PMID:32828266,Biomedical_Basic,1257,no_lawful_text_retained,no_lawful_text_retained,
PMID:33241406,Biomedical_Basic,1258,no_lawful_text_retained,no_lawful_text_retained,
PMID:33648227,Biomedical_Basic,1259,no_lawful_text_retained,no_lawful_text_retained,
PMID:34970092,Biomedical_Basic,1260,no_deposit_named,no_deposit_named,
PMID:37644440,Biomedical_Basic,1261,open_route_named_pending_listing,,zenodo:8124854=anonymous_listing_with_sizes_within_caps
PMID:37439898,Biomedical_Basic,1262,no_lawful_text_retained,no_lawful_text_retained,
PMID:39516292,Biomedical_Basic,1263,no_lawful_text_retained,no_lawful_text_retained,
PMID:34410352,Biomedical_Basic,1264,no_lawful_text_retained,no_lawful_text_retained,
PMID:32770063,Biomedical_Basic,1265,application_required,application_required,
PMID:32857289,Biomedical_Basic,1266,no_lawful_text_retained,no_lawful_text_retained,
PMID:37847509,Biomedical_Basic,1267,no_lawful_text_retained,no_lawful_text_retained,
PMID:33025817,Biomedical_Basic,1268,no_lawful_text_retained,no_lawful_text_retained,
PMID:33050494,Biomedical_Basic,1269,no_deposit_named,no_deposit_named,
PMID:39604470,Biomedical_Basic,1270,open_route_named_pending_listing,,geo:GSE89632=anonymous_listing_with_sizes_within_caps; geo:GSE41258=anonymous_listing_with_sizes_within_caps; geo:GSE8671=anonymous_listing_with_sizes_within_caps
PMID:37264385,Biomedical_Basic,1271,open_route_named_pending_listing,above_cap,bioproject:PRJNA438545=announced_sizes_exceed_amendment_caps
PMID:41380686,Biomedical_Basic,1272,no_lawful_text_retained,no_lawful_text_retained,
PMID:33203698,Biomedical_Basic,1273,no_lawful_text_retained,no_lawful_text_retained,
PMID:37260367,Biomedical_Basic,1274,open_route_named_pending_listing,,dryad:0zpc8670j=anonymous_listing_with_sizes_within_caps
PMID:36555557,Biomedical_Basic,1275,no_deposit_named,no_deposit_named,
PMID:37793305,Biomedical_Basic,1276,no_lawful_text_retained,no_lawful_text_retained,
PMID:33385613,Biomedical_Basic,1277,open_route_named_pending_listing,size_unannounced,proteomexchange:PXD012897=some_or_all_files_without_announced_size
PMID:34659234,Biomedical_Basic,1278,no_deposit_named,no_deposit_named,
PMID:33326808,Biomedical_Basic,1279,no_lawful_text_retained,no_lawful_text_retained,
PMID:38203721,Biomedical_Basic,1280,no_deposit_named,no_deposit_named,
PMID:34596976,Biomedical_Basic,1281,no_deposit_named,no_deposit_named,
PMID:41191858,Biomedical_Basic,1282,no_lawful_text_retained,no_lawful_text_retained,
PMID:40967631,Biomedical_Basic,1283,no_deposit_named,no_deposit_named,
PMID:41391185,Biomedical_Basic,1284,author_request_only,author_request_only,
PMID:35866686,Biomedical_Basic,1285,no_lawful_text_retained,no_lawful_text_retained,
PMID:41578682,Biomedical_Basic,1286,no_lawful_text_retained,no_lawful_text_retained,
PMID:34381095,Biomedical_Basic,1287,supplement_only_unverified,supplement_only_unverified,
PMID:37365525,Biomedical_Basic,1288,supplement_only_unverified,supplement_only_unverified,
PMID:39696471,Biomedical_Basic,1289,open_route_named_pending_listing,code_only_deposit,zenodo:14201753=every_listed_file_is_implementation_material
PMID:39435753,Biomedical_Basic,1290,open_route_named_pending_listing,above_cap,bioproject:PRJNA854686=announced_sizes_exceed_amendment_caps
PMID:35805153,Biomedical_Basic,1291,open_route_named_pending_listing,size_unannounced,proteomexchange:PXD033595=some_or_all_files_without_announced_size
PMID:37634751,Biomedical_Basic,1292,no_lawful_text_retained,no_lawful_text_retained,
PMID:41408392,Biomedical_Basic,1293,supplement_only_unverified,supplement_only_unverified,
PMID:36385590,Biomedical_Basic,1294,no_lawful_text_retained,no_lawful_text_retained,
PMID:37747204,Biomedical_Basic,1295,open_route_named_pending_listing,,bioproject:PRJNA973138=anonymous_listing_with_sizes_within_caps
PMID:41392513,Biomedical_Basic,1296,no_lawful_text_retained,no_lawful_text_retained,
PMID:39439801,Biomedical_Basic,1297,open_route_named_pending_listing,,bioproject:PRJDB18141=anonymous_listing_with_sizes_within_caps; proteomexchange:PXD052550=listing_empty; arrayexpress:E-GEAD-802=some_or_all_files_without_announced_size
PMID:39519821,Biomedical_Basic,1298,supplement_only_unverified,supplement_only_unverified,
PMID:37276670,Biomedical_Basic,1299,no_lawful_text_retained,no_lawful_text_retained,
PMID:39145471,Biomedical_Basic,1300,no_lawful_text_retained,no_lawful_text_retained,
PMID:36126144,Biomedical_Basic,1301,no_lawful_text_retained,no_lawful_text_retained,
PMID:32928103,Biomedical_Basic,1302,code_only_deposit,code_only_deposit,
PMID:34768219,Biomedical_Basic,1303,no_deposit_named,no_deposit_named,
PMID:35718758,Biomedical_Basic,1304,no_deposit_named,no_deposit_named,
PMID:34641822,Biomedical_Basic,1305,open_route_named_pending_listing,,geo:GSE31908=anonymous_listing_with_sizes_within_caps; geo:GSE29013=anonymous_listing_with_sizes_within_caps; geo:GSE30219=announced_sizes_exceed_amendment_caps; geo:GSE135222=anonymous_listing_with_sizes_within_caps
PMID:41101171,Biomedical_Basic,1306,no_lawful_text_retained,no_lawful_text_retained,
PMID:36301610,Biomedical_Basic,1307,no_lawful_text_retained,no_lawful_text_retained,
PMID:39289706,Biomedical_Basic,1308,open_route_named_pending_listing,above_cap,geo:GSE174422=announced_sizes_exceed_amendment_caps
PMID:35798840,Biomedical_Basic,1309,open_route_named_pending_listing,,figshare:15134328=anonymous_listing_with_sizes_within_caps; figshare:15134670=every_listed_file_is_implementation_material; figshare:7504448=announced_sizes_exceed_amendment_caps
PMID:41315738,Biomedical_Basic,1310,open_route_named_pending_listing,,figshare:28955240=anonymous_listing_with_sizes_within_caps
PMID:36587605,Biomedical_Basic,1311,no_lawful_text_retained,no_lawful_text_retained,
PMID:39250478,Biomedical_Basic,1312,no_deposit_named,no_deposit_named,
PMID:37423498,Biomedical_Basic,1313,no_lawful_text_retained,no_lawful_text_retained,
PMID:36333693,Biomedical_Basic,1314,open_route_named_pending_listing,size_unannounced,proteomexchange:PXD032036=some_or_all_files_without_announced_size
PMID:35763031,Biomedical_Basic,1315,author_request_only,author_request_only,
PMID:39707182,Biomedical_Basic,1316,author_request_only,author_request_only,
PMID:32961206,Biomedical_Basic,1317,no_lawful_text_retained,no_lawful_text_retained,
PMID:39604397,Biomedical_Basic,1318,open_route_named_pending_listing,above_cap,bioproject:PRJNA1092086=announced_sizes_exceed_amendment_caps; bioproject:PRJEB51041=announced_sizes_exceed_amendment_caps; bioproject:PRJEB13344=announced_sizes_exceed_amendment_caps; bioproject:PRJEB12679=announced_sizes_exceed_amendment_caps
PMID:35963777,Biomedical_Basic,1319,no_lawful_text_retained,no_lawful_text_retained,
PMID:39226054,Biomedical_Basic,1320,no_deposit_named,no_deposit_named,
PMID:37527012,Biomedical_Basic,1321,code_only_deposit,code_only_deposit,
PMID:34662201,Biomedical_Basic,1322,no_lawful_text_retained,no_lawful_text_retained,
PMID:41099787,Biomedical_Basic,1323,no_lawful_text_retained,no_lawful_text_retained,
PMID:33257150,Biomedical_Basic,1324,no_lawful_text_retained,no_lawful_text_retained,
PMID:35893682,Biomedical_Basic,1325,open_route_named_pending_listing,size_unannounced,proteomexchange:PXD025093=some_or_all_files_without_announced_size
PMID:39639632,Biomedical_Basic,1326,no_deposit_named,no_deposit_named,
PMID:37783189,Biomedical_Basic,1327,no_lawful_text_retained,no_lawful_text_retained,
PMID:33298266,Biomedical_Basic,1328,no_lawful_text_retained,no_lawful_text_retained,
PMID:41456766,Biomedical_Basic,1329,no_lawful_text_retained,no_lawful_text_retained,
PMID:41181143,Biomedical_Basic,1330,no_deposit_named,no_deposit_named,
PMID:34319135,Biomedical_Basic,1331,no_deposit_named,no_deposit_named,
PMID:33295912,Biomedical_Basic,1332,no_lawful_text_retained,no_lawful_text_retained,
PMID:40852723,Biomedical_Basic,1333,no_deposit_named,no_deposit_named,
PMID:37934017,Biomedical_Basic,1334,no_deposit_named,no_deposit_named,
PMID:34742232,Biomedical_Basic,1335,open_route_named_pending_listing,above_cap,bioproject:PRJNA756392=announced_sizes_exceed_amendment_caps
PMID:39256682,Biomedical_Basic,1336,open_route_named_pending_listing,above_cap,bioproject:PRJNA1123873=announced_sizes_exceed_amendment_caps
PMID:39303609,Biomedical_Basic,1337,no_lawful_text_retained,no_lawful_text_retained,
PMID:34480555,Biomedical_Basic,1338,application_required,application_required,
PMID:33277842,Biomedical_Basic,1339,no_lawful_text_retained,no_lawful_text_retained,
PMID:39579524,Biomedical_Basic,1340,no_lawful_text_retained,no_lawful_text_retained,
PMID:38117800,Biomedical_Basic,1341,no_lawful_text_retained,no_lawful_text_retained,
PMID:39699190,Biomedical_Basic,1342,open_route_named_pending_listing,above_cap,bioproject:PRJNA925842=announced_sizes_exceed_amendment_caps
PMID:39196797,Biomedical_Basic,1343,no_deposit_named,no_deposit_named,
PMID:34380030,Biomedical_Basic,1344,no_lawful_text_retained,no_lawful_text_retained,
PMID:34669150,Biomedical_Basic,1345,no_lawful_text_retained,no_lawful_text_retained,
PMID:38817952,Biomedical_Basic,1346,open_route_named_pending_listing,code_only_deposit,zenodo:6967163=every_listed_file_is_implementation_material
PMID:40826791,Biomedical_Basic,1347,no_deposit_named,no_deposit_named,
PMID:36049234,Biomedical_Basic,1348,no_lawful_text_retained,no_lawful_text_retained,
PMID:37833312,Biomedical_Basic,1349,supplement_only_unverified,supplement_only_unverified,
PMID:32971305,Biomedical_Basic,1350,no_lawful_text_retained,no_lawful_text_retained,
PMID:34462508,Biomedical_Basic,1351,open_route_named_pending_listing,above_cap,bioproject:PRJDB10918=announced_sizes_exceed_amendment_caps
PMID:41231338,Biomedical_Basic,1352,no_lawful_text_retained,no_lawful_text_retained,
PMID:35769014,Biomedical_Basic,1353,open_route_named_pending_listing,,bioproject:PRJNA850665=anonymous_listing_with_sizes_within_caps
PMID:41107240,Biomedical_Basic,1354,open_route_named_pending_listing,size_unannounced,proteomexchange:PXD055923=some_or_all_files_without_announced_size
PMID:40943321,Biomedical_Basic,1355,no_deposit_named,no_deposit_named,
PMID:39116055,Biomedical_Basic,1356,no_deposit_named,no_deposit_named,
PMID:36553558,Biomedical_Basic,1357,no_deposit_named,no_deposit_named,
PMID:34596362,Biomedical_Basic,1358,no_deposit_named,no_deposit_named,
PMID:35637459,Biomedical_Basic,1359,open_route_named_pending_listing,,zenodo:6540299=anonymous_listing_with_sizes_within_caps; bioproject:PRJNA477598=announced_sizes_exceed_amendment_caps; geo:GSE94421=announced_sizes_exceed_amendment_caps; sra_study:SRP109061=announced_sizes_exceed_amendment_caps
PMID:32957816,Biomedical_Basic,1360,no_lawful_text_retained,no_lawful_text_retained,
PMID:37572889,Biomedical_Basic,1361,no_lawful_text_retained,no_lawful_text_retained,
PMID:34846899,Biomedical_Basic,1362,no_lawful_text_retained,no_lawful_text_retained,
PMID:39373541,Biomedical_Basic,1363,no_lawful_text_retained,no_lawful_text_retained,
PMID:33200490,Biomedical_Basic,1364,no_lawful_text_retained,no_lawful_text_retained,
PMID:35899308,Biomedical_Basic,1365,author_request_only,author_request_only,
PMID:34536875,Biomedical_Basic,1366,no_deposit_named,no_deposit_named,
PMID:37260165,Biomedical_Basic,1367,no_deposit_named,no_deposit_named,
PMID:36553455,Biomedical_Basic,1368,open_route_named_pending_listing,above_cap,bioproject:PRJNA842856=announced_sizes_exceed_amendment_caps
PMID:39424064,Biomedical_Basic,1369,open_route_named_pending_listing,size_unannounced,proteomexchange:PXD051528=some_or_all_files_without_announced_size
PMID:34775673,Biomedical_Basic,1370,supplement_only_unverified,supplement_only_unverified,
PMID:32918322,Biomedical_Basic,1371,no_lawful_text_retained,no_lawful_text_retained,
PMID:38060679,Biomedical_Basic,1372,no_lawful_text_retained,no_lawful_text_retained,
PMID:34354117,Biomedical_Basic,1373,code_only_deposit,code_only_deposit,
PMID:39227760,Biomedical_Basic,1374,open_route_named_pending_listing,,zenodo:5275189=anonymous_listing_with_sizes_within_caps
PMID:37634583,Biomedical_Basic,1375,no_lawful_text_retained,no_lawful_text_retained,
PMID:34320344,Biomedical_Basic,1376,no_lawful_text_retained,no_lawful_text_retained,
PMID:37194437,Biomedical_Basic,1377,author_request_only,author_request_only,
PMID:32739732,Biomedical_Basic,1378,no_lawful_text_retained,no_lawful_text_retained,
PMID:39111121,Biomedical_Basic,1379,no_lawful_text_retained,no_lawful_text_retained,
PMID:35904558,Biomedical_Basic,1380,no_deposit_named,no_deposit_named,
PMID:35559837,Biomedical_Basic,1381,no_lawful_text_retained,no_lawful_text_retained,
PMID:37819745,Biomedical_Basic,1382,open_route_named_pending_listing,above_cap,bioproject:PRJNA994038=announced_sizes_exceed_amendment_caps; proteomexchange:PXD044123=some_or_all_files_without_announced_size
PMID:39298407,Biomedical_Basic,1383,no_lawful_text_retained,no_lawful_text_retained,
PMID:41052354,Biomedical_Basic,1384,open_route_named_pending_listing,above_cap,bioproject:PRJNA1309844=announced_sizes_exceed_amendment_caps
PMID:39277224,Biomedical_Basic,1385,no_lawful_text_retained,no_lawful_text_retained,
PMID:34381085,Biomedical_Basic,1386,open_route_named_pending_listing,above_cap,sra_study:SRP278149=announced_sizes_exceed_amendment_caps
PMID:39470271,Biomedical_Basic,1387,author_request_only,author_request_only,
PMID:37478159,Biomedical_Basic,1388,no_deposit_named,no_deposit_named,
PMID:36513635,Biomedical_Basic,1389,open_route_named_pending_listing,,geo:GSE197563=anonymous_listing_with_sizes_within_caps; bioproject:PRJNA540409=announced_sizes_exceed_amendment_caps; geo:GSE89970=anonymous_listing_with_sizes_within_caps
PMID:35606463,Biomedical_Basic,1390,author_request_only,author_request_only,
PMID:39585595,Biomedical_Basic,1391,no_lawful_text_retained,no_lawful_text_retained,
PMID:41460852,Biomedical_Basic,1392,no_lawful_text_retained,no_lawful_text_retained,
PMID:36539000,Biomedical_Basic,1393,no_lawful_text_retained,no_lawful_text_retained,
PMID:34535649,Biomedical_Basic,1394,open_route_named_pending_listing,above_cap,bioproject:PRJNA431002=announced_sizes_exceed_amendment_caps; bioproject:PRJNA431004=announced_sizes_exceed_amendment_caps; bioproject:PRJNA431006=announced_sizes_exceed_amendment_caps
PMID:40964778,Biomedical_Basic,1395,author_request_only,author_request_only,
PMID:41040987,Biomedical_Basic,1396,open_route_named_pending_listing,,bioproject:PRJNA1052360=anonymous_listing_with_sizes_within_caps
PMID:37874901,Biomedical_Basic,1397,no_lawful_text_retained,no_lawful_text_retained,
PMID:37993316,Biomedical_Basic,1398,no_lawful_text_retained,no_lawful_text_retained,
PMID:36085083,Biomedical_Basic,1399,code_only_deposit,code_only_deposit,
PMID:41175942,Biomedical_Basic,1400,open_route_named_pending_listing,size_unannounced,proteomexchange:PXD065302=some_or_all_files_without_announced_size
PMID:35764630,Biomedical_Basic,1401,open_route_named_pending_listing,size_unannounced,geo:GSE63525=some_or_all_files_without_announced_size; zenodo:6609244=every_listed_file_is_implementation_material
PMID:37647727,Biomedical_Basic,1402,no_lawful_text_retained,no_lawful_text_retained,
PMID:34273173,Biomedical_Basic,1403,no_lawful_text_retained,no_lawful_text_retained,
PMID:37606950,Biomedical_Basic,1404,no_lawful_text_retained,no_lawful_text_retained,
PMID:34320240,Biomedical_Basic,1405,no_lawful_text_retained,no_lawful_text_retained,
PMID:37318352,Biomedical_Basic,1406,no_deposit_named,no_deposit_named,
PMID:32773775,Biomedical_Basic,1407,supplement_only_unverified,supplement_only_unverified,
PMID:39395501,Biomedical_Basic,1408,no_lawful_text_retained,no_lawful_text_retained,
PMID:39113100,Biomedical_Basic,1409,open_route_named_pending_listing,,zenodo:12220242=anonymous_listing_with_sizes_within_caps; bioproject:PRJNA1089553=anonymous_listing_with_sizes_within_caps
PMID:38130159,Biomedical_Basic,1410,no_deposit_named,no_deposit_named,
PMID:34732422,Biomedical_Basic,1411,no_lawful_text_retained,no_lawful_text_retained,
PMID:32750382,Biomedical_Basic,1412,no_lawful_text_retained,no_lawful_text_retained,
PMID:34673227,Biomedical_Basic,1413,no_lawful_text_retained,no_lawful_text_retained,
PMID:37558937,Biomedical_Basic,1414,no_lawful_text_retained,no_lawful_text_retained,
PMID:34358973,Biomedical_Basic,1415,no_lawful_text_retained,no_lawful_text_retained,
PMID:33074478,Biomedical_Basic,1416,no_lawful_text_retained,no_lawful_text_retained,
PMID:36070163,Biomedical_Basic,1417,no_lawful_text_retained,no_lawful_text_retained,
PMID:34528313,Biomedical_Basic,1418,no_deposit_named,no_deposit_named,
PMID:39730532,Clinical_Medicine,1,application_required,application_required,
PMID:39738679,Clinical_Medicine,2,no_lawful_text_retained,no_lawful_text_retained,
PMID:39774361,Clinical_Medicine,3,no_lawful_text_retained,no_lawful_text_retained,
PMID:33396838,Clinical_Medicine,4,no_deposit_named,no_deposit_named,
PMID:34949294,Clinical_Medicine,5,no_lawful_text_retained,no_lawful_text_retained,
PMID:41475060,Clinical_Medicine,6,no_lawful_text_retained,no_lawful_text_retained,
PMID:36599232,Clinical_Medicine,7,no_lawful_text_retained,no_lawful_text_retained,
PMID:41467303,Clinical_Medicine,8,no_lawful_text_retained,no_lawful_text_retained,
PMID:35213950,Clinical_Medicine,9,no_lawful_text_retained,no_lawful_text_retained,
PMID:36567542,Clinical_Medicine,10,no_deposit_named,no_deposit_named,
PMID:33369751,Clinical_Medicine,11,no_lawful_text_retained,no_lawful_text_retained,
PMID:41547127,Clinical_Medicine,12,no_lawful_text_retained,no_lawful_text_retained,
PMID:33410301,Clinical_Medicine,13,author_request_only,author_request_only,
PMID:41443428,Clinical_Medicine,14,no_lawful_text_retained,no_lawful_text_retained,
PMID:41430663,Clinical_Medicine,15,application_required,application_required,
PMID:39796018,Clinical_Medicine,16,no_deposit_named,no_deposit_named,
PMID:35049631,Clinical_Medicine,17,author_request_only,author_request_only,
PMID:33372923,Clinical_Medicine,18,no_lawful_text_retained,no_lawful_text_retained,
PMID:38158511,Clinical_Medicine,19,author_request_only,author_request_only,
PMID:33871154,Clinical_Medicine,20,no_lawful_text_retained,no_lawful_text_retained,
PMID:41419390,Clinical_Medicine,21,no_lawful_text_retained,no_lawful_text_retained,
PMID:41447824,Clinical_Medicine,22,author_request_only,author_request_only,
PMID:41468233,Clinical_Medicine,23,no_lawful_text_retained,no_lawful_text_retained,
PMID:41504163,Clinical_Medicine,24,no_lawful_text_retained,no_lawful_text_retained,
PMID:39865061,Clinical_Medicine,25,no_lawful_text_retained,no_lawful_text_retained,
PMID:33433332,Clinical_Medicine,26,no_lawful_text_retained,no_lawful_text_retained,
PMID:38128942,Clinical_Medicine,27,no_deposit_named,no_deposit_named,
PMID:41455463,Clinical_Medicine,28,no_lawful_text_retained,no_lawful_text_retained,
PMID:38127316,Clinical_Medicine,29,no_lawful_text_retained,no_lawful_text_retained,
PMID:33361376,Clinical_Medicine,30,no_lawful_text_retained,no_lawful_text_retained,
PMID:33361029,Clinical_Medicine,31,no_lawful_text_retained,no_lawful_text_retained,
PMID:33646003,Clinical_Medicine,32,no_lawful_text_retained,no_lawful_text_retained,
PMID:38115675,Clinical_Medicine,33,no_lawful_text_retained,no_lawful_text_retained,
PMID:41418446,Clinical_Medicine,34,no_lawful_text_retained,no_lawful_text_retained,
PMID:33447006,Clinical_Medicine,35,no_deposit_named,no_deposit_named,
PMID:34910006,Clinical_Medicine,36,no_lawful_text_retained,no_lawful_text_retained,
PMID:35010917,Clinical_Medicine,37,no_deposit_named,no_deposit_named,
PMID:33570319,Clinical_Medicine,38,no_lawful_text_retained,no_lawful_text_retained,
PMID:38186242,Clinical_Medicine,39,no_deposit_named,no_deposit_named,
PMID:36587161,Clinical_Medicine,40,no_lawful_text_retained,no_lawful_text_retained,
PMID:34991990,Clinical_Medicine,41,no_lawful_text_retained,no_lawful_text_retained,
PMID:41421941,Clinical_Medicine,42,no_lawful_text_retained,no_lawful_text_retained,
PMID:36899582,Clinical_Medicine,43,no_lawful_text_retained,no_lawful_text_retained,
PMID:36586775,Clinical_Medicine,44,no_lawful_text_retained,no_lawful_text_retained,
PMID:33372531,Clinical_Medicine,45,no_deposit_named,no_deposit_named,
PMID:41444829,Clinical_Medicine,46,open_route_named_pending_listing,,zenodo:17343533=anonymous_listing_with_sizes_within_caps
PMID:38237402,Clinical_Medicine,47,no_deposit_named,no_deposit_named,
PMID:40173590,Clinical_Medicine,48,no_lawful_text_retained,no_lawful_text_retained,
PMID:33781521,Clinical_Medicine,49,no_lawful_text_retained,no_lawful_text_retained,
PMID:34948572,Clinical_Medicine,50,no_deposit_named,no_deposit_named,
PMID:41773840,Clinical_Medicine,51,no_lawful_text_retained,no_lawful_text_retained,
PMID:38205755,Clinical_Medicine,52,no_lawful_text_retained,no_lawful_text_retained,
PMID:35227454,Clinical_Medicine,53,no_lawful_text_retained,no_lawful_text_retained,
PMID:39736708,Clinical_Medicine,54,author_request_only,author_request_only,
PMID:34962971,Clinical_Medicine,55,no_deposit_named,no_deposit_named,
PMID:33360368,Clinical_Medicine,56,no_lawful_text_retained,no_lawful_text_retained,
PMID:33736273,Clinical_Medicine,57,no_lawful_text_retained,no_lawful_text_retained,
PMID:34948412,Clinical_Medicine,58,no_deposit_named,no_deposit_named,
PMID:38145835,Clinical_Medicine,59,no_lawful_text_retained,no_lawful_text_retained,
PMID:36573350,Clinical_Medicine,60,no_deposit_named,no_deposit_named,
PMID:39798289,Clinical_Medicine,61,no_lawful_text_retained,no_lawful_text_retained,
PMID:34958210,Clinical_Medicine,62,no_lawful_text_retained,no_lawful_text_retained,
PMID:36573780,Clinical_Medicine,63,no_lawful_text_retained,no_lawful_text_retained,
PMID:41442027,Clinical_Medicine,64,open_route_named_pending_listing,,figshare:30646913=anonymous_listing_with_sizes_within_caps
PMID:38343768,Clinical_Medicine,65,no_deposit_named,no_deposit_named,
PMID:41456010,Clinical_Medicine,66,open_route_named_pending_listing,above_cap,zenodo:17192805=announced_sizes_exceed_amendment_caps
PMID:34941141,Clinical_Medicine,67,author_request_only,author_request_only,
PMID:33518735,Clinical_Medicine,68,no_lawful_text_retained,no_lawful_text_retained,
PMID:36702068,Clinical_Medicine,69,no_lawful_text_retained,no_lawful_text_retained,
PMID:39843317,Clinical_Medicine,70,no_lawful_text_retained,no_lawful_text_retained,
PMID:34946281,Clinical_Medicine,71,no_deposit_named,no_deposit_named,
PMID:40174008,Clinical_Medicine,72,no_lawful_text_retained,no_lawful_text_retained,
PMID:41460101,Clinical_Medicine,73,no_deposit_named,no_deposit_named,
PMID:38134268,Clinical_Medicine,74,no_lawful_text_retained,no_lawful_text_retained,
PMID:39028159,Clinical_Medicine,75,no_deposit_named,no_deposit_named,
PMID:38112217,Clinical_Medicine,76,no_lawful_text_retained,no_lawful_text_retained,
PMID:38127592,Clinical_Medicine,77,no_lawful_text_retained,no_lawful_text_retained,
PMID:41474242,Clinical_Medicine,78,no_lawful_text_retained,no_lawful_text_retained,
PMID:41465392,Clinical_Medicine,79,supplement_only_unverified,supplement_only_unverified,
PMID:39891635,Clinical_Medicine,80,no_lawful_text_retained,no_lawful_text_retained,
PMID:38117301,Clinical_Medicine,81,no_lawful_text_retained,no_lawful_text_retained,
PMID:41496291,Clinical_Medicine,82,no_deposit_named,no_deposit_named,
PMID:33367575,Clinical_Medicine,83,no_lawful_text_retained,no_lawful_text_retained,
PMID:38148438,Clinical_Medicine,84,no_lawful_text_retained,no_lawful_text_retained,
PMID:36576876,Clinical_Medicine,85,code_only_deposit,code_only_deposit,
PMID:33503120,Clinical_Medicine,86,no_deposit_named,no_deposit_named,
PMID:36583064,Clinical_Medicine,87,no_deposit_named,no_deposit_named,
PMID:41468923,Clinical_Medicine,88,no_lawful_text_retained,no_lawful_text_retained,
PMID:38142297,Clinical_Medicine,89,no_deposit_named,no_deposit_named,
PMID:35007008,Clinical_Medicine,90,no_lawful_text_retained,no_lawful_text_retained,
PMID:39731470,Clinical_Medicine,91,no_lawful_text_retained,no_lawful_text_retained,
PMID:33495102,Clinical_Medicine,92,no_lawful_text_retained,no_lawful_text_retained,
PMID:33384335,Clinical_Medicine,93,author_request_only,author_request_only,
PMID:37282707,Clinical_Medicine,94,no_lawful_text_retained,no_lawful_text_retained,
PMID:39725947,Clinical_Medicine,95,supplement_only_unverified,supplement_only_unverified,
PMID:33395990,Clinical_Medicine,96,no_deposit_named,no_deposit_named,
PMID:33455872,Clinical_Medicine,97,no_lawful_text_retained,no_lawful_text_retained,
PMID:39733839,Clinical_Medicine,98,no_lawful_text_retained,no_lawful_text_retained,
PMID:38220369,Clinical_Medicine,99,no_lawful_text_retained,no_lawful_text_retained,
PMID:34973443,Clinical_Medicine,100,no_lawful_text_retained,no_lawful_text_retained,
PMID:35239607,Clinical_Medicine,101,no_lawful_text_retained,no_lawful_text_retained,
PMID:38117359,Clinical_Medicine,102,no_lawful_text_retained,no_lawful_text_retained,
PMID:33359923,Clinical_Medicine,103,no_lawful_text_retained,no_lawful_text_retained,
PMID:36691137,Clinical_Medicine,104,supplement_only_unverified,supplement_only_unverified,
PMID:40039815,Clinical_Medicine,105,no_lawful_text_retained,no_lawful_text_retained,
PMID:36622940,Clinical_Medicine,106,no_deposit_named,no_deposit_named,
PMID:38151502,Clinical_Medicine,107,author_request_only,author_request_only,
PMID:38129211,Clinical_Medicine,108,no_lawful_text_retained,no_lawful_text_retained,
PMID:41494302,Clinical_Medicine,109,no_lawful_text_retained,no_lawful_text_retained,
PMID:36564128,Clinical_Medicine,110,author_request_only,author_request_only,
PMID:41443325,Clinical_Medicine,111,no_lawful_text_retained,no_lawful_text_retained,
PMID:33369442,Clinical_Medicine,112,no_deposit_named,no_deposit_named,
PMID:34953350,Clinical_Medicine,113,no_lawful_text_retained,no_lawful_text_retained,
PMID:38135173,Clinical_Medicine,114,no_lawful_text_retained,no_lawful_text_retained,
PMID:39858995,Clinical_Medicine,115,no_deposit_named,no_deposit_named,
PMID:38128435,Clinical_Medicine,116,no_deposit_named,no_deposit_named,
PMID:41444092,Clinical_Medicine,117,no_lawful_text_retained,no_lawful_text_retained,
PMID:38114616,Clinical_Medicine,118,author_request_only,author_request_only,
PMID:40174295,Clinical_Medicine,119,no_lawful_text_retained,no_lawful_text_retained,
PMID:34962007,Clinical_Medicine,120,no_lawful_text_retained,no_lawful_text_retained,
PMID:39770037,Clinical_Medicine,121,no_deposit_named,no_deposit_named,
PMID:38141356,Clinical_Medicine,122,no_lawful_text_retained,no_lawful_text_retained,
PMID:38147810,Clinical_Medicine,123,no_lawful_text_retained,no_lawful_text_retained,
PMID:41417842,Clinical_Medicine,124,author_request_only,author_request_only,
PMID:41613057,Clinical_Medicine,125,no_deposit_named,no_deposit_named,
PMID:39720891,Clinical_Medicine,126,open_route_named_pending_listing,,geo:GSE116256=anonymous_listing_with_sizes_within_caps; geo:GSE240618=anonymous_listing_with_sizes_within_caps
PMID:34973705,Clinical_Medicine,127,no_lawful_text_retained,no_lawful_text_retained,
PMID:33451971,Clinical_Medicine,128,no_lawful_text_retained,no_lawful_text_retained,
PMID:38142566,Clinical_Medicine,129,no_lawful_text_retained,no_lawful_text_retained,
PMID:33360623,Clinical_Medicine,130,no_lawful_text_retained,no_lawful_text_retained,
PMID:38184898,Clinical_Medicine,131,no_lawful_text_retained,no_lawful_text_retained,
PMID:38186577,Clinical_Medicine,132,supplement_only_unverified,supplement_only_unverified,
PMID:38157035,Clinical_Medicine,133,author_request_only,author_request_only,
PMID:39726339,Clinical_Medicine,134,no_deposit_named,no_deposit_named,
PMID:36699896,Clinical_Medicine,135,no_deposit_named,no_deposit_named,
PMID:33360087,Clinical_Medicine,136,no_lawful_text_retained,no_lawful_text_retained,
PMID:33373743,Clinical_Medicine,137,no_lawful_text_retained,no_lawful_text_retained,
PMID:36806718,Clinical_Medicine,138,author_request_only,author_request_only,
PMID:33396000,Clinical_Medicine,139,code_only_deposit,code_only_deposit,
PMID:37450327,Clinical_Medicine,140,no_lawful_text_retained,no_lawful_text_retained,
PMID:38135552,Clinical_Medicine,141,no_lawful_text_retained,no_lawful_text_retained,
PMID:33618420,Clinical_Medicine,142,no_lawful_text_retained,no_lawful_text_retained,
PMID:33378151,Clinical_Medicine,143,no_lawful_text_retained,no_lawful_text_retained,
PMID:33388150,Clinical_Medicine,144,no_lawful_text_retained,no_lawful_text_retained,
PMID:34968650,Clinical_Medicine,145,no_lawful_text_retained,no_lawful_text_retained,
PMID:41784125,Clinical_Medicine,146,no_lawful_text_retained,no_lawful_text_retained,
PMID:38145393,Clinical_Medicine,147,no_lawful_text_retained,no_lawful_text_retained,
PMID:35851208,Clinical_Medicine,148,no_lawful_text_retained,no_lawful_text_retained,
PMID:36648258,Clinical_Medicine,149,no_deposit_named,no_deposit_named,
PMID:36583318,Clinical_Medicine,150,no_lawful_text_retained,no_lawful_text_retained,
PMID:34973736,Clinical_Medicine,151,no_lawful_text_retained,no_lawful_text_retained,
PMID:35318885,Clinical_Medicine,152,no_lawful_text_retained,no_lawful_text_retained,
PMID:36574994,Clinical_Medicine,153,no_lawful_text_retained,no_lawful_text_retained,
PMID:36566303,Clinical_Medicine,154,no_lawful_text_retained,no_lawful_text_retained,
PMID:41841860,Clinical_Medicine,155,no_lawful_text_retained,no_lawful_text_retained,
PMID:36613564,Clinical_Medicine,156,no_deposit_named,no_deposit_named,
PMID:36654006,Clinical_Medicine,157,no_lawful_text_retained,no_lawful_text_retained,
PMID:38254935,Clinical_Medicine,158,code_only_deposit,code_only_deposit,
PMID:36672854,Clinical_Medicine,159,no_deposit_named,no_deposit_named,
PMID:35047750,Clinical_Medicine,160,no_deposit_named,no_deposit_named,
PMID:39853223,Clinical_Medicine,161,no_lawful_text_retained,no_lawful_text_retained,
PMID:36566690,Clinical_Medicine,162,no_deposit_named,no_deposit_named,
PMID:34965363,Clinical_Medicine,163,no_lawful_text_retained,no_lawful_text_retained,
PMID:41601652,Clinical_Medicine,164,open_route_named_pending_listing,,geo:GSE41328=anonymous_listing_with_sizes_within_caps; geo:GSE22598=anonymous_listing_with_sizes_within_caps; geo:GSE23878=anonymous_listing_with_sizes_within_caps; geo:GSE39582=announced_sizes_exceed_amendment_caps
PMID:33369606,Clinical_Medicine,165,no_lawful_text_retained,no_lawful_text_retained,
PMID:41587517,Clinical_Medicine,166,no_lawful_text_retained,no_lawful_text_retained,
PMID:36730231,Clinical_Medicine,167,no_lawful_text_retained,no_lawful_text_retained,
PMID:38201916,Clinical_Medicine,168,author_request_only,author_request_only,
PMID:38142300,Clinical_Medicine,169,no_lawful_text_retained,no_lawful_text_retained,
PMID:33444240,Clinical_Medicine,170,no_lawful_text_retained,no_lawful_text_retained,
PMID:33382021,Clinical_Medicine,171,no_lawful_text_retained,no_lawful_text_retained,
PMID:33594022,Clinical_Medicine,172,no_lawful_text_retained,no_lawful_text_retained,
PMID:38134939,Clinical_Medicine,173,no_lawful_text_retained,no_lawful_text_retained,
PMID:38139484,Clinical_Medicine,174,no_deposit_named,no_deposit_named,
PMID:36730542,Clinical_Medicine,175,no_lawful_text_retained,no_lawful_text_retained,
PMID:36758161,Clinical_Medicine,176,no_lawful_text_retained,no_lawful_text_retained,
PMID:40039315,Clinical_Medicine,177,no_lawful_text_retained,no_lawful_text_retained,
PMID:41615170,Clinical_Medicine,178,no_deposit_named,no_deposit_named,
PMID:36581572,Clinical_Medicine,179,no_lawful_text_retained,no_lawful_text_retained,
PMID:41466210,Clinical_Medicine,180,open_route_named_pending_listing,listing_unavailable,zenodo:17481433=listing_http_404
PMID:41420499,Clinical_Medicine,181,no_lawful_text_retained,no_lawful_text_retained,
PMID:33362708,Clinical_Medicine,182,supplement_only_unverified,supplement_only_unverified,
PMID:36573282,Clinical_Medicine,183,no_lawful_text_retained,no_lawful_text_retained,
PMID:39738983,Clinical_Medicine,184,no_lawful_text_retained,no_lawful_text_retained,
PMID:38139308,Clinical_Medicine,185,no_deposit_named,no_deposit_named,
PMID:39806598,Clinical_Medicine,186,author_request_only,author_request_only,
PMID:41468835,Clinical_Medicine,187,no_lawful_text_retained,no_lawful_text_retained,
PMID:38123063,Clinical_Medicine,188,no_lawful_text_retained,no_lawful_text_retained,
PMID:39973782,Clinical_Medicine,189,no_lawful_text_retained,no_lawful_text_retained,
PMID:38135622,Clinical_Medicine,190,no_lawful_text_retained,no_lawful_text_retained,
PMID:33454209,Clinical_Medicine,191,no_lawful_text_retained,no_lawful_text_retained,
PMID:39732308,Clinical_Medicine,192,no_lawful_text_retained,no_lawful_text_retained,
PMID:38135151,Clinical_Medicine,193,no_lawful_text_retained,no_lawful_text_retained,
PMID:36576075,Clinical_Medicine,194,no_lawful_text_retained,no_lawful_text_retained,
PMID:41454961,Clinical_Medicine,195,no_lawful_text_retained,no_lawful_text_retained,
PMID:39796092,Clinical_Medicine,196,supplement_only_unverified,supplement_only_unverified,
PMID:41421075,Clinical_Medicine,197,no_lawful_text_retained,no_lawful_text_retained,
PMID:35008719,Clinical_Medicine,198,no_deposit_named,no_deposit_named,
PMID:36763037,Clinical_Medicine,199,no_lawful_text_retained,no_lawful_text_retained,
PMID:36572624,Clinical_Medicine,200,no_lawful_text_retained,no_lawful_text_retained,
PMID:33390325,Clinical_Medicine,201,no_lawful_text_retained,no_lawful_text_retained,
PMID:39725436,Clinical_Medicine,202,author_request_only,author_request_only,
PMID:34956180,Clinical_Medicine,203,no_deposit_named,no_deposit_named,
PMID:33471700,Clinical_Medicine,204,no_lawful_text_retained,no_lawful_text_retained,
PMID:41462259,Clinical_Medicine,205,author_request_only,author_request_only,
PMID:33388174,Clinical_Medicine,206,no_lawful_text_retained,no_lawful_text_retained,
PMID:34971469,Clinical_Medicine,207,no_lawful_text_retained,no_lawful_text_retained,
PMID:38151390,Clinical_Medicine,208,no_lawful_text_retained,no_lawful_text_retained,
PMID:34957534,Clinical_Medicine,209,no_lawful_text_retained,no_lawful_text_retained,
PMID:36598696,Clinical_Medicine,210,supplement_only_unverified,supplement_only_unverified,
PMID:36566148,Clinical_Medicine,211,no_lawful_text_retained,no_lawful_text_retained,
PMID:36587930,Clinical_Medicine,212,no_lawful_text_retained,no_lawful_text_retained,
PMID:33385859,Clinical_Medicine,213,no_lawful_text_retained,no_lawful_text_retained,
PMID:33380215,Clinical_Medicine,214,no_lawful_text_retained,no_lawful_text_retained,
PMID:38156930,Clinical_Medicine,215,no_lawful_text_retained,no_lawful_text_retained,
PMID:36561745,Clinical_Medicine,216,no_deposit_named,no_deposit_named,
PMID:33387632,Clinical_Medicine,217,no_lawful_text_retained,no_lawful_text_retained,
PMID:39436339,Clinical_Medicine,218,no_lawful_text_retained,no_lawful_text_retained,
PMID:36631305,Clinical_Medicine,219,no_lawful_text_retained,no_lawful_text_retained,
PMID:41059886,Clinical_Medicine,220,no_lawful_text_retained,no_lawful_text_retained,
PMID:39749227,Clinical_Medicine,221,no_lawful_text_retained,no_lawful_text_retained,
PMID:36812121,Clinical_Medicine,222,author_request_only,author_request_only,
PMID:39740078,Clinical_Medicine,223,no_lawful_text_retained,no_lawful_text_retained,
PMID:38133880,Clinical_Medicine,224,no_lawful_text_retained,no_lawful_text_retained,
PMID:36577468,Clinical_Medicine,225,no_lawful_text_retained,no_lawful_text_retained,
PMID:34996008,Clinical_Medicine,226,no_lawful_text_retained,no_lawful_text_retained,
PMID:33371891,Clinical_Medicine,227,author_request_only,author_request_only,
PMID:41462485,Clinical_Medicine,228,open_route_named_pending_listing,,bioproject:PRJNA1138456=anonymous_listing_with_sizes_within_caps
PMID:33374960,Clinical_Medicine,229,no_deposit_named,no_deposit_named,
PMID:36692233,Clinical_Medicine,230,no_lawful_text_retained,no_lawful_text_retained,
PMID:41545157,Clinical_Medicine,231,no_lawful_text_retained,no_lawful_text_retained,
PMID:41421363,Clinical_Medicine,232,no_lawful_text_retained,no_lawful_text_retained,
PMID:33537161,Clinical_Medicine,233,no_deposit_named,no_deposit_named,
PMID:35667785,Clinical_Medicine,234,no_lawful_text_retained,no_lawful_text_retained,
PMID:36572958,Clinical_Medicine,235,no_lawful_text_retained,no_lawful_text_retained,
PMID:33421975,Clinical_Medicine,236,no_deposit_named,no_deposit_named,
PMID:34999883,Clinical_Medicine,237,no_lawful_text_retained,no_lawful_text_retained,
PMID:41421130,Clinical_Medicine,238,no_lawful_text_retained,no_lawful_text_retained,
PMID:39803169,Clinical_Medicine,239,no_lawful_text_retained,no_lawful_text_retained,
PMID:34979651,Clinical_Medicine,240,no_lawful_text_retained,no_lawful_text_retained,
PMID:35216785,Clinical_Medicine,241,no_lawful_text_retained,no_lawful_text_retained,
PMID:36701659,Clinical_Medicine,242,no_lawful_text_retained,no_lawful_text_retained,
PMID:34953745,Clinical_Medicine,243,no_lawful_text_retained,no_lawful_text_retained,
PMID:33369600,Clinical_Medicine,244,no_lawful_text_retained,no_lawful_text_retained,
PMID:35058885,Clinical_Medicine,245,supplement_only_unverified,supplement_only_unverified,
PMID:35002952,Clinical_Medicine,246,no_deposit_named,no_deposit_named,
PMID:38171970,Clinical_Medicine,247,no_lawful_text_retained,no_lawful_text_retained,
PMID:39728419,Clinical_Medicine,248,no_deposit_named,no_deposit_named,
PMID:41687637,Clinical_Medicine,249,no_lawful_text_retained,no_lawful_text_retained,
PMID:36576155,Clinical_Medicine,250,no_lawful_text_retained,no_lawful_text_retained,
PMID:41455576,Clinical_Medicine,251,no_lawful_text_retained,no_lawful_text_retained,
PMID:36565740,Clinical_Medicine,252,no_lawful_text_retained,no_lawful_text_retained,
PMID:34966150,Clinical_Medicine,253,no_lawful_text_retained,no_lawful_text_retained,
PMID:41475140,Clinical_Medicine,254,no_lawful_text_retained,no_lawful_text_retained,
PMID:38133946,Clinical_Medicine,255,no_lawful_text_retained,no_lawful_text_retained,
PMID:41883228,Clinical_Medicine,256,no_lawful_text_retained,no_lawful_text_retained,
PMID:33386272,Clinical_Medicine,257,no_lawful_text_retained,no_lawful_text_retained,
PMID:41482116,Clinical_Medicine,258,no_lawful_text_retained,no_lawful_text_retained,
PMID:41448023,Clinical_Medicine,259,no_lawful_text_retained,no_lawful_text_retained,
PMID:41456060,Clinical_Medicine,260,author_request_only,author_request_only,
PMID:33369002,Clinical_Medicine,261,no_deposit_named,no_deposit_named,
PMID:33374392,Clinical_Medicine,262,author_request_only,author_request_only,
PMID:39761501,Clinical_Medicine,263,no_lawful_text_retained,no_lawful_text_retained,
PMID:39767521,Clinical_Medicine,264,supplement_only_unverified,supplement_only_unverified,
PMID:39765373,Clinical_Medicine,265,no_lawful_text_retained,no_lawful_text_retained,
PMID:41718469,Clinical_Medicine,266,no_lawful_text_retained,no_lawful_text_retained,
PMID:41483677,Clinical_Medicine,267,no_lawful_text_retained,no_lawful_text_retained,
PMID:38159545,Clinical_Medicine,268,no_lawful_text_retained,no_lawful_text_retained,
PMID:33368345,Clinical_Medicine,269,no_lawful_text_retained,no_lawful_text_retained,
PMID:36560316,Clinical_Medicine,270,author_request_only,author_request_only,
PMID:38133583,Clinical_Medicine,271,no_lawful_text_retained,no_lawful_text_retained,
PMID:38147494,Clinical_Medicine,272,no_lawful_text_retained,no_lawful_text_retained,
PMID:33393640,Clinical_Medicine,273,no_lawful_text_retained,no_lawful_text_retained,
PMID:39960711,Clinical_Medicine,274,no_lawful_text_retained,no_lawful_text_retained,
PMID:38149661,Clinical_Medicine,275,no_lawful_text_retained,no_lawful_text_retained,
PMID:36598420,Clinical_Medicine,276,no_lawful_text_retained,no_lawful_text_retained,
PMID:41652714,Clinical_Medicine,277,no_lawful_text_retained,no_lawful_text_retained,
PMID:38199219,Clinical_Medicine,278,no_lawful_text_retained,no_lawful_text_retained,
PMID:38113699,Clinical_Medicine,279,no_lawful_text_retained,no_lawful_text_retained,
PMID:33641770,Clinical_Medicine,280,no_lawful_text_retained,no_lawful_text_retained,
PMID:35094929,Clinical_Medicine,281,no_deposit_named,no_deposit_named,
PMID:41460042,Clinical_Medicine,282,no_lawful_text_retained,no_lawful_text_retained,
PMID:33422422,Clinical_Medicine,283,no_lawful_text_retained,no_lawful_text_retained,
PMID:38153191,Clinical_Medicine,284,no_lawful_text_retained,no_lawful_text_retained,
PMID:40039225,Clinical_Medicine,285,no_lawful_text_retained,no_lawful_text_retained,
PMID:41471644,Clinical_Medicine,286,author_request_only,author_request_only,
PMID:38206774,Clinical_Medicine,287,no_lawful_text_retained,no_lawful_text_retained,
PMID:38215598,Clinical_Medicine,288,no_lawful_text_retained,no_lawful_text_retained,
PMID:33844763,Clinical_Medicine,289,no_lawful_text_retained,no_lawful_text_retained,
PMID:38151173,Clinical_Medicine,290,no_lawful_text_retained,no_lawful_text_retained,
PMID:34975087,Clinical_Medicine,291,no_lawful_text_retained,no_lawful_text_retained,
PMID:36613547,Clinical_Medicine,292,no_deposit_named,no_deposit_named,
PMID:38222346,Clinical_Medicine,293,no_lawful_text_retained,no_lawful_text_retained,
PMID:38206686,Clinical_Medicine,294,author_request_only,author_request_only,
PMID:36796898,Clinical_Medicine,295,no_lawful_text_retained,no_lawful_text_retained,
PMID:38150158,Clinical_Medicine,296,no_lawful_text_retained,no_lawful_text_retained,
PMID:38376291,Clinical_Medicine,297,no_lawful_text_retained,no_lawful_text_retained,
PMID:41516550,Clinical_Medicine,298,application_required,application_required,
PMID:36581942,Clinical_Medicine,299,open_route_named_pending_listing,,geo:GSE41271=anonymous_listing_with_sizes_within_caps; geo:GSE30219=announced_sizes_exceed_amendment_caps; geo:GSE5372=anonymous_listing_with_sizes_within_caps; geo:GSE5059=listing_http_404
PMID:40038957,Clinical_Medicine,300,no_lawful_text_retained,no_lawful_text_retained,
PMID:38186681,Clinical_Medicine,301,no_deposit_named,no_deposit_named,
PMID:41578750,Clinical_Medicine,302,no_lawful_text_retained,no_lawful_text_retained,
PMID:38159792,Clinical_Medicine,303,no_lawful_text_retained,no_lawful_text_retained,
PMID:36584449,Clinical_Medicine,304,no_lawful_text_retained,no_lawful_text_retained,
PMID:34958797,Clinical_Medicine,305,author_request_only,author_request_only,
PMID:35250846,Clinical_Medicine,306,no_deposit_named,no_deposit_named,
PMID:36812271,Clinical_Medicine,307,no_lawful_text_retained,no_lawful_text_retained,
PMID:39724383,Clinical_Medicine,308,author_request_only,author_request_only,
PMID:34946315,Clinical_Medicine,309,author_request_only,author_request_only,
PMID:36577267,Clinical_Medicine,310,no_lawful_text_retained,no_lawful_text_retained,
PMID:40341589,Clinical_Medicine,311,author_request_only,author_request_only,
PMID:38700297,Clinical_Medicine,312,no_lawful_text_retained,no_lawful_text_retained,
PMID:41443287,Clinical_Medicine,313,no_lawful_text_retained,no_lawful_text_retained,
PMID:33456451,Clinical_Medicine,314,no_deposit_named,no_deposit_named,
PMID:41425969,Clinical_Medicine,315,supplement_only_unverified,supplement_only_unverified,
PMID:33470962,Clinical_Medicine,316,no_lawful_text_retained,no_lawful_text_retained,
PMID:34973203,Clinical_Medicine,317,no_lawful_text_retained,no_lawful_text_retained,
PMID:35009694,Clinical_Medicine,318,author_request_only,author_request_only,
PMID:34974568,Clinical_Medicine,319,no_lawful_text_retained,no_lawful_text_retained,
PMID:33444264,Clinical_Medicine,320,no_lawful_text_retained,no_lawful_text_retained,
PMID:38150741,Clinical_Medicine,321,no_deposit_named,no_deposit_named,
PMID:34946292,Clinical_Medicine,322,no_deposit_named,no_deposit_named,
PMID:39746387,Clinical_Medicine,323,no_lawful_text_retained,no_lawful_text_retained,
PMID:38112063,Clinical_Medicine,324,no_lawful_text_retained,no_lawful_text_retained,
PMID:33421840,Clinical_Medicine,325,no_lawful_text_retained,no_lawful_text_retained,
PMID:40104230,Clinical_Medicine,326,no_deposit_named,no_deposit_named,
PMID:41567776,Clinical_Medicine,327,supplement_only_unverified,supplement_only_unverified,
PMID:36641988,Clinical_Medicine,328,no_lawful_text_retained,no_lawful_text_retained,
PMID:38157048,Clinical_Medicine,329,no_lawful_text_retained,no_lawful_text_retained,
PMID:41574869,Clinical_Medicine,330,no_lawful_text_retained,no_lawful_text_retained,
PMID:34007304,Clinical_Medicine,331,no_deposit_named,no_deposit_named,
PMID:39885965,Clinical_Medicine,332,no_deposit_named,no_deposit_named,
PMID:36660983,Clinical_Medicine,333,no_lawful_text_retained,no_lawful_text_retained,
PMID:34946640,Clinical_Medicine,334,no_deposit_named,no_deposit_named,
PMID:38145800,Clinical_Medicine,335,no_lawful_text_retained,no_lawful_text_retained,
PMID:36157555,Clinical_Medicine,336,no_deposit_named,no_deposit_named,
PMID:33862541,Clinical_Medicine,337,no_deposit_named,no_deposit_named,
PMID:40014547,Clinical_Medicine,338,no_deposit_named,no_deposit_named,
PMID:41466143,Clinical_Medicine,339,no_lawful_text_retained,no_lawful_text_retained,
PMID:39858404,Clinical_Medicine,340,no_deposit_named,no_deposit_named,
PMID:33386230,Clinical_Medicine,341,no_lawful_text_retained,no_lawful_text_retained,
PMID:36630821,Clinical_Medicine,342,no_deposit_named,no_deposit_named,
PMID:38232243,Clinical_Medicine,343,no_deposit_named,no_deposit_named,
PMID:36728797,Clinical_Medicine,344,no_lawful_text_retained,no_lawful_text_retained,
PMID:39759900,Clinical_Medicine,345,no_deposit_named,no_deposit_named,
PMID:41472734,Clinical_Medicine,346,open_route_named_pending_listing,,geo:GSE134347=announced_sizes_exceed_amendment_caps; geo:GSE167363=anonymous_listing_with_sizes_within_caps; geo:GSE220189=announced_sizes_exceed_amendment_caps; geo:GSE65682=anonymous_listing_with_sizes_within_caps
PMID:36585640,Clinical_Medicine,347,author_request_only,author_request_only,
PMID:36565279,Clinical_Medicine,348,no_lawful_text_retained,no_lawful_text_retained,
PMID:34973985,Clinical_Medicine,349,no_lawful_text_retained,no_lawful_text_retained,
PMID:41468620,Clinical_Medicine,350,no_lawful_text_retained,no_lawful_text_retained,
PMID:39788518,Clinical_Medicine,351,author_request_only,author_request_only,
PMID:33402912,Clinical_Medicine,352,no_deposit_named,no_deposit_named,
PMID:41449991,Clinical_Medicine,353,no_lawful_text_retained,no_lawful_text_retained,
PMID:41500861,Clinical_Medicine,354,no_lawful_text_retained,no_lawful_text_retained,
PMID:34952390,Clinical_Medicine,355,no_lawful_text_retained,no_lawful_text_retained,
PMID:39736021,Clinical_Medicine,356,author_request_only,author_request_only,
PMID:34958134,Clinical_Medicine,357,no_deposit_named,no_deposit_named,
PMID:33382775,Clinical_Medicine,358,no_deposit_named,no_deposit_named,
PMID:36587417,Clinical_Medicine,359,no_lawful_text_retained,no_lawful_text_retained,
PMID:33428864,Clinical_Medicine,360,no_lawful_text_retained,no_lawful_text_retained,
PMID:36636326,Clinical_Medicine,361,supplement_only_unverified,supplement_only_unverified,
PMID:38320023,Clinical_Medicine,362,no_lawful_text_retained,no_lawful_text_retained,
PMID:41487615,Clinical_Medicine,363,author_request_only,author_request_only,
PMID:35039275,Clinical_Medicine,364,no_lawful_text_retained,no_lawful_text_retained,
PMID:34948546,Clinical_Medicine,365,no_deposit_named,no_deposit_named,
PMID:39740620,Clinical_Medicine,366,no_lawful_text_retained,no_lawful_text_retained,
PMID:38143197,Clinical_Medicine,367,author_request_only,author_request_only,
PMID:39733792,Clinical_Medicine,368,no_lawful_text_retained,no_lawful_text_retained,
PMID:36626916,Clinical_Medicine,369,no_lawful_text_retained,no_lawful_text_retained,
PMID:39721915,Clinical_Medicine,370,no_lawful_text_retained,no_lawful_text_retained,
PMID:41442183,Clinical_Medicine,371,no_lawful_text_retained,no_lawful_text_retained,
PMID:36621036,Clinical_Medicine,372,no_deposit_named,no_deposit_named,
PMID:38179733,Clinical_Medicine,373,no_lawful_text_retained,no_lawful_text_retained,
PMID:33418131,Clinical_Medicine,374,no_lawful_text_retained,no_lawful_text_retained,
PMID:38448385,Clinical_Medicine,375,no_lawful_text_retained,no_lawful_text_retained,
PMID:38375354,Clinical_Medicine,376,no_deposit_named,no_deposit_named,
PMID:41442849,Clinical_Medicine,377,no_lawful_text_retained,no_lawful_text_retained,
PMID:37561329,Clinical_Medicine,378,no_lawful_text_retained,no_lawful_text_retained,
PMID:39796124,Clinical_Medicine,379,supplement_only_unverified,supplement_only_unverified,
PMID:36910390,Clinical_Medicine,380,no_deposit_named,no_deposit_named,
PMID:33379360,Clinical_Medicine,381,no_deposit_named,no_deposit_named,
PMID:33431347,Clinical_Medicine,382,no_lawful_text_retained,no_lawful_text_retained,
PMID:38159357,Clinical_Medicine,383,no_lawful_text_retained,no_lawful_text_retained,
PMID:35770588,Clinical_Medicine,384,no_lawful_text_retained,no_lawful_text_retained,
PMID:33448736,Clinical_Medicine,385,no_lawful_text_retained,no_lawful_text_retained,
PMID:41512655,Clinical_Medicine,386,no_lawful_text_retained,no_lawful_text_retained,
PMID:33512809,Clinical_Medicine,387,no_deposit_named,no_deposit_named,
PMID:41467864,Clinical_Medicine,388,no_lawful_text_retained,no_lawful_text_retained,
PMID:41418728,Clinical_Medicine,389,no_lawful_text_retained,no_lawful_text_retained,
PMID:35008623,Clinical_Medicine,390,no_deposit_named,no_deposit_named,
PMID:36563743,Clinical_Medicine,391,no_lawful_text_retained,no_lawful_text_retained,
PMID:37449486,Clinical_Medicine,392,open_route_named_pending_listing,no_deposit_named,osf:w2ndr=identifier_is_an_osf_files_not_a_data_deposit
PMID:38143919,Clinical_Medicine,393,author_request_only,author_request_only,
PMID:38158544,Clinical_Medicine,394,no_lawful_text_retained,no_lawful_text_retained,
PMID:36796888,Clinical_Medicine,395,no_lawful_text_retained,no_lawful_text_retained,
PMID:36606833,Clinical_Medicine,396,no_lawful_text_retained,no_lawful_text_retained,
PMID:41482056,Clinical_Medicine,397,no_lawful_text_retained,no_lawful_text_retained,
PMID:41418740,Clinical_Medicine,398,no_lawful_text_retained,no_lawful_text_retained,
PMID:33536736,Clinical_Medicine,399,no_lawful_text_retained,no_lawful_text_retained,
PMID:38246808,Clinical_Medicine,400,no_lawful_text_retained,no_lawful_text_retained,
PMID:33371771,Clinical_Medicine,401,no_lawful_text_retained,no_lawful_text_retained,
PMID:36585925,Clinical_Medicine,402,no_deposit_named,no_deposit_named,
PMID:39897954,Clinical_Medicine,403,author_request_only,author_request_only,
PMID:39721418,Clinical_Medicine,404,no_lawful_text_retained,no_lawful_text_retained,
PMID:36629631,Clinical_Medicine,405,no_deposit_named,no_deposit_named,
PMID:33612781,Clinical_Medicine,406,no_lawful_text_retained,no_lawful_text_retained,
PMID:36732144,Clinical_Medicine,407,no_lawful_text_retained,no_lawful_text_retained,
PMID:41483742,Clinical_Medicine,408,no_lawful_text_retained,no_lawful_text_retained,
PMID:36586580,Clinical_Medicine,409,no_lawful_text_retained,no_lawful_text_retained,
PMID:34647584,Clinical_Medicine,410,no_lawful_text_retained,no_lawful_text_retained,
PMID:34941045,Clinical_Medicine,411,no_deposit_named,no_deposit_named,
PMID:39736579,Clinical_Medicine,412,supplement_only_unverified,supplement_only_unverified,
PMID:41562091,Clinical_Medicine,413,open_route_named_pending_listing,,geo:GSE172301=anonymous_listing_with_sizes_within_caps
PMID:41467459,Clinical_Medicine,414,supplement_only_unverified,supplement_only_unverified,
PMID:40038931,Clinical_Medicine,415,no_lawful_text_retained,no_lawful_text_retained,
PMID:39769304,Clinical_Medicine,416,no_deposit_named,no_deposit_named,
PMID:36562798,Clinical_Medicine,417,no_deposit_named,no_deposit_named,
PMID:35044938,Clinical_Medicine,418,no_lawful_text_retained,no_lawful_text_retained,
PMID:33395996,Clinical_Medicine,419,no_deposit_named,no_deposit_named,
PMID:34974202,Clinical_Medicine,420,no_lawful_text_retained,no_lawful_text_retained,
PMID:36616612,Clinical_Medicine,421,author_request_only,author_request_only,
PMID:38158664,Clinical_Medicine,422,no_lawful_text_retained,no_lawful_text_retained,
PMID:41448222,Clinical_Medicine,423,no_lawful_text_retained,no_lawful_text_retained,
PMID:41459851,Clinical_Medicine,424,author_request_only,author_request_only,
PMID:33645511,Clinical_Medicine,425,no_lawful_text_retained,no_lawful_text_retained,
PMID:41418108,Clinical_Medicine,426,no_lawful_text_retained,no_lawful_text_retained,
PMID:33422986,Clinical_Medicine,427,no_lawful_text_retained,no_lawful_text_retained,
PMID:41442045,Clinical_Medicine,428,supplement_only_unverified,supplement_only_unverified,
PMID:34972519,Clinical_Medicine,429,author_request_only,author_request_only,
PMID:39727707,Clinical_Medicine,430,author_request_only,author_request_only,
PMID:41457732,Clinical_Medicine,431,no_lawful_text_retained,no_lawful_text_retained,
PMID:34973385,Clinical_Medicine,432,no_lawful_text_retained,no_lawful_text_retained,
PMID:38920170,Clinical_Medicine,433,no_lawful_text_retained,no_lawful_text_retained,
PMID:36637385,Clinical_Medicine,434,no_deposit_named,no_deposit_named,
PMID:39798264,Clinical_Medicine,435,no_lawful_text_retained,no_lawful_text_retained,
PMID:36595965,Clinical_Medicine,436,no_lawful_text_retained,no_lawful_text_retained,
PMID:36259199,Clinical_Medicine,437,no_lawful_text_retained,no_lawful_text_retained,
PMID:38114632,Clinical_Medicine,438,no_lawful_text_retained,no_lawful_text_retained,
PMID:36580071,Clinical_Medicine,439,no_lawful_text_retained,no_lawful_text_retained,
PMID:36580078,Clinical_Medicine,440,no_lawful_text_retained,no_lawful_text_retained,
PMID:35165064,Clinical_Medicine,441,no_lawful_text_retained,no_lawful_text_retained,
PMID:34968481,Clinical_Medicine,442,no_lawful_text_retained,no_lawful_text_retained,
PMID:33378429,Clinical_Medicine,443,no_lawful_text_retained,no_lawful_text_retained,
PMID:36626526,Clinical_Medicine,444,author_request_only,author_request_only,
PMID:33378893,Clinical_Medicine,445,no_lawful_text_retained,no_lawful_text_retained,
PMID:40039996,Clinical_Medicine,446,no_lawful_text_retained,no_lawful_text_retained,
PMID:34194834,Clinical_Medicine,447,no_deposit_named,no_deposit_named,
PMID:33546946,Clinical_Medicine,448,no_lawful_text_retained,no_lawful_text_retained,
PMID:33652396,Clinical_Medicine,449,no_lawful_text_retained,no_lawful_text_retained,
PMID:38525633,Clinical_Medicine,450,no_lawful_text_retained,no_lawful_text_retained,
PMID:41469431,Clinical_Medicine,451,author_request_only,author_request_only,
PMID:36592488,Clinical_Medicine,452,no_lawful_text_retained,no_lawful_text_retained,
PMID:33381592,Clinical_Medicine,453,open_route_named_pending_listing,,geo:GSE118916=anonymous_listing_with_sizes_within_caps; geo:GSE54129=anonymous_listing_with_sizes_within_caps; geo:GSE79973=anonymous_listing_with_sizes_within_caps; geo:GSE19826=anonymous_listing_with_sizes_within_caps
PMID:36573823,Clinical_Medicine,454,no_lawful_text_retained,no_lawful_text_retained,
PMID:36573886,Clinical_Medicine,455,no_lawful_text_retained,no_lawful_text_retained,
PMID:39960700,Clinical_Medicine,456,no_lawful_text_retained,no_lawful_text_retained,
PMID:35018977,Clinical_Medicine,457,no_lawful_text_retained,no_lawful_text_retained,
PMID:33478907,Clinical_Medicine,458,no_lawful_text_retained,no_lawful_text_retained,
PMID:36563670,Clinical_Medicine,459,no_lawful_text_retained,no_lawful_text_retained,
PMID:36567608,Clinical_Medicine,460,no_lawful_text_retained,no_lawful_text_retained,
PMID:38127652,Clinical_Medicine,461,no_deposit_named,no_deposit_named,
PMID:39811182,Clinical_Medicine,462,no_lawful_text_retained,no_lawful_text_retained,
PMID:34954715,Clinical_Medicine,463,no_lawful_text_retained,no_lawful_text_retained,
PMID:34952905,Clinical_Medicine,464,open_route_named_pending_listing,,geo:GSE132771=anonymous_listing_with_sizes_within_caps; proteomexchange:PXD029028=some_or_all_files_without_announced_size; geo:GSE173738=anonymous_listing_with_sizes_within_caps
PMID:38145706,Clinical_Medicine,465,no_lawful_text_retained,no_lawful_text_retained,
PMID:36566199,Clinical_Medicine,466,author_request_only,author_request_only,
PMID:33371715,Clinical_Medicine,467,no_lawful_text_retained,no_lawful_text_retained,
PMID:38938689,Clinical_Medicine,468,open_route_named_pending_listing,,figshare:15029016=anonymous_listing_with_sizes_within_caps
PMID:41667355,Clinical_Medicine,469,no_lawful_text_retained,no_lawful_text_retained,
PMID:39464252,Clinical_Medicine,470,no_lawful_text_retained,no_lawful_text_retained,
PMID:39781306,Clinical_Medicine,471,no_deposit_named,no_deposit_named,
PMID:39792418,Clinical_Medicine,472,no_lawful_text_retained,no_lawful_text_retained,
PMID:38157026,Clinical_Medicine,473,no_lawful_text_retained,no_lawful_text_retained,
PMID:36607938,Clinical_Medicine,474,no_lawful_text_retained,no_lawful_text_retained,
PMID:34950103,Clinical_Medicine,475,supplement_only_unverified,supplement_only_unverified,
PMID:36604038,Clinical_Medicine,476,no_lawful_text_retained,no_lawful_text_retained,
PMID:33375538,Clinical_Medicine,477,no_deposit_named,no_deposit_named,
PMID:33565503,Clinical_Medicine,478,no_lawful_text_retained,no_lawful_text_retained,
PMID:39976985,Clinical_Medicine,479,no_lawful_text_retained,no_lawful_text_retained,
PMID:35088752,Clinical_Medicine,480,no_lawful_text_retained,no_lawful_text_retained,
PMID:33381586,Clinical_Medicine,481,no_deposit_named,no_deposit_named,
PMID:33373473,Clinical_Medicine,482,no_lawful_text_retained,no_lawful_text_retained,
PMID:33431341,Clinical_Medicine,483,no_lawful_text_retained,no_lawful_text_retained,
PMID:33612630,Clinical_Medicine,484,no_lawful_text_retained,no_lawful_text_retained,
PMID:33370648,Clinical_Medicine,485,no_lawful_text_retained,no_lawful_text_retained,
PMID:41562046,Clinical_Medicine,486,no_deposit_named,no_deposit_named,
PMID:41557548,Clinical_Medicine,487,no_deposit_named,no_deposit_named,
PMID:36723466,Clinical_Medicine,488,no_lawful_text_retained,no_lawful_text_retained,
PMID:36584023,Clinical_Medicine,489,open_route_named_pending_listing,above_cap,bioproject:PRJEB57919=announced_sizes_exceed_amendment_caps; bioproject:PRJNA781095=announced_sizes_exceed_amendment_caps
PMID:36565503,Clinical_Medicine,490,no_deposit_named,no_deposit_named,
PMID:41468397,Clinical_Medicine,491,no_deposit_named,no_deposit_named,
PMID:33558769,Clinical_Medicine,492,no_deposit_named,no_deposit_named,
PMID:36920777,Clinical_Medicine,493,no_lawful_text_retained,no_lawful_text_retained,
PMID:41466142,Clinical_Medicine,494,no_lawful_text_retained,no_lawful_text_retained,
PMID:38117549,Clinical_Medicine,495,author_request_only,author_request_only,
PMID:36695469,Clinical_Medicine,496,no_deposit_named,no_deposit_named,
PMID:38045579,Clinical_Medicine,497,no_deposit_named,no_deposit_named,
PMID:39730567,Clinical_Medicine,498,author_request_only,author_request_only,
PMID:34953247,Clinical_Medicine,499,no_lawful_text_retained,no_lawful_text_retained,
PMID:39789678,Clinical_Medicine,500,no_lawful_text_retained,no_lawful_text_retained,
PMID:41731868,Clinical_Medicine,501,no_lawful_text_retained,no_lawful_text_retained,
PMID:39876963,Clinical_Medicine,502,no_deposit_named,no_deposit_named,
PMID:33373376,Clinical_Medicine,503,no_deposit_named,no_deposit_named,
PMID:38149452,Clinical_Medicine,504,no_deposit_named,no_deposit_named,
PMID:41816724,Clinical_Medicine,505,no_deposit_named,no_deposit_named,
PMID:36630994,Clinical_Medicine,506,no_lawful_text_retained,no_lawful_text_retained,
PMID:38151040,Clinical_Medicine,507,no_lawful_text_retained,no_lawful_text_retained,
PMID:36604192,Clinical_Medicine,508,no_lawful_text_retained,no_lawful_text_retained,
PMID:41475762,Clinical_Medicine,509,no_lawful_text_retained,no_lawful_text_retained,
PMID:38370534,Clinical_Medicine,510,no_deposit_named,no_deposit_named,
PMID:38151755,Clinical_Medicine,511,no_lawful_text_retained,no_lawful_text_retained,
PMID:37021175,Clinical_Medicine,512,no_lawful_text_retained,no_lawful_text_retained,
PMID:33372698,Clinical_Medicine,513,author_request_only,author_request_only,
PMID:33414896,Clinical_Medicine,514,author_request_only,author_request_only,
PMID:39999313,Clinical_Medicine,515,no_deposit_named,no_deposit_named,
PMID:39874515,Clinical_Medicine,516,no_lawful_text_retained,no_lawful_text_retained,
PMID:41440895,Clinical_Medicine,517,author_request_only,author_request_only,
PMID:38188676,Clinical_Medicine,518,supplement_only_unverified,supplement_only_unverified,
PMID:34957588,Clinical_Medicine,519,no_lawful_text_retained,no_lawful_text_retained,
PMID:33485592,Clinical_Medicine,520,no_lawful_text_retained,no_lawful_text_retained,
PMID:33424853,Clinical_Medicine,521,supplement_only_unverified,supplement_only_unverified,
PMID:40039278,Clinical_Medicine,522,no_lawful_text_retained,no_lawful_text_retained,
PMID:39911754,Clinical_Medicine,523,no_deposit_named,no_deposit_named,
PMID:38131000,Clinical_Medicine,524,no_deposit_named,no_deposit_named,
PMID:38154661,Clinical_Medicine,525,no_lawful_text_retained,no_lawful_text_retained,
PMID:40039226,Clinical_Medicine,526,no_lawful_text_retained,no_lawful_text_retained,
PMID:36575659,Clinical_Medicine,527,no_deposit_named,no_deposit_named,
PMID:41417639,Clinical_Medicine,528,author_request_only,author_request_only,
PMID:33393428,Clinical_Medicine,529,no_lawful_text_retained,no_lawful_text_retained,
PMID:39736390,Clinical_Medicine,530,no_lawful_text_retained,no_lawful_text_retained,
PMID:39995006,Clinical_Medicine,531,no_lawful_text_retained,no_lawful_text_retained,
PMID:41576604,Clinical_Medicine,532,no_lawful_text_retained,no_lawful_text_retained,
PMID:41511012,Clinical_Medicine,533,no_lawful_text_retained,no_lawful_text_retained,
PMID:35042679,Clinical_Medicine,534,no_lawful_text_retained,no_lawful_text_retained,
PMID:41420353,Clinical_Medicine,535,no_lawful_text_retained,no_lawful_text_retained,
PMID:39729638,Clinical_Medicine,536,no_lawful_text_retained,no_lawful_text_retained,
PMID:34971645,Clinical_Medicine,537,no_lawful_text_retained,no_lawful_text_retained,
PMID:39737895,Clinical_Medicine,538,open_route_named_pending_listing,,geo:GSE182109=announced_sizes_exceed_amendment_caps; geo:GSE264695=anonymous_listing_with_sizes_within_caps; geo:GSE121810=anonymous_listing_with_sizes_within_caps
PMID:38158597,Clinical_Medicine,539,no_lawful_text_retained,no_lawful_text_retained,
PMID:41878359,Clinical_Medicine,540,no_deposit_named,no_deposit_named,
PMID:36581550,Clinical_Medicine,541,no_lawful_text_retained,no_lawful_text_retained,
PMID:41565405,Clinical_Medicine,542,no_lawful_text_retained,no_lawful_text_retained,
PMID:38158165,Clinical_Medicine,543,no_lawful_text_retained,no_lawful_text_retained,
PMID:36624026,Clinical_Medicine,544,no_lawful_text_retained,no_lawful_text_retained,
PMID:39911232,Clinical_Medicine,545,supplement_only_unverified,supplement_only_unverified,
PMID:36576264,Clinical_Medicine,546,no_lawful_text_retained,no_lawful_text_retained,
PMID:36927276,Clinical_Medicine,547,no_lawful_text_retained,no_lawful_text_retained,
PMID:40024009,Clinical_Medicine,548,no_lawful_text_retained,no_lawful_text_retained,
PMID:35559913,Clinical_Medicine,549,no_lawful_text_retained,no_lawful_text_retained,
PMID:38156542,Clinical_Medicine,550,no_lawful_text_retained,no_lawful_text_retained,
PMID:33650645,Clinical_Medicine,551,author_request_only,author_request_only,
PMID:35076417,Clinical_Medicine,552,no_lawful_text_retained,no_lawful_text_retained,
PMID:33372546,Clinical_Medicine,553,no_deposit_named,no_deposit_named,
PMID:38141594,Clinical_Medicine,554,no_deposit_named,no_deposit_named,
PMID:41421376,Clinical_Medicine,555,no_lawful_text_retained,no_lawful_text_retained,
PMID:38155481,Clinical_Medicine,556,no_deposit_named,no_deposit_named,
PMID:36556977,Clinical_Medicine,557,no_deposit_named,no_deposit_named,
PMID:39967504,Clinical_Medicine,558,no_lawful_text_retained,no_lawful_text_retained,
PMID:39733101,Clinical_Medicine,559,supplement_only_unverified,supplement_only_unverified,
PMID:34954310,Clinical_Medicine,560,no_lawful_text_retained,no_lawful_text_retained,
PMID:33463100,Clinical_Medicine,561,no_lawful_text_retained,no_lawful_text_retained,
PMID:36621456,Clinical_Medicine,562,no_lawful_text_retained,no_lawful_text_retained,
PMID:39746587,Clinical_Medicine,563,no_lawful_text_retained,no_lawful_text_retained,
PMID:41726508,Clinical_Medicine,564,no_lawful_text_retained,no_lawful_text_retained,
PMID:36748689,Clinical_Medicine,565,no_lawful_text_retained,no_lawful_text_retained,
PMID:35000838,Clinical_Medicine,566,no_lawful_text_retained,no_lawful_text_retained,
PMID:33413833,Clinical_Medicine,567,no_deposit_named,no_deposit_named,
PMID:41459642,Clinical_Medicine,568,no_lawful_text_retained,no_lawful_text_retained,
PMID:36584673,Clinical_Medicine,569,no_lawful_text_retained,no_lawful_text_retained,
PMID:41602083,Clinical_Medicine,570,no_deposit_named,no_deposit_named,
PMID:33375988,Clinical_Medicine,571,no_lawful_text_retained,no_lawful_text_retained,
PMID:39831273,Clinical_Medicine,572,no_lawful_text_retained,no_lawful_text_retained,
PMID:38153492,Clinical_Medicine,573,no_lawful_text_retained,no_lawful_text_retained,
PMID:41578990,Clinical_Medicine,574,no_lawful_text_retained,no_lawful_text_retained,
PMID:33386287,Clinical_Medicine,575,no_lawful_text_retained,no_lawful_text_retained,
PMID:41478065,Clinical_Medicine,576,no_lawful_text_retained,no_lawful_text_retained,
PMID:33603264,Clinical_Medicine,577,no_deposit_named,no_deposit_named,
PMID:36580065,Clinical_Medicine,578,no_lawful_text_retained,no_lawful_text_retained,
PMID:39842183,Clinical_Medicine,579,application_required,application_required,
PMID:36609078,Clinical_Medicine,580,no_lawful_text_retained,no_lawful_text_retained,
PMID:33545639,Clinical_Medicine,581,no_lawful_text_retained,no_lawful_text_retained,
PMID:33537125,Clinical_Medicine,582,open_route_named_pending_listing,,figshare:13017899=anonymous_listing_with_sizes_within_caps
PMID:35381732,Clinical_Medicine,583,no_lawful_text_retained,no_lawful_text_retained,
PMID:36598079,Clinical_Medicine,584,open_route_named_pending_listing,,bioproject:PRJNA738676=anonymous_listing_with_sizes_within_caps
PMID:39742714,Clinical_Medicine,585,no_lawful_text_retained,no_lawful_text_retained,
PMID:33376098,Clinical_Medicine,586,no_lawful_text_retained,no_lawful_text_retained,
PMID:38158409,Clinical_Medicine,587,no_lawful_text_retained,no_lawful_text_retained,
PMID:41478032,Clinical_Medicine,588,no_lawful_text_retained,no_lawful_text_retained,
PMID:33370375,Clinical_Medicine,589,no_deposit_named,no_deposit_named,
PMID:38221876,Clinical_Medicine,590,no_lawful_text_retained,no_lawful_text_retained,
PMID:38160406,Clinical_Medicine,591,no_lawful_text_retained,no_lawful_text_retained,
PMID:34951749,Clinical_Medicine,592,no_lawful_text_retained,no_lawful_text_retained,
PMID:38113746,Clinical_Medicine,593,no_lawful_text_retained,no_lawful_text_retained,
PMID:33485712,Clinical_Medicine,594,no_lawful_text_retained,no_lawful_text_retained,
PMID:35107072,Clinical_Medicine,595,no_lawful_text_retained,no_lawful_text_retained,
PMID:33360732,Clinical_Medicine,596,no_lawful_text_retained,no_lawful_text_retained,
PMID:36565617,Clinical_Medicine,597,no_lawful_text_retained,no_lawful_text_retained,
PMID:41468824,Clinical_Medicine,598,no_lawful_text_retained,no_lawful_text_retained,
PMID:36722806,Clinical_Medicine,599,no_lawful_text_retained,no_lawful_text_retained,
PMID:36563538,Clinical_Medicine,600,no_lawful_text_retained,no_lawful_text_retained,
PMID:39850862,Clinical_Medicine,601,no_deposit_named,no_deposit_named,
PMID:33425171,Clinical_Medicine,602,author_request_only,author_request_only,
PMID:40039384,Clinical_Medicine,603,no_lawful_text_retained,no_lawful_text_retained,
PMID:36565369,Clinical_Medicine,604,supplement_only_unverified,supplement_only_unverified,
PMID:37585029,Clinical_Medicine,605,no_lawful_text_retained,no_lawful_text_retained,
PMID:34092410,Clinical_Medicine,606,no_lawful_text_retained,no_lawful_text_retained,
PMID:38126538,Clinical_Medicine,607,no_lawful_text_retained,no_lawful_text_retained,
PMID:38143146,Clinical_Medicine,608,no_lawful_text_retained,no_lawful_text_retained,
PMID:38123587,Clinical_Medicine,609,open_route_named_pending_listing,,zenodo:3757476=anonymous_listing_with_sizes_within_caps
PMID:38223623,Clinical_Medicine,610,no_deposit_named,no_deposit_named,
PMID:41632159,Clinical_Medicine,611,code_only_deposit,code_only_deposit,
PMID:36648988,Clinical_Medicine,612,supplement_only_unverified,supplement_only_unverified,
PMID:41531474,Clinical_Medicine,613,application_required,application_required,
PMID:34954672,Clinical_Medicine,614,no_lawful_text_retained,no_lawful_text_retained,
PMID:39739907,Clinical_Medicine,615,no_lawful_text_retained,no_lawful_text_retained,
PMID:39726604,Clinical_Medicine,616,supplement_only_unverified,supplement_only_unverified,
PMID:37092065,Clinical_Medicine,617,no_deposit_named,no_deposit_named,
PMID:41457731,Clinical_Medicine,618,no_lawful_text_retained,no_lawful_text_retained,
PMID:36571169,Clinical_Medicine,619,no_lawful_text_retained,no_lawful_text_retained,
PMID:36647952,Clinical_Medicine,620,no_lawful_text_retained,no_lawful_text_retained,
PMID:39937556,Clinical_Medicine,621,no_lawful_text_retained,no_lawful_text_retained,
PMID:36730460,Clinical_Medicine,622,no_lawful_text_retained,no_lawful_text_retained,
PMID:38554316,Clinical_Medicine,623,no_lawful_text_retained,no_lawful_text_retained,
PMID:41635439,Clinical_Medicine,624,no_deposit_named,no_deposit_named,
PMID:41429774,Clinical_Medicine,625,code_only_deposit,code_only_deposit,
PMID:33365392,Clinical_Medicine,626,no_deposit_named,no_deposit_named,
PMID:34952139,Clinical_Medicine,627,no_deposit_named,no_deposit_named,
PMID:40497801,Clinical_Medicine,628,no_lawful_text_retained,no_lawful_text_retained,
PMID:33361719,Clinical_Medicine,629,no_lawful_text_retained,no_lawful_text_retained,
PMID:38288430,Clinical_Medicine,630,supplement_only_unverified,supplement_only_unverified,
PMID:39829095,Clinical_Medicine,631,no_lawful_text_retained,no_lawful_text_retained,
PMID:38129538,Clinical_Medicine,632,supplement_only_unverified,supplement_only_unverified,
PMID:36579929,Clinical_Medicine,633,no_lawful_text_retained,no_lawful_text_retained,
PMID:33412768,Clinical_Medicine,634,no_deposit_named,no_deposit_named,
PMID:36568751,Clinical_Medicine,635,supplement_only_unverified,supplement_only_unverified,
PMID:38113095,Clinical_Medicine,636,no_lawful_text_retained,no_lawful_text_retained,
PMID:39756114,Clinical_Medicine,637,no_lawful_text_retained,no_lawful_text_retained,
PMID:36578916,Clinical_Medicine,638,no_deposit_named,no_deposit_named,
PMID:36563964,Clinical_Medicine,639,no_lawful_text_retained,no_lawful_text_retained,
PMID:33396955,Clinical_Medicine,640,author_request_only,author_request_only,
PMID:39740610,Clinical_Medicine,641,no_lawful_text_retained,no_lawful_text_retained,
PMID:36581825,Clinical_Medicine,642,supplement_only_unverified,supplement_only_unverified,
PMID:41459771,Clinical_Medicine,643,no_lawful_text_retained,no_lawful_text_retained,
PMID:39796490,Clinical_Medicine,644,author_request_only,author_request_only,
PMID:41490016,Clinical_Medicine,645,no_lawful_text_retained,no_lawful_text_retained,
PMID:34968532,Clinical_Medicine,646,no_lawful_text_retained,no_lawful_text_retained,
PMID:40039402,Clinical_Medicine,647,no_lawful_text_retained,no_lawful_text_retained,
PMID:38155336,Clinical_Medicine,648,no_lawful_text_retained,no_lawful_text_retained,
PMID:41727537,Clinical_Medicine,649,no_deposit_named,no_deposit_named,
PMID:41420780,Clinical_Medicine,650,supplement_only_unverified,supplement_only_unverified,
PMID:40031541,Clinical_Medicine,651,no_lawful_text_retained,no_lawful_text_retained,
PMID:34285426,Clinical_Medicine,652,no_deposit_named,no_deposit_named,
PMID:34941114,Clinical_Medicine,653,author_request_only,author_request_only,
PMID:40561443,Clinical_Medicine,654,no_lawful_text_retained,no_lawful_text_retained,
PMID:39864901,Clinical_Medicine,655,no_lawful_text_retained,no_lawful_text_retained,
PMID:38117252,Clinical_Medicine,656,no_lawful_text_retained,no_lawful_text_retained,
PMID:38747763,Clinical_Medicine,657,no_lawful_text_retained,no_lawful_text_retained,
PMID:40599443,Clinical_Medicine,658,no_lawful_text_retained,no_lawful_text_retained,
PMID:36807090,Clinical_Medicine,659,no_lawful_text_retained,no_lawful_text_retained,
PMID:33559623,Clinical_Medicine,660,no_deposit_named,no_deposit_named,
PMID:34977248,Clinical_Medicine,661,supplement_only_unverified,supplement_only_unverified,
PMID:33796185,Clinical_Medicine,662,no_deposit_named,no_deposit_named,
PMID:40226711,Clinical_Medicine,663,author_request_only,author_request_only,
PMID:33382825,Clinical_Medicine,664,no_deposit_named,no_deposit_named,
PMID:41459858,Clinical_Medicine,665,supplement_only_unverified,supplement_only_unverified,
PMID:33573525,Clinical_Medicine,666,no_lawful_text_retained,no_lawful_text_retained,
PMID:33379760,Clinical_Medicine,667,no_lawful_text_retained,no_lawful_text_retained,
PMID:36612997,Clinical_Medicine,668,author_request_only,author_request_only,
PMID:33512804,Clinical_Medicine,669,no_deposit_named,no_deposit_named,
PMID:36586762,Clinical_Medicine,670,no_lawful_text_retained,no_lawful_text_retained,
PMID:38127190,Clinical_Medicine,671,no_lawful_text_retained,no_lawful_text_retained,
PMID:38112702,Clinical_Medicine,672,no_lawful_text_retained,no_lawful_text_retained,
PMID:41447004,Clinical_Medicine,673,no_lawful_text_retained,no_lawful_text_retained,
PMID:33446428,Clinical_Medicine,674,no_deposit_named,no_deposit_named,
PMID:39735636,Clinical_Medicine,675,author_request_only,author_request_only,
PMID:41516667,Clinical_Medicine,676,open_route_named_pending_listing,code_only_deposit,zenodo:17992932=every_listed_file_is_implementation_material
PMID:33427244,Clinical_Medicine,677,no_lawful_text_retained,no_lawful_text_retained,
PMID:38196226,Clinical_Medicine,678,no_lawful_text_retained,no_lawful_text_retained,
PMID:34992599,Clinical_Medicine,679,supplement_only_unverified,supplement_only_unverified,
PMID:36613836,Clinical_Medicine,680,no_deposit_named,no_deposit_named,
PMID:36586801,Clinical_Medicine,681,no_lawful_text_retained,no_lawful_text_retained,
PMID:39768157,Clinical_Medicine,682,author_request_only,author_request_only,
PMID:36729860,Clinical_Medicine,683,no_lawful_text_retained,no_lawful_text_retained,
PMID:33363546,Clinical_Medicine,684,open_route_named_pending_listing,,bioproject:PRJNA682703=anonymous_listing_with_sizes_within_caps
PMID:39733725,Clinical_Medicine,685,no_lawful_text_retained,no_lawful_text_retained,
PMID:38292486,Clinical_Medicine,686,no_deposit_named,no_deposit_named,
PMID:38896675,Clinical_Medicine,687,no_lawful_text_retained,no_lawful_text_retained,
PMID:33855569,Clinical_Medicine,688,no_lawful_text_retained,no_lawful_text_retained,
PMID:38113616,Clinical_Medicine,689,no_deposit_named,no_deposit_named,
PMID:39724284,Clinical_Medicine,690,supplement_only_unverified,supplement_only_unverified,
PMID:40086912,Clinical_Medicine,691,no_lawful_text_retained,no_lawful_text_retained,
PMID:35005647,Clinical_Medicine,692,no_deposit_named,no_deposit_named,
PMID:36560297,Clinical_Medicine,693,no_deposit_named,no_deposit_named,
PMID:39752871,Clinical_Medicine,694,no_deposit_named,no_deposit_named,
PMID:34952706,Clinical_Medicine,695,no_lawful_text_retained,no_lawful_text_retained,
PMID:35116037,Clinical_Medicine,696,no_deposit_named,no_deposit_named,
PMID:36703817,Clinical_Medicine,697,no_deposit_named,no_deposit_named,
PMID:39846977,Clinical_Medicine,698,no_lawful_text_retained,no_lawful_text_retained,
PMID:40039592,Clinical_Medicine,699,no_lawful_text_retained,no_lawful_text_retained,
PMID:36574918,Clinical_Medicine,700,no_lawful_text_retained,no_lawful_text_retained,
PMID:38130134,Clinical_Medicine,701,no_deposit_named,no_deposit_named,
PMID:36588362,Clinical_Medicine,702,no_deposit_named,no_deposit_named,
PMID:36561557,Clinical_Medicine,703,no_deposit_named,no_deposit_named,
PMID:41423070,Clinical_Medicine,704,open_route_named_pending_listing,listing_unavailable,zenodo:15042299=listing_http_404
PMID:41564011,Clinical_Medicine,705,no_deposit_named,no_deposit_named,
PMID:41417629,Clinical_Medicine,706,no_deposit_named,no_deposit_named,
PMID:34939504,Clinical_Medicine,707,no_lawful_text_retained,no_lawful_text_retained,
PMID:36616804,Clinical_Medicine,708,no_deposit_named,no_deposit_named,
PMID:36563962,Clinical_Medicine,709,no_lawful_text_retained,no_lawful_text_retained,
PMID:41476097,Clinical_Medicine,710,open_route_named_pending_listing,,geo:GSE294668=anonymous_listing_with_sizes_within_caps; zenodo:17645268=anonymous_listing_with_sizes_within_caps
PMID:34094014,Clinical_Medicine,711,no_deposit_named,no_deposit_named,
PMID:37585123,Clinical_Medicine,712,no_lawful_text_retained,no_lawful_text_retained,
PMID:39727315,Clinical_Medicine,713,no_lawful_text_retained,no_lawful_text_retained,
PMID:36722130,Clinical_Medicine,714,no_lawful_text_retained,no_lawful_text_retained,
PMID:33381559,Clinical_Medicine,715,author_request_only,author_request_only,
PMID:33570267,Clinical_Medicine,716,no_deposit_named,no_deposit_named,
PMID:36593660,Clinical_Medicine,717,no_deposit_named,no_deposit_named,
PMID:33485668,Clinical_Medicine,718,no_lawful_text_retained,no_lawful_text_retained,
PMID:36557969,Clinical_Medicine,719,author_request_only,author_request_only,
PMID:35008729,Clinical_Medicine,720,no_deposit_named,no_deposit_named,
PMID:35110000,Clinical_Medicine,721,no_lawful_text_retained,no_lawful_text_retained,
PMID:41418690,Clinical_Medicine,722,no_lawful_text_retained,no_lawful_text_retained,
PMID:36564643,Clinical_Medicine,723,no_lawful_text_retained,no_lawful_text_retained,
PMID:39808584,Clinical_Medicine,724,no_lawful_text_retained,no_lawful_text_retained,
PMID:39737605,Clinical_Medicine,725,no_deposit_named,no_deposit_named,
PMID:39739082,Clinical_Medicine,726,no_lawful_text_retained,no_lawful_text_retained,
PMID:41526164,Clinical_Medicine,727,no_deposit_named,no_deposit_named,
PMID:34979663,Clinical_Medicine,728,no_lawful_text_retained,no_lawful_text_retained,
PMID:41640534,Clinical_Medicine,729,no_deposit_named,no_deposit_named,
PMID:41422393,Clinical_Medicine,730,no_lawful_text_retained,no_lawful_text_retained,
PMID:35229805,Clinical_Medicine,731,no_lawful_text_retained,no_lawful_text_retained,
PMID:38146504,Clinical_Medicine,732,no_deposit_named,no_deposit_named,
PMID:36581164,Clinical_Medicine,733,no_lawful_text_retained,no_lawful_text_retained,
PMID:36764836,Clinical_Medicine,734,no_lawful_text_retained,no_lawful_text_retained,
PMID:38161089,Clinical_Medicine,735,no_lawful_text_retained,no_lawful_text_retained,
PMID:33448492,Clinical_Medicine,736,no_lawful_text_retained,no_lawful_text_retained,
PMID:41469229,Clinical_Medicine,737,author_request_only,author_request_only,
PMID:34991021,Clinical_Medicine,738,no_lawful_text_retained,no_lawful_text_retained,
PMID:36634435,Clinical_Medicine,739,no_lawful_text_retained,no_lawful_text_retained,
PMID:41469042,Clinical_Medicine,740,supplement_only_unverified,supplement_only_unverified,
PMID:34999891,Clinical_Medicine,741,author_request_only,author_request_only,
PMID:38167568,Clinical_Medicine,742,no_lawful_text_retained,no_lawful_text_retained,
PMID:33568574,Clinical_Medicine,743,no_lawful_text_retained,no_lawful_text_retained,
PMID:37265506,Clinical_Medicine,744,open_route_named_pending_listing,,figshare:19558969=anonymous_listing_with_sizes_within_caps; figshare:19728016=anonymous_listing_with_sizes_within_caps
PMID:38133849,Clinical_Medicine,745,no_lawful_text_retained,no_lawful_text_retained,
PMID:33388296,Clinical_Medicine,746,no_lawful_text_retained,no_lawful_text_retained,
PMID:33536673,Clinical_Medicine,747,no_deposit_named,no_deposit_named,
PMID:36587996,Clinical_Medicine,748,no_lawful_text_retained,no_lawful_text_retained,
PMID:34955672,Clinical_Medicine,749,no_deposit_named,no_deposit_named,
PMID:38187392,Clinical_Medicine,750,no_deposit_named,no_deposit_named,
PMID:39872516,Clinical_Medicine,751,open_route_named_pending_listing,,geo:GSE60542=anonymous_listing_with_sizes_within_caps; geo:GSE76039=anonymous_listing_with_sizes_within_caps; geo:GSE33630=anonymous_listing_with_sizes_within_caps; geo:GSE53157=anonymous_listing_with_sizes_within_caps
PMID:34974571,Clinical_Medicine,752,no_lawful_text_retained,no_lawful_text_retained,
PMID:36661368,Clinical_Medicine,753,no_lawful_text_retained,no_lawful_text_retained,
PMID:35096315,Clinical_Medicine,754,no_lawful_text_retained,no_lawful_text_retained,
PMID:34953337,Clinical_Medicine,755,no_lawful_text_retained,no_lawful_text_retained,
PMID:33359634,Clinical_Medicine,756,no_lawful_text_retained,no_lawful_text_retained,
PMID:36564805,Clinical_Medicine,757,open_route_named_pending_listing,above_cap,bioproject:PRJNA836621=announced_sizes_exceed_amendment_caps
PMID:37436324,Clinical_Medicine,758,no_lawful_text_retained,no_lawful_text_retained,
PMID:41554069,Clinical_Medicine,759,no_lawful_text_retained,no_lawful_text_retained,
PMID:34960558,Clinical_Medicine,760,no_deposit_named,no_deposit_named,
PMID:41443463,Clinical_Medicine,761,no_lawful_text_retained,no_lawful_text_retained,
PMID:33386156,Clinical_Medicine,762,no_lawful_text_retained,no_lawful_text_retained,
PMID:34952416,Clinical_Medicine,763,no_lawful_text_retained,no_lawful_text_retained,
PMID:40777942,Clinical_Medicine,764,no_deposit_named,no_deposit_named,
PMID:36577955,Clinical_Medicine,765,author_request_only,author_request_only,
PMID:41417400,Clinical_Medicine,766,no_lawful_text_retained,no_lawful_text_retained,
PMID:33376568,Clinical_Medicine,767,author_request_only,author_request_only,
PMID:41470082,Clinical_Medicine,768,no_deposit_named,no_deposit_named,
PMID:39774313,Clinical_Medicine,769,no_lawful_text_retained,no_lawful_text_retained,
PMID:34961638,Clinical_Medicine,770,no_lawful_text_retained,no_lawful_text_retained,
PMID:36696646,Clinical_Medicine,771,no_lawful_text_retained,no_lawful_text_retained,
PMID:38217909,Clinical_Medicine,772,no_lawful_text_retained,no_lawful_text_retained,
PMID:36752249,Clinical_Medicine,773,no_lawful_text_retained,no_lawful_text_retained,
PMID:33418142,Clinical_Medicine,774,no_deposit_named,no_deposit_named,
PMID:33411367,Clinical_Medicine,775,author_request_only,author_request_only,
PMID:38204307,Clinical_Medicine,776,no_lawful_text_retained,no_lawful_text_retained,
PMID:38974285,Clinical_Medicine,777,no_deposit_named,no_deposit_named,
PMID:36572965,Clinical_Medicine,778,no_deposit_named,no_deposit_named,
PMID:34974129,Clinical_Medicine,779,no_lawful_text_retained,no_lawful_text_retained,
PMID:39724078,Clinical_Medicine,780,no_lawful_text_retained,no_lawful_text_retained,
PMID:38140560,Clinical_Medicine,781,no_deposit_named,no_deposit_named,
PMID:39904676,Clinical_Medicine,782,no_lawful_text_retained,no_lawful_text_retained,
PMID:41438213,Clinical_Medicine,783,no_lawful_text_retained,no_lawful_text_retained,
PMID:41774480,Clinical_Medicine,784,no_lawful_text_retained,no_lawful_text_retained,
PMID:41448675,Clinical_Medicine,785,author_request_only,author_request_only,
PMID:41452812,Clinical_Medicine,786,code_only_deposit,code_only_deposit,
PMID:40039420,Clinical_Medicine,787,no_lawful_text_retained,no_lawful_text_retained,
PMID:33396841,Clinical_Medicine,788,author_request_only,author_request_only,
PMID:39768850,Clinical_Medicine,789,supplement_only_unverified,supplement_only_unverified,
PMID:36617271,Clinical_Medicine,790,no_lawful_text_retained,no_lawful_text_retained,
PMID:38153750,Clinical_Medicine,791,no_deposit_named,no_deposit_named,
PMID:36647958,Clinical_Medicine,792,no_lawful_text_retained,no_lawful_text_retained,
PMID:38153441,Clinical_Medicine,793,no_lawful_text_retained,no_lawful_text_retained,
PMID:38158053,Clinical_Medicine,794,no_lawful_text_retained,no_lawful_text_retained,
PMID:38152867,Clinical_Medicine,795,no_lawful_text_retained,no_lawful_text_retained,
PMID:35145591,Clinical_Medicine,796,no_deposit_named,no_deposit_named,
PMID:33490251,Clinical_Medicine,797,no_deposit_named,no_deposit_named,
PMID:40039505,Clinical_Medicine,798,no_lawful_text_retained,no_lawful_text_retained,
PMID:33453476,Clinical_Medicine,799,no_lawful_text_retained,no_lawful_text_retained,
PMID:33377105,Clinical_Medicine,800,no_deposit_named,no_deposit_named,
PMID:39911780,Clinical_Medicine,801,supplement_only_unverified,supplement_only_unverified,
PMID:36586039,Clinical_Medicine,802,supplement_only_unverified,supplement_only_unverified,
PMID:41573385,Clinical_Medicine,803,supplement_only_unverified,supplement_only_unverified,
PMID:33374779,Clinical_Medicine,804,author_request_only,author_request_only,
PMID:38124191,Clinical_Medicine,805,author_request_only,author_request_only,
PMID:36710049,Clinical_Medicine,806,no_lawful_text_retained,no_lawful_text_retained,
PMID:36586162,Clinical_Medicine,807,no_lawful_text_retained,no_lawful_text_retained,
PMID:41448698,Clinical_Medicine,808,code_only_deposit,code_only_deposit,
PMID:33372061,Clinical_Medicine,809,no_lawful_text_retained,no_lawful_text_retained,
PMID:38130919,Clinical_Medicine,810,no_deposit_named,no_deposit_named,
PMID:41455883,Clinical_Medicine,811,author_request_only,author_request_only,
PMID:38185040,Clinical_Medicine,812,no_lawful_text_retained,no_lawful_text_retained,
PMID:36605200,Clinical_Medicine,813,open_route_named_pending_listing,,geo:GSE49710=anonymous_listing_with_sizes_within_caps; arrayexpress:E-MTAB-8248=some_or_all_files_without_announced_size; geo:GSE78220=anonymous_listing_with_sizes_within_caps; geo:GSE155000=anonymous_listing_with_sizes_within_caps
PMID:41469053,Clinical_Medicine,814,no_deposit_named,no_deposit_named,
PMID:38154216,Clinical_Medicine,815,no_lawful_text_retained,no_lawful_text_retained,
PMID:38158320,Clinical_Medicine,816,no_lawful_text_retained,no_lawful_text_retained,
PMID:40039061,Clinical_Medicine,817,no_lawful_text_retained,no_lawful_text_retained,
PMID:39737829,Clinical_Medicine,818,no_lawful_text_retained,no_lawful_text_retained,
PMID:34077094,Clinical_Medicine,819,no_lawful_text_retained,no_lawful_text_retained,
PMID:38682717,Clinical_Medicine,820,no_lawful_text_retained,no_lawful_text_retained,
PMID:39725877,Clinical_Medicine,821,supplement_only_unverified,supplement_only_unverified,
PMID:38127105,Clinical_Medicine,822,no_lawful_text_retained,no_lawful_text_retained,
PMID:41441914,Clinical_Medicine,823,no_lawful_text_retained,no_lawful_text_retained,
PMID:39886825,Clinical_Medicine,824,no_lawful_text_retained,no_lawful_text_retained,
PMID:35475837,Clinical_Medicine,825,no_lawful_text_retained,no_lawful_text_retained,
PMID:41431245,Clinical_Medicine,826,author_request_only,author_request_only,
PMID:36560125,Clinical_Medicine,827,no_deposit_named,no_deposit_named,
PMID:36580495,Clinical_Medicine,828,no_deposit_named,no_deposit_named,
PMID:36676638,Clinical_Medicine,829,no_deposit_named,no_deposit_named,
PMID:41626983,Clinical_Medicine,830,open_route_named_pending_listing,code_only_deposit,zenodo:15707313=every_listed_file_is_implementation_material
PMID:39732448,Clinical_Medicine,831,no_lawful_text_retained,no_lawful_text_retained,
PMID:33376184,Clinical_Medicine,832,open_route_named_pending_listing,,osf:3rwxb=anonymous_listing_with_sizes_within_caps
PMID:35222587,Clinical_Medicine,833,no_deposit_named,no_deposit_named,
PMID:36563126,Clinical_Medicine,834,no_lawful_text_retained,no_lawful_text_retained,
PMID:33371111,Clinical_Medicine,835,author_request_only,author_request_only,
PMID:33423997,Clinical_Medicine,836,no_lawful_text_retained,no_lawful_text_retained,
PMID:33536731,Clinical_Medicine,837,no_lawful_text_retained,no_lawful_text_retained,
PMID:41472347,Clinical_Medicine,838,no_deposit_named,no_deposit_named,
PMID:39936067,Clinical_Medicine,839,no_deposit_named,no_deposit_named,
PMID:34967586,Clinical_Medicine,840,supplement_only_unverified,supplement_only_unverified,
PMID:41453241,Clinical_Medicine,841,no_lawful_text_retained,no_lawful_text_retained,
PMID:34940278,Clinical_Medicine,842,author_request_only,author_request_only,
PMID:36650854,Clinical_Medicine,843,no_deposit_named,no_deposit_named,
PMID:36600666,Clinical_Medicine,844,no_lawful_text_retained,no_lawful_text_retained,
PMID:36625876,Clinical_Medicine,845,no_lawful_text_retained,no_lawful_text_retained,
PMID:35417437,Clinical_Medicine,846,no_lawful_text_retained,no_lawful_text_retained,
PMID:39902187,Clinical_Medicine,847,open_route_named_pending_listing,,bioproject:PRJNA704514=anonymous_listing_with_sizes_within_caps
PMID:33370218,Clinical_Medicine,848,no_lawful_text_retained,no_lawful_text_retained,
PMID:39794264,Clinical_Medicine,849,no_lawful_text_retained,no_lawful_text_retained,
PMID:38146680,Clinical_Medicine,850,no_deposit_named,no_deposit_named,
PMID:38167578,Clinical_Medicine,851,no_lawful_text_retained,no_lawful_text_retained,
PMID:41465152,Clinical_Medicine,852,author_request_only,author_request_only,
PMID:33376080,Clinical_Medicine,853,no_lawful_text_retained,no_lawful_text_retained,
PMID:33379107,Clinical_Medicine,854,no_lawful_text_retained,no_lawful_text_retained,
PMID:41419048,Clinical_Medicine,855,no_lawful_text_retained,no_lawful_text_retained,
PMID:40039924,Clinical_Medicine,856,no_lawful_text_retained,no_lawful_text_retained,
PMID:33402607,Clinical_Medicine,857,author_request_only,author_request_only,
PMID:36730093,Clinical_Medicine,858,no_lawful_text_retained,no_lawful_text_retained,
PMID:41496427,Clinical_Medicine,859,no_deposit_named,no_deposit_named,
PMID:39796063,Clinical_Medicine,860,open_route_named_pending_listing,,geo:GSE112026=anonymous_listing_with_sizes_within_caps; geo:GSE91061=anonymous_listing_with_sizes_within_caps
PMID:38812632,Clinical_Medicine,861,no_deposit_named,no_deposit_named,
PMID:41687658,Clinical_Medicine,862,no_lawful_text_retained,no_lawful_text_retained,
PMID:33475093,Clinical_Medicine,863,no_lawful_text_retained,no_lawful_text_retained,
PMID:41422923,Clinical_Medicine,864,no_lawful_text_retained,no_lawful_text_retained,
PMID:34972282,Clinical_Medicine,865,no_lawful_text_retained,no_lawful_text_retained,
PMID:36577605,Clinical_Medicine,866,no_lawful_text_retained,no_lawful_text_retained,
PMID:40063966,Clinical_Medicine,867,author_request_only,author_request_only,
PMID:39740611,Clinical_Medicine,868,no_lawful_text_retained,no_lawful_text_retained,
PMID:33369554,Clinical_Medicine,869,no_lawful_text_retained,no_lawful_text_retained,
PMID:39796520,Clinical_Medicine,870,supplement_only_unverified,supplement_only_unverified,
PMID:34999556,Clinical_Medicine,871,no_lawful_text_retained,no_lawful_text_retained,
PMID:36575580,Clinical_Medicine,872,no_lawful_text_retained,no_lawful_text_retained,
PMID:33434518,Clinical_Medicine,873,no_lawful_text_retained,no_lawful_text_retained,
PMID:41529537,Clinical_Medicine,874,no_lawful_text_retained,no_lawful_text_retained,
PMID:36589828,Clinical_Medicine,875,no_deposit_named,no_deposit_named,
PMID:34941035,Clinical_Medicine,876,author_request_only,author_request_only,
PMID:33664733,Clinical_Medicine,877,no_deposit_named,no_deposit_named,
PMID:41443583,Clinical_Medicine,878,no_lawful_text_retained,no_lawful_text_retained,
PMID:39729224,Clinical_Medicine,879,no_lawful_text_retained,no_lawful_text_retained,
PMID:33373869,Clinical_Medicine,880,no_lawful_text_retained,no_lawful_text_retained,
PMID:35049215,Clinical_Medicine,881,author_request_only,author_request_only,
PMID:38845738,Clinical_Medicine,882,no_lawful_text_retained,no_lawful_text_retained,
PMID:33373024,Clinical_Medicine,883,author_request_only,author_request_only,
PMID:40535171,Clinical_Medicine,884,open_route_named_pending_listing,,zenodo:11582350=anonymous_listing_with_sizes_within_caps; zenodo:12761294=anonymous_listing_with_sizes_within_caps
PMID:36645758,Clinical_Medicine,885,no_deposit_named,no_deposit_named,
PMID:39832240,Clinical_Medicine,886,no_lawful_text_retained,no_lawful_text_retained,
PMID:36623171,Clinical_Medicine,887,no_lawful_text_retained,no_lawful_text_retained,
PMID:40039804,Clinical_Medicine,888,no_lawful_text_retained,no_lawful_text_retained,
PMID:38661678,Clinical_Medicine,889,no_lawful_text_retained,no_lawful_text_retained,
PMID:36944052,Clinical_Medicine,890,no_lawful_text_retained,no_lawful_text_retained,
PMID:33428146,Clinical_Medicine,891,no_lawful_text_retained,no_lawful_text_retained,
PMID:39738431,Clinical_Medicine,892,author_request_only,author_request_only,
PMID:41554021,Clinical_Medicine,893,no_lawful_text_retained,no_lawful_text_retained,
PMID:33461803,Clinical_Medicine,894,no_deposit_named,no_deposit_named,
PMID:36259186,Clinical_Medicine,895,no_lawful_text_retained,no_lawful_text_retained,
PMID:39878275,Clinical_Medicine,896,no_lawful_text_retained,no_lawful_text_retained,
PMID:36562786,Clinical_Medicine,897,supplement_only_unverified,supplement_only_unverified,
PMID:38225156,Clinical_Medicine,898,no_lawful_text_retained,no_lawful_text_retained,
PMID:38141389,Clinical_Medicine,899,no_lawful_text_retained,no_lawful_text_retained,
PMID:41661425,Clinical_Medicine,900,no_lawful_text_retained,no_lawful_text_retained,
PMID:33361481,Clinical_Medicine,901,no_lawful_text_retained,no_lawful_text_retained,
PMID:36563673,Clinical_Medicine,902,no_lawful_text_retained,no_lawful_text_retained,
PMID:36631309,Clinical_Medicine,903,no_deposit_named,no_deposit_named,
PMID:35027190,Clinical_Medicine,904,no_lawful_text_retained,no_lawful_text_retained,
PMID:41455466,Clinical_Medicine,905,no_lawful_text_retained,no_lawful_text_retained,
PMID:33380014,Clinical_Medicine,906,no_lawful_text_retained,no_lawful_text_retained,
PMID:34958170,Clinical_Medicine,907,no_lawful_text_retained,no_lawful_text_retained,
PMID:41468657,Clinical_Medicine,908,no_lawful_text_retained,no_lawful_text_retained,
PMID:40199291,Clinical_Medicine,909,no_deposit_named,no_deposit_named,
PMID:41419105,Clinical_Medicine,910,no_lawful_text_retained,no_lawful_text_retained,
PMID:40018019,Clinical_Medicine,911,author_request_only,author_request_only,
PMID:36557058,Clinical_Medicine,912,author_request_only,author_request_only,
PMID:36587184,Clinical_Medicine,913,supplement_only_unverified,supplement_only_unverified,
PMID:36567378,Clinical_Medicine,914,no_lawful_text_retained,no_lawful_text_retained,
PMID:33475502,Clinical_Medicine,915,no_lawful_text_retained,no_lawful_text_retained,
PMID:39806595,Clinical_Medicine,916,no_deposit_named,no_deposit_named,
PMID:39326325,Clinical_Medicine,917,no_lawful_text_retained,no_lawful_text_retained,
PMID:34960750,Clinical_Medicine,918,no_deposit_named,no_deposit_named,
PMID:38172025,Clinical_Medicine,919,no_lawful_text_retained,no_lawful_text_retained,
PMID:39754729,Clinical_Medicine,920,no_lawful_text_retained,no_lawful_text_retained,
PMID:39738223,Clinical_Medicine,921,open_route_named_pending_listing,,geo:GSE192897=anonymous_listing_with_sizes_within_caps
PMID:38156864,Clinical_Medicine,922,no_deposit_named,no_deposit_named,
PMID:39744643,Clinical_Medicine,923,supplement_only_unverified,supplement_only_unverified,
PMID:39766789,Clinical_Medicine,924,author_request_only,author_request_only,
PMID:36574755,Clinical_Medicine,925,no_lawful_text_retained,no_lawful_text_retained,
PMID:39809169,Clinical_Medicine,926,no_deposit_named,no_deposit_named,
PMID:39882133,Clinical_Medicine,927,supplement_only_unverified,supplement_only_unverified,
PMID:33364758,Clinical_Medicine,928,no_deposit_named,no_deposit_named,
PMID:34983934,Clinical_Medicine,929,no_lawful_text_retained,no_lawful_text_retained,
PMID:34965748,Clinical_Medicine,930,no_lawful_text_retained,no_lawful_text_retained,
PMID:41455942,Clinical_Medicine,931,supplement_only_unverified,supplement_only_unverified,
PMID:38279423,Clinical_Medicine,932,no_lawful_text_retained,no_lawful_text_retained,
PMID:41444239,Clinical_Medicine,933,open_route_named_pending_listing,,figshare:30529484=anonymous_listing_with_sizes_within_caps
PMID:33418171,Clinical_Medicine,934,application_required,application_required,
PMID:34968126,Clinical_Medicine,935,no_lawful_text_retained,no_lawful_text_retained,
PMID:34946841,Clinical_Medicine,936,no_deposit_named,no_deposit_named,
PMID:41728879,Clinical_Medicine,937,no_lawful_text_retained,no_lawful_text_retained,
PMID:36696307,Clinical_Medicine,938,no_lawful_text_retained,no_lawful_text_retained,
PMID:33412412,Clinical_Medicine,939,no_lawful_text_retained,no_lawful_text_retained,
PMID:41646974,Clinical_Medicine,940,open_route_named_pending_listing,,geo:GSE149614=anonymous_listing_with_sizes_within_caps; geo:GSE58208=anonymous_listing_with_sizes_within_caps; arrayexpress:E-MTAB-16408=some_or_all_files_without_announced_size
PMID:41646964,Clinical_Medicine,941,no_deposit_named,no_deposit_named,
PMID:40039277,Clinical_Medicine,942,no_lawful_text_retained,no_lawful_text_retained,
PMID:39730613,Clinical_Medicine,943,open_route_named_pending_listing,,geo:GSE148673=anonymous_listing_with_sizes_within_caps; geo:GSE21653=anonymous_listing_with_sizes_within_caps
PMID:36571596,Clinical_Medicine,944,no_lawful_text_retained,no_lawful_text_retained,
PMID:35074590,Clinical_Medicine,945,no_deposit_named,no_deposit_named,
PMID:38181521,Clinical_Medicine,946,no_lawful_text_retained,no_lawful_text_retained,
PMID:36628718,Clinical_Medicine,947,no_lawful_text_retained,no_lawful_text_retained,
PMID:36740333,Clinical_Medicine,948,no_lawful_text_retained,no_lawful_text_retained,
PMID:40037544,Clinical_Medicine,949,open_route_named_pending_listing,,geo:GSE62087=anonymous_listing_with_sizes_within_caps; geo:GSE33000=anonymous_listing_with_sizes_within_caps
PMID:36686452,Clinical_Medicine,950,supplement_only_unverified,supplement_only_unverified,
PMID:36165138,Clinical_Medicine,951,no_lawful_text_retained,no_lawful_text_retained,
PMID:38112250,Clinical_Medicine,952,author_request_only,author_request_only,
PMID:39724629,Clinical_Medicine,953,no_lawful_text_retained,no_lawful_text_retained,
PMID:38354212,Clinical_Medicine,954,no_lawful_text_retained,no_lawful_text_retained,
PMID:36618342,Clinical_Medicine,955,no_deposit_named,no_deposit_named,
PMID:41649416,Clinical_Medicine,956,no_lawful_text_retained,no_lawful_text_retained,
PMID:38134191,Clinical_Medicine,957,no_deposit_named,no_deposit_named,
PMID:39727102,Clinical_Medicine,958,no_deposit_named,no_deposit_named,
PMID:39727011,Clinical_Medicine,959,no_deposit_named,no_deposit_named,
PMID:41428937,Clinical_Medicine,960,application_required,application_required,
PMID:34957035,Clinical_Medicine,961,no_deposit_named,no_deposit_named,
PMID:33370364,Clinical_Medicine,962,no_deposit_named,no_deposit_named,
PMID:33424771,Clinical_Medicine,963,no_deposit_named,no_deposit_named,
PMID:34941889,Clinical_Medicine,964,no_deposit_named,no_deposit_named,
PMID:36618427,Clinical_Medicine,965,supplement_only_unverified,supplement_only_unverified,
PMID:39834690,Clinical_Medicine,966,no_deposit_named,no_deposit_named,
PMID:38153199,Clinical_Medicine,967,no_lawful_text_retained,no_lawful_text_retained,
PMID:39725613,Clinical_Medicine,968,no_deposit_named,no_deposit_named,
PMID:41481870,Clinical_Medicine,969,no_lawful_text_retained,no_lawful_text_retained,
PMID:38164328,Clinical_Medicine,970,open_route_named_pending_listing,,osf:vc9jb=identifier_is_a_preprint_not_a_data_deposit; zenodo:10046222=anonymous_listing_with_sizes_within_caps
PMID:34955331,Clinical_Medicine,971,no_lawful_text_retained,no_lawful_text_retained,
PMID:36608972,Clinical_Medicine,972,no_lawful_text_retained,no_lawful_text_retained,
PMID:33739301,Clinical_Medicine,973,no_lawful_text_retained,no_lawful_text_retained,
PMID:41432706,Clinical_Medicine,974,no_deposit_named,no_deposit_named,
PMID:37476818,Clinical_Medicine,975,open_route_named_pending_listing,,figshare:18865418=anonymous_listing_with_sizes_within_caps
PMID:33486357,Clinical_Medicine,976,no_lawful_text_retained,no_lawful_text_retained,
PMID:33427239,Clinical_Medicine,977,no_lawful_text_retained,no_lawful_text_retained,
PMID:39733650,Clinical_Medicine,978,no_lawful_text_retained,no_lawful_text_retained,
PMID:36566985,Clinical_Medicine,979,no_deposit_named,no_deposit_named,
PMID:38122806,Clinical_Medicine,980,no_lawful_text_retained,no_lawful_text_retained,
PMID:41448311,Clinical_Medicine,981,no_lawful_text_retained,no_lawful_text_retained,
PMID:40585516,Clinical_Medicine,982,no_deposit_named,no_deposit_named,
PMID:35158445,Clinical_Medicine,983,no_lawful_text_retained,no_lawful_text_retained,
PMID:41512428,Clinical_Medicine,984,no_lawful_text_retained,no_lawful_text_retained,
PMID:34969306,Clinical_Medicine,985,no_lawful_text_retained,no_lawful_text_retained,
PMID:33396774,Clinical_Medicine,986,no_deposit_named,no_deposit_named,
PMID:36566528,Clinical_Medicine,987,no_lawful_text_retained,no_lawful_text_retained,
PMID:33578309,Clinical_Medicine,988,no_deposit_named,no_deposit_named,
PMID:41500156,Clinical_Medicine,989,code_only_deposit,code_only_deposit,
PMID:41419056,Clinical_Medicine,990,no_lawful_text_retained,no_lawful_text_retained,
PMID:36564727,Clinical_Medicine,991,author_request_only,author_request_only,
PMID:38189435,Clinical_Medicine,992,no_lawful_text_retained,no_lawful_text_retained,
PMID:33383353,Clinical_Medicine,993,no_lawful_text_retained,no_lawful_text_retained,
PMID:36695207,Clinical_Medicine,994,no_lawful_text_retained,no_lawful_text_retained,
PMID:34967239,Clinical_Medicine,995,no_deposit_named,no_deposit_named,
PMID:36878720,Clinical_Medicine,996,no_lawful_text_retained,no_lawful_text_retained,
PMID:39830184,Clinical_Medicine,997,no_deposit_named,no_deposit_named,
PMID:40293434,Clinical_Medicine,998,no_lawful_text_retained,no_lawful_text_retained,
PMID:33626112,Clinical_Medicine,999,no_lawful_text_retained,no_lawful_text_retained,
PMID:38150492,Clinical_Medicine,1000,no_deposit_named,no_deposit_named,
PMID:40093591,Clinical_Medicine,1001,no_deposit_named,no_deposit_named,
PMID:36569837,Clinical_Medicine,1002,open_route_named_pending_listing,,geo:GSE70768=anonymous_listing_with_sizes_within_caps; geo:GSE70769=anonymous_listing_with_sizes_within_caps; geo:GSE116918=anonymous_listing_with_sizes_within_caps
PMID:40023539,Clinical_Medicine,1003,no_lawful_text_retained,no_lawful_text_retained,
PMID:36599264,Clinical_Medicine,1004,no_lawful_text_retained,no_lawful_text_retained,
PMID:33525087,Clinical_Medicine,1005,no_lawful_text_retained,no_lawful_text_retained,
PMID:41457330,Clinical_Medicine,1006,no_lawful_text_retained,no_lawful_text_retained,
PMID:33568259,Clinical_Medicine,1007,no_lawful_text_retained,no_lawful_text_retained,
PMID:38154506,Clinical_Medicine,1008,no_lawful_text_retained,no_lawful_text_retained,
PMID:39804114,Clinical_Medicine,1009,no_lawful_text_retained,no_lawful_text_retained,
PMID:36565837,Clinical_Medicine,1010,no_lawful_text_retained,no_lawful_text_retained,
PMID:38490777,Clinical_Medicine,1011,no_lawful_text_retained,no_lawful_text_retained,
PMID:41438299,Clinical_Medicine,1012,no_deposit_named,no_deposit_named,
PMID:33369251,Clinical_Medicine,1013,no_lawful_text_retained,no_lawful_text_retained,
PMID:36581563,Clinical_Medicine,1014,no_lawful_text_retained,no_lawful_text_retained,
PMID:36562088,Clinical_Medicine,1015,no_lawful_text_retained,no_lawful_text_retained,
PMID:41567790,Clinical_Medicine,1016,no_deposit_named,no_deposit_named,
PMID:38306184,Clinical_Medicine,1017,no_lawful_text_retained,no_lawful_text_retained,
PMID:33551252,Clinical_Medicine,1018,no_lawful_text_retained,no_lawful_text_retained,
PMID:36759274,Clinical_Medicine,1019,no_lawful_text_retained,no_lawful_text_retained,
PMID:33436222,Clinical_Medicine,1020,no_lawful_text_retained,no_lawful_text_retained,
PMID:41716213,Clinical_Medicine,1021,supplement_only_unverified,supplement_only_unverified,
PMID:36582099,Clinical_Medicine,1022,no_lawful_text_retained,no_lawful_text_retained,
PMID:40173603,Clinical_Medicine,1023,no_lawful_text_retained,no_lawful_text_retained,
PMID:39769284,Clinical_Medicine,1024,no_deposit_named,no_deposit_named,
PMID:33385360,Clinical_Medicine,1025,no_lawful_text_retained,no_lawful_text_retained,
PMID:41441383,Clinical_Medicine,1026,author_request_only,author_request_only,
PMID:38175444,Clinical_Medicine,1027,no_lawful_text_retained,no_lawful_text_retained,
PMID:36564441,Clinical_Medicine,1028,code_only_deposit,code_only_deposit,
PMID:41472235,Clinical_Medicine,1029,author_request_only,author_request_only,
PMID:37665807,Clinical_Medicine,1030,no_lawful_text_retained,no_lawful_text_retained,
PMID:41574865,Clinical_Medicine,1031,no_lawful_text_retained,no_lawful_text_retained,
PMID:41430587,Clinical_Medicine,1032,supplement_only_unverified,supplement_only_unverified,
PMID:36561743,Clinical_Medicine,1033,supplement_only_unverified,supplement_only_unverified,
PMID:39728598,Clinical_Medicine,1034,no_deposit_named,no_deposit_named,
PMID:35156547,Clinical_Medicine,1035,no_lawful_text_retained,no_lawful_text_retained,
PMID:34995992,Clinical_Medicine,1036,no_lawful_text_retained,no_lawful_text_retained,
PMID:37128452,Clinical_Medicine,1037,no_lawful_text_retained,no_lawful_text_retained,
PMID:37585138,Clinical_Medicine,1038,no_lawful_text_retained,no_lawful_text_retained,
PMID:33373881,Clinical_Medicine,1039,no_lawful_text_retained,no_lawful_text_retained,
PMID:39793260,Clinical_Medicine,1040,no_lawful_text_retained,no_lawful_text_retained,
PMID:41416941,Clinical_Medicine,1041,no_deposit_named,no_deposit_named,
PMID:35649964,Clinical_Medicine,1042,no_lawful_text_retained,no_lawful_text_retained,
PMID:41432093,Clinical_Medicine,1043,no_lawful_text_retained,no_lawful_text_retained,
PMID:41459530,Clinical_Medicine,1044,no_deposit_named,no_deposit_named,
PMID:34987496,Clinical_Medicine,1045,no_deposit_named,no_deposit_named,
PMID:41443825,Clinical_Medicine,1046,no_lawful_text_retained,no_lawful_text_retained,
PMID:38125723,Clinical_Medicine,1047,open_route_named_pending_listing,,geo:GSE154037=anonymous_listing_with_sizes_within_caps; geo:GSE147766=anonymous_listing_with_sizes_within_caps; geo:GSE14766=anonymous_listing_with_sizes_within_caps
PMID:39998518,Clinical_Medicine,1048,no_lawful_text_retained,no_lawful_text_retained,
PMID:35363846,Clinical_Medicine,1049,no_lawful_text_retained,no_lawful_text_retained,
PMID:35011061,Clinical_Medicine,1050,author_request_only,author_request_only,
PMID:38146726,Clinical_Medicine,1051,no_lawful_text_retained,no_lawful_text_retained,
PMID:33384388,Clinical_Medicine,1052,author_request_only,author_request_only,
PMID:33406577,Clinical_Medicine,1053,no_deposit_named,no_deposit_named,
PMID:33724221,Clinical_Medicine,1054,no_lawful_text_retained,no_lawful_text_retained,
PMID:35028613,Clinical_Medicine,1055,open_route_named_pending_listing,above_cap,geo:GSE163209=announced_sizes_exceed_amendment_caps
PMID:38670670,Clinical_Medicine,1056,no_lawful_text_retained,no_lawful_text_retained,
PMID:35190162,Clinical_Medicine,1057,no_lawful_text_retained,no_lawful_text_retained,
PMID:39729569,Clinical_Medicine,1058,no_lawful_text_retained,no_lawful_text_retained,
PMID:41431418,Clinical_Medicine,1059,author_request_only,author_request_only,
PMID:41558909,Clinical_Medicine,1060,no_lawful_text_retained,no_lawful_text_retained,
PMID:41450535,Clinical_Medicine,1061,open_route_named_pending_listing,,geo:GSE180347=anonymous_listing_with_sizes_within_caps; geo:GSE140797=anonymous_listing_with_sizes_within_caps; geo:GSE193258=anonymous_listing_with_sizes_within_caps
PMID:37222748,Clinical_Medicine,1062,code_only_deposit,code_only_deposit,
PMID:39817974,Clinical_Medicine,1063,no_lawful_text_retained,no_lawful_text_retained,
PMID:41516270,Clinical_Medicine,1064,open_route_named_pending_listing,,geo:GSE197578=anonymous_listing_with_sizes_within_caps; geo:GSE304792=anonymous_listing_with_sizes_within_caps
PMID:39743140,Clinical_Medicine,1065,no_lawful_text_retained,no_lawful_text_retained,
PMID:38260134,Clinical_Medicine,1066,supplement_only_unverified,supplement_only_unverified,
PMID:34973785,Clinical_Medicine,1067,no_lawful_text_retained,no_lawful_text_retained,
PMID:36641312,Clinical_Medicine,1068,no_lawful_text_retained,no_lawful_text_retained,
PMID:33456667,Clinical_Medicine,1069,no_deposit_named,no_deposit_named,
PMID:35011655,Clinical_Medicine,1070,no_deposit_named,no_deposit_named,
PMID:39787640,Clinical_Medicine,1071,author_request_only,author_request_only,
PMID:40053328,Clinical_Medicine,1072,no_deposit_named,no_deposit_named,
PMID:39114320,Clinical_Medicine,1073,open_route_named_pending_listing,,zenodo:8125916=anonymous_listing_with_sizes_within_caps
PMID:34958413,Clinical_Medicine,1074,supplement_only_unverified,supplement_only_unverified,
PMID:41773856,Clinical_Medicine,1075,no_lawful_text_retained,no_lawful_text_retained,
PMID:41420843,Clinical_Medicine,1076,no_lawful_text_retained,no_lawful_text_retained,
PMID:36041141,Clinical_Medicine,1077,no_lawful_text_retained,no_lawful_text_retained,
PMID:38147711,Clinical_Medicine,1078,no_lawful_text_retained,no_lawful_text_retained,
PMID:38111324,Clinical_Medicine,1079,no_lawful_text_retained,no_lawful_text_retained,
PMID:37039175,Clinical_Medicine,1080,no_lawful_text_retained,no_lawful_text_retained,
PMID:33431640,Clinical_Medicine,1081,no_lawful_text_retained,no_lawful_text_retained,
PMID:35009834,Clinical_Medicine,1082,no_deposit_named,no_deposit_named,
PMID:33419543,Clinical_Medicine,1083,no_lawful_text_retained,no_lawful_text_retained,
PMID:33753663,Clinical_Medicine,1084,no_lawful_text_retained,no_lawful_text_retained,
PMID:34958612,Clinical_Medicine,1085,no_lawful_text_retained,no_lawful_text_retained,
PMID:36580329,Clinical_Medicine,1086,no_deposit_named,no_deposit_named,
PMID:41454393,Clinical_Medicine,1087,supplement_only_unverified,supplement_only_unverified,
PMID:33362221,Clinical_Medicine,1088,no_deposit_named,no_deposit_named,
PMID:41632123,Clinical_Medicine,1089,no_deposit_named,no_deposit_named,
PMID:38112392,Clinical_Medicine,1090,no_lawful_text_retained,no_lawful_text_retained,
PMID:33449641,Clinical_Medicine,1091,no_lawful_text_retained,no_lawful_text_retained,
PMID:36701475,Clinical_Medicine,1092,no_lawful_text_retained,no_lawful_text_retained,
PMID:41456973,Clinical_Medicine,1093,no_lawful_text_retained,no_lawful_text_retained,
PMID:34949573,Clinical_Medicine,1094,no_deposit_named,no_deposit_named,
PMID:36719643,Clinical_Medicine,1095,no_lawful_text_retained,no_lawful_text_retained,
PMID:38114571,Clinical_Medicine,1096,supplement_only_unverified,supplement_only_unverified,
PMID:41666451,Clinical_Medicine,1097,no_lawful_text_retained,no_lawful_text_retained,
PMID:39728426,Clinical_Medicine,1098,no_lawful_text_retained,no_lawful_text_retained,
PMID:38115224,Clinical_Medicine,1099,no_lawful_text_retained,no_lawful_text_retained,
PMID:41478471,Clinical_Medicine,1100,no_lawful_text_retained,no_lawful_text_retained,
PMID:33416186,Clinical_Medicine,1101,author_request_only,author_request_only,
PMID:36566987,Clinical_Medicine,1102,no_lawful_text_retained,no_lawful_text_retained,
PMID:38265872,Clinical_Medicine,1103,no_lawful_text_retained,no_lawful_text_retained,
PMID:41645980,Clinical_Medicine,1104,no_lawful_text_retained,no_lawful_text_retained,
PMID:35384859,Clinical_Medicine,1105,no_lawful_text_retained,no_lawful_text_retained,
PMID:38118126,Clinical_Medicine,1106,no_lawful_text_retained,no_lawful_text_retained,
PMID:38113827,Clinical_Medicine,1107,no_lawful_text_retained,no_lawful_text_retained,
PMID:36637306,Clinical_Medicine,1108,no_lawful_text_retained,no_lawful_text_retained,
PMID:33359945,Clinical_Medicine,1109,no_lawful_text_retained,no_lawful_text_retained,
PMID:38130025,Clinical_Medicine,1110,author_request_only,author_request_only,
PMID:35152997,Clinical_Medicine,1111,no_lawful_text_retained,no_lawful_text_retained,
PMID:39806639,Clinical_Medicine,1112,no_deposit_named,no_deposit_named,
PMID:39721686,Clinical_Medicine,1113,no_deposit_named,no_deposit_named,
PMID:38203305,Clinical_Medicine,1114,no_deposit_named,no_deposit_named,
PMID:41599014,Clinical_Medicine,1115,supplement_only_unverified,supplement_only_unverified,
PMID:40039972,Clinical_Medicine,1116,no_lawful_text_retained,no_lawful_text_retained,
PMID:34942176,Clinical_Medicine,1117,no_lawful_text_retained,no_lawful_text_retained,
PMID:35222589,Clinical_Medicine,1118,no_deposit_named,no_deposit_named,
PMID:35559806,Clinical_Medicine,1119,no_lawful_text_retained,no_lawful_text_retained,
PMID:41478605,Clinical_Medicine,1120,no_lawful_text_retained,no_lawful_text_retained,
PMID:34957633,Clinical_Medicine,1121,application_required,application_required,
PMID:36745182,Clinical_Medicine,1122,no_lawful_text_retained,no_lawful_text_retained,
PMID:39730571,Clinical_Medicine,1123,open_route_named_pending_listing,,geo:GSE106584=announced_sizes_exceed_amendment_caps; geo:GSE21510=anonymous_listing_with_sizes_within_caps; geo:GSE71187=anonymous_listing_with_sizes_within_caps; geo:GSE87211=anonymous_listing_with_sizes_within_caps
PMID:33483050,Clinical_Medicine,1124,no_lawful_text_retained,no_lawful_text_retained,
PMID:33385882,Clinical_Medicine,1125,code_only_deposit,code_only_deposit,
PMID:39726231,Clinical_Medicine,1126,no_lawful_text_retained,no_lawful_text_retained,
PMID:33850064,Clinical_Medicine,1127,no_lawful_text_retained,no_lawful_text_retained,
PMID:38146656,Clinical_Medicine,1128,no_lawful_text_retained,no_lawful_text_retained,
PMID:33893262,Clinical_Medicine,1129,no_lawful_text_retained,no_lawful_text_retained,
PMID:38146696,Clinical_Medicine,1130,no_lawful_text_retained,no_lawful_text_retained,
PMID:39736691,Clinical_Medicine,1131,author_request_only,author_request_only,
PMID:33419357,Clinical_Medicine,1132,open_route_named_pending_listing,,bioproject:PRJNA641258=anonymous_listing_with_sizes_within_caps
PMID:36573436,Clinical_Medicine,1133,no_lawful_text_retained,no_lawful_text_retained,
PMID:39733989,Clinical_Medicine,1134,no_lawful_text_retained,no_lawful_text_retained,
PMID:40039761,Clinical_Medicine,1135,no_lawful_text_retained,no_lawful_text_retained,
PMID:39743397,Clinical_Medicine,1136,no_lawful_text_retained,no_lawful_text_retained,
PMID:36629831,Clinical_Medicine,1137,no_lawful_text_retained,no_lawful_text_retained,
PMID:34967103,Clinical_Medicine,1138,no_lawful_text_retained,no_lawful_text_retained,
PMID:34965758,Clinical_Medicine,1139,no_lawful_text_retained,no_lawful_text_retained,
PMID:39720844,Clinical_Medicine,1140,no_deposit_named,no_deposit_named,
PMID:41450028,Clinical_Medicine,1141,no_lawful_text_retained,no_lawful_text_retained,
PMID:34952729,Clinical_Medicine,1142,no_lawful_text_retained,no_lawful_text_retained,
PMID:40289336,Clinical_Medicine,1143,no_lawful_text_retained,no_lawful_text_retained,
PMID:36653086,Clinical_Medicine,1144,no_lawful_text_retained,no_lawful_text_retained,
PMID:39721856,Clinical_Medicine,1145,no_lawful_text_retained,no_lawful_text_retained,
PMID:33385661,Clinical_Medicine,1146,no_lawful_text_retained,no_lawful_text_retained,
PMID:34975416,Clinical_Medicine,1147,open_route_named_pending_listing,,zenodo:3925913=anonymous_listing_with_sizes_within_caps; zenodo:3925905=anonymous_listing_with_sizes_within_caps
PMID:41786326,Clinical_Medicine,1148,no_lawful_text_retained,no_lawful_text_retained,
PMID:41635542,Clinical_Medicine,1149,supplement_only_unverified,supplement_only_unverified,
PMID:36649113,Clinical_Medicine,1150,no_lawful_text_retained,no_lawful_text_retained,
PMID:39739325,Clinical_Medicine,1151,no_lawful_text_retained,no_lawful_text_retained,
PMID:41448094,Clinical_Medicine,1152,no_lawful_text_retained,no_lawful_text_retained,
PMID:33601660,Clinical_Medicine,1153,no_lawful_text_retained,no_lawful_text_retained,
PMID:40390313,Clinical_Medicine,1154,no_lawful_text_retained,no_lawful_text_retained,
PMID:38478784,Clinical_Medicine,1155,no_lawful_text_retained,no_lawful_text_retained,
PMID:41626980,Clinical_Medicine,1156,open_route_named_pending_listing,,osf:3yxqh=anonymous_listing_with_sizes_within_caps
PMID:33456596,Clinical_Medicine,1157,no_deposit_named,no_deposit_named,
PMID:33373868,Clinical_Medicine,1158,no_lawful_text_retained,no_lawful_text_retained,
PMID:33386292,Clinical_Medicine,1159,no_lawful_text_retained,no_lawful_text_retained,
PMID:39985494,Clinical_Medicine,1160,no_lawful_text_retained,no_lawful_text_retained,
PMID:36608362,Clinical_Medicine,1161,no_lawful_text_retained,no_lawful_text_retained,
PMID:36571933,Clinical_Medicine,1162,no_lawful_text_retained,no_lawful_text_retained,
PMID:35279225,Clinical_Medicine,1163,no_lawful_text_retained,no_lawful_text_retained,
PMID:37099778,Clinical_Medicine,1164,no_lawful_text_retained,no_lawful_text_retained,
PMID:34973598,Clinical_Medicine,1165,no_lawful_text_retained,no_lawful_text_retained,
PMID:36557869,Clinical_Medicine,1166,no_deposit_named,no_deposit_named,
PMID:36888822,Clinical_Medicine,1167,no_deposit_named,no_deposit_named,
PMID:39745078,Clinical_Medicine,1168,no_lawful_text_retained,no_lawful_text_retained,
PMID:39724901,Clinical_Medicine,1169,no_lawful_text_retained,no_lawful_text_retained,
PMID:40052401,Clinical_Medicine,1170,no_lawful_text_retained,no_lawful_text_retained,
PMID:39757989,Clinical_Medicine,1171,no_lawful_text_retained,no_lawful_text_retained,
PMID:36940290,Clinical_Medicine,1172,no_deposit_named,no_deposit_named,
PMID:38123287,Clinical_Medicine,1173,no_lawful_text_retained,no_lawful_text_retained,
PMID:35008845,Clinical_Medicine,1174,no_deposit_named,no_deposit_named,
PMID:38237987,Clinical_Medicine,1175,no_lawful_text_retained,no_lawful_text_retained,
PMID:41424275,Clinical_Medicine,1176,author_request_only,author_request_only,
PMID:39795127,Clinical_Medicine,1177,no_deposit_named,no_deposit_named,
PMID:37070473,Clinical_Medicine,1178,author_request_only,author_request_only,
PMID:33524849,Clinical_Medicine,1179,no_deposit_named,no_deposit_named,
PMID:41576856,Clinical_Medicine,1180,no_lawful_text_retained,no_lawful_text_retained,
PMID:35164484,Clinical_Medicine,1181,no_deposit_named,no_deposit_named,
PMID:33389853,Clinical_Medicine,1182,no_lawful_text_retained,no_lawful_text_retained,
PMID:41585812,Clinical_Medicine,1183,no_deposit_named,no_deposit_named,
PMID:33570313,Clinical_Medicine,1184,no_lawful_text_retained,no_lawful_text_retained,
PMID:36607921,Clinical_Medicine,1185,no_lawful_text_retained,no_lawful_text_retained,
PMID:34946699,Clinical_Medicine,1186,no_deposit_named,no_deposit_named,
PMID:33383179,Clinical_Medicine,1187,application_required,application_required,
PMID:41561859,Clinical_Medicine,1188,supplement_only_unverified,supplement_only_unverified,
PMID:38117863,Clinical_Medicine,1189,open_route_named_pending_listing,,zenodo:8373447=anonymous_listing_with_sizes_within_caps
PMID:40040018,Clinical_Medicine,1190,no_lawful_text_retained,no_lawful_text_retained,
PMID:41512568,Clinical_Medicine,1191,no_lawful_text_retained,no_lawful_text_retained,
PMID:34952197,Clinical_Medicine,1192,no_lawful_text_retained,no_lawful_text_retained,
PMID:41465093,Clinical_Medicine,1193,supplement_only_unverified,supplement_only_unverified,
PMID:39795984,Clinical_Medicine,1194,no_deposit_named,no_deposit_named,
PMID:36567732,Clinical_Medicine,1195,open_route_named_pending_listing,,sra_study:SRP133146=anonymous_listing_with_sizes_within_caps; sra_study:SRP133149=anonymous_listing_with_sizes_within_caps
PMID:39726190,Clinical_Medicine,1196,no_lawful_text_retained,no_lawful_text_retained,
PMID:34951508,Clinical_Medicine,1197,no_lawful_text_retained,no_lawful_text_retained,
PMID:34972608,Clinical_Medicine,1198,no_lawful_text_retained,no_lawful_text_retained,
PMID:36726614,Clinical_Medicine,1199,no_deposit_named,no_deposit_named,
PMID:36597431,Clinical_Medicine,1200,no_deposit_named,no_deposit_named,
PMID:38115680,Clinical_Medicine,1201,no_deposit_named,no_deposit_named,
PMID:38114554,Clinical_Medicine,1202,code_only_deposit,code_only_deposit,
PMID:33438670,Clinical_Medicine,1203,no_lawful_text_retained,no_lawful_text_retained,
PMID:37255143,Clinical_Medicine,1204,no_lawful_text_retained,no_lawful_text_retained,
PMID:35009565,Clinical_Medicine,1205,no_deposit_named,no_deposit_named,
PMID:41483800,Clinical_Medicine,1206,no_lawful_text_retained,no_lawful_text_retained,
PMID:38416931,Clinical_Medicine,1207,no_lawful_text_retained,no_lawful_text_retained,
PMID:34950143,Clinical_Medicine,1208,no_deposit_named,no_deposit_named,
PMID:39741291,Clinical_Medicine,1209,supplement_only_unverified,supplement_only_unverified,
PMID:39774726,Clinical_Medicine,1210,no_deposit_named,no_deposit_named,
PMID:41454187,Clinical_Medicine,1211,open_route_named_pending_listing,,geo:GSE179730=anonymous_listing_with_sizes_within_caps
PMID:33421979,Clinical_Medicine,1212,no_deposit_named,no_deposit_named,
PMID:41436610,Clinical_Medicine,1213,supplement_only_unverified,supplement_only_unverified,
PMID:34974075,Clinical_Medicine,1214,no_lawful_text_retained,no_lawful_text_retained,
PMID:33382548,Clinical_Medicine,1215,no_lawful_text_retained,no_lawful_text_retained,
PMID:39723842,Clinical_Medicine,1216,author_request_only,author_request_only,
PMID:39850614,Clinical_Medicine,1217,open_route_named_pending_listing,,figshare:27646026=anonymous_listing_with_sizes_within_caps
PMID:38131556,Clinical_Medicine,1218,no_deposit_named,no_deposit_named,
PMID:38112799,Clinical_Medicine,1219,open_route_named_pending_listing,listing_unavailable,mendeley:m479gs98vz.1=listing_not_machine_readable
PMID:36579686,Clinical_Medicine,1220,no_lawful_text_retained,no_lawful_text_retained,
PMID:34952557,Clinical_Medicine,1221,no_lawful_text_retained,no_lawful_text_retained,
PMID:39816061,Clinical_Medicine,1222,author_request_only,author_request_only,
PMID:36562882,Clinical_Medicine,1223,author_request_only,author_request_only,
PMID:41468420,Clinical_Medicine,1224,no_lawful_text_retained,no_lawful_text_retained,
PMID:33360966,Clinical_Medicine,1225,no_lawful_text_retained,no_lawful_text_retained,
PMID:38589324,Clinical_Medicine,1226,no_deposit_named,no_deposit_named,
PMID:39721484,Clinical_Medicine,1227,no_lawful_text_retained,no_lawful_text_retained,
PMID:41459887,Clinical_Medicine,1228,no_lawful_text_retained,no_lawful_text_retained,
PMID:39736647,Clinical_Medicine,1229,author_request_only,author_request_only,
PMID:36730078,Clinical_Medicine,1230,no_lawful_text_retained,no_lawful_text_retained,
PMID:36598690,Clinical_Medicine,1231,no_lawful_text_retained,no_lawful_text_retained,
PMID:41711284,Clinical_Medicine,1232,no_lawful_text_retained,no_lawful_text_retained,
PMID:40039617,Clinical_Medicine,1233,no_lawful_text_retained,no_lawful_text_retained,
PMID:36565525,Clinical_Medicine,1234,author_request_only,author_request_only,
PMID:36565659,Clinical_Medicine,1235,no_lawful_text_retained,no_lawful_text_retained,
PMID:36601226,Clinical_Medicine,1236,no_lawful_text_retained,no_lawful_text_retained,
PMID:35095878,Clinical_Medicine,1237,open_route_named_pending_listing,above_cap,bioproject:PRJNA725074=announced_sizes_exceed_amendment_caps; sra_study:SRP318823=announced_sizes_exceed_amendment_caps
PMID:38173914,Clinical_Medicine,1238,author_request_only,author_request_only,
PMID:33370135,Clinical_Medicine,1239,no_lawful_text_retained,no_lawful_text_retained,
PMID:41613115,Clinical_Medicine,1240,supplement_only_unverified,supplement_only_unverified,
PMID:33382789,Clinical_Medicine,1241,no_deposit_named,no_deposit_named,
PMID:36568081,Clinical_Medicine,1242,supplement_only_unverified,supplement_only_unverified,
PMID:39817889,Clinical_Medicine,1243,no_lawful_text_retained,no_lawful_text_retained,
PMID:36730482,Clinical_Medicine,1244,no_lawful_text_retained,no_lawful_text_retained,
PMID:36730671,Clinical_Medicine,1245,no_lawful_text_retained,no_lawful_text_retained,
PMID:33378542,Clinical_Medicine,1246,no_lawful_text_retained,no_lawful_text_retained,
PMID:36565172,Clinical_Medicine,1247,no_lawful_text_retained,no_lawful_text_retained,
PMID:36210183,Clinical_Medicine,1248,no_lawful_text_retained,no_lawful_text_retained,
PMID:39739714,Clinical_Medicine,1249,no_deposit_named,no_deposit_named,
PMID:36567048,Clinical_Medicine,1250,no_lawful_text_retained,no_lawful_text_retained,
PMID:39740947,Clinical_Medicine,1251,no_deposit_named,no_deposit_named,
PMID:34966982,Clinical_Medicine,1252,open_route_named_pending_listing,listing_unavailable,osf:j84z6=listing_empty; osf:pqn4z=some_or_all_files_without_announced_size; osf:gcrm2=some_or_all_files_without_announced_size; osf:8pt25=some_or_all_files_without_announced_size
PMID:40035200,Clinical_Medicine,1253,no_lawful_text_retained,no_lawful_text_retained,
PMID:38813350,Clinical_Medicine,1254,open_route_named_pending_listing,,figshare:22153379=anonymous_listing_with_sizes_within_caps
PMID:33451932,Clinical_Medicine,1255,no_lawful_text_retained,no_lawful_text_retained,
PMID:35158433,Clinical_Medicine,1256,no_deposit_named,no_deposit_named,
PMID:41873572,Clinical_Medicine,1257,author_request_only,author_request_only,
PMID:41422985,Clinical_Medicine,1258,no_lawful_text_retained,no_lawful_text_retained,
PMID:36748972,Clinical_Medicine,1259,no_lawful_text_retained,no_lawful_text_retained,
PMID:40039166,Clinical_Medicine,1260,no_lawful_text_retained,no_lawful_text_retained,
PMID:39729734,Clinical_Medicine,1261,no_lawful_text_retained,no_lawful_text_retained,
PMID:38142320,Clinical_Medicine,1262,no_lawful_text_retained,no_lawful_text_retained,
PMID:38432796,Clinical_Medicine,1263,no_lawful_text_retained,no_lawful_text_retained,
PMID:35121878,Clinical_Medicine,1264,no_lawful_text_retained,no_lawful_text_retained,
PMID:36640475,Clinical_Medicine,1265,no_lawful_text_retained,no_lawful_text_retained,
PMID:33361064,Clinical_Medicine,1266,no_lawful_text_retained,no_lawful_text_retained,
PMID:36649149,Clinical_Medicine,1267,no_lawful_text_retained,no_lawful_text_retained,
PMID:34942012,Clinical_Medicine,1268,no_lawful_text_retained,no_lawful_text_retained,
PMID:38159344,Clinical_Medicine,1269,no_lawful_text_retained,no_lawful_text_retained,
PMID:35099254,Clinical_Medicine,1270,no_lawful_text_retained,no_lawful_text_retained,
PMID:40039945,Clinical_Medicine,1271,no_lawful_text_retained,no_lawful_text_retained,
PMID:36577236,Clinical_Medicine,1272,no_lawful_text_retained,no_lawful_text_retained,
PMID:39722053,Clinical_Medicine,1273,supplement_only_unverified,supplement_only_unverified,
PMID:37501367,Clinical_Medicine,1274,no_lawful_text_retained,no_lawful_text_retained,
PMID:41550918,Clinical_Medicine,1275,supplement_only_unverified,supplement_only_unverified,
PMID:40180452,Clinical_Medicine,1276,no_lawful_text_retained,no_lawful_text_retained,
PMID:33445946,Clinical_Medicine,1277,no_lawful_text_retained,no_lawful_text_retained,
PMID:33369214,Clinical_Medicine,1278,no_deposit_named,no_deposit_named,
PMID:38164135,Clinical_Medicine,1279,no_deposit_named,no_deposit_named,
PMID:39775770,Clinical_Medicine,1280,no_deposit_named,no_deposit_named,
PMID:41585458,Clinical_Medicine,1281,open_route_named_pending_listing,,zenodo:16942378=anonymous_listing_with_sizes_within_caps
PMID:39723507,Clinical_Medicine,1282,no_lawful_text_retained,no_lawful_text_retained,
PMID:39787571,Clinical_Medicine,1283,no_lawful_text_retained,no_lawful_text_retained,
PMID:36587735,Clinical_Medicine,1284,no_deposit_named,no_deposit_named,
PMID:38128114,Clinical_Medicine,1285,no_deposit_named,no_deposit_named,
PMID:38140769,Clinical_Medicine,1286,no_lawful_text_retained,no_lawful_text_retained,
PMID:41419233,Clinical_Medicine,1287,no_deposit_named,no_deposit_named,
PMID:33448574,Clinical_Medicine,1288,no_lawful_text_retained,no_lawful_text_retained,
PMID:34961711,Clinical_Medicine,1289,no_lawful_text_retained,no_lawful_text_retained,
PMID:41468646,Clinical_Medicine,1290,no_lawful_text_retained,no_lawful_text_retained,
PMID:33368610,Clinical_Medicine,1291,no_lawful_text_retained,no_lawful_text_retained,
PMID:35851160,Clinical_Medicine,1292,no_lawful_text_retained,no_lawful_text_retained,
PMID:35731941,Clinical_Medicine,1293,no_lawful_text_retained,no_lawful_text_retained,
PMID:38263784,Clinical_Medicine,1294,no_lawful_text_retained,no_lawful_text_retained,
PMID:34952000,Clinical_Medicine,1295,no_lawful_text_retained,no_lawful_text_retained,
PMID:34946727,Clinical_Medicine,1296,no_deposit_named,no_deposit_named,
PMID:36581557,Clinical_Medicine,1297,no_lawful_text_retained,no_lawful_text_retained,
PMID:39969329,Clinical_Medicine,1298,author_request_only,author_request_only,
PMID:34965858,Clinical_Medicine,1299,supplement_only_unverified,supplement_only_unverified,
PMID:36608084,Clinical_Medicine,1300,no_lawful_text_retained,no_lawful_text_retained,
PMID:33463246,Clinical_Medicine,1301,no_lawful_text_retained,no_lawful_text_retained,
PMID:38289803,Clinical_Medicine,1302,no_deposit_named,no_deposit_named,
PMID:36562810,Clinical_Medicine,1303,no_lawful_text_retained,no_lawful_text_retained,
PMID:35049188,Clinical_Medicine,1304,author_request_only,author_request_only,
PMID:41435378,Clinical_Medicine,1305,author_request_only,author_request_only,
PMID:36700197,Clinical_Medicine,1306,open_route_named_pending_listing,,geo:GSE140228=anonymous_listing_with_sizes_within_caps
PMID:40331547,Clinical_Medicine,1307,no_lawful_text_retained,no_lawful_text_retained,
PMID:38158451,Clinical_Medicine,1308,no_lawful_text_retained,no_lawful_text_retained,
PMID:40599453,Clinical_Medicine,1309,no_lawful_text_retained,no_lawful_text_retained,
PMID:34972100,Clinical_Medicine,1310,no_deposit_named,no_deposit_named,
PMID:34974985,Clinical_Medicine,1311,no_lawful_text_retained,no_lawful_text_retained,
PMID:38116944,Clinical_Medicine,1312,no_deposit_named,no_deposit_named,
PMID:33583773,Clinical_Medicine,1313,no_lawful_text_retained,no_lawful_text_retained,
PMID:34995868,Clinical_Medicine,1314,no_lawful_text_retained,no_lawful_text_retained,
PMID:33385403,Clinical_Medicine,1315,no_deposit_named,no_deposit_named,
PMID:34968106,Clinical_Medicine,1316,no_lawful_text_retained,no_lawful_text_retained,
PMID:39727056,Clinical_Medicine,1317,author_request_only,author_request_only,
PMID:41417657,Clinical_Medicine,1318,no_lawful_text_retained,no_lawful_text_retained,
PMID:37585088,Clinical_Medicine,1319,no_lawful_text_retained,no_lawful_text_retained,
PMID:36729652,Clinical_Medicine,1320,no_lawful_text_retained,no_lawful_text_retained,
PMID:39045041,Clinical_Medicine,1321,no_deposit_named,no_deposit_named,
PMID:36695494,Clinical_Medicine,1322,no_lawful_text_retained,no_lawful_text_retained,
PMID:41422136,Clinical_Medicine,1323,open_route_named_pending_listing,,geo:GSE194151=anonymous_listing_with_sizes_within_caps; geo:GSE236585=anonymous_listing_with_sizes_within_caps; geo:GSE236584=anonymous_listing_with_sizes_within_caps; geo:GSE180065=anonymous_listing_with_sizes_within_caps
PMID:38111955,Clinical_Medicine,1324,author_request_only,author_request_only,
PMID:40039018,Clinical_Medicine,1325,no_lawful_text_retained,no_lawful_text_retained,
PMID:41430331,Clinical_Medicine,1326,author_request_only,author_request_only,
PMID:39776836,Clinical_Medicine,1327,author_request_only,author_request_only,
PMID:39737939,Clinical_Medicine,1328,supplement_only_unverified,supplement_only_unverified,
PMID:36563866,Clinical_Medicine,1329,no_lawful_text_retained,no_lawful_text_retained,
PMID:41485387,Clinical_Medicine,1330,no_lawful_text_retained,no_lawful_text_retained,
PMID:35126305,Clinical_Medicine,1331,open_route_named_pending_listing,,geo:GSE119063=anonymous_listing_with_sizes_within_caps
PMID:34975881,Clinical_Medicine,1332,supplement_only_unverified,supplement_only_unverified,
PMID:33612624,Clinical_Medicine,1333,no_lawful_text_retained,no_lawful_text_retained,
PMID:34563341,Clinical_Medicine,1334,no_lawful_text_retained,no_lawful_text_retained,
PMID:39727253,Clinical_Medicine,1335,no_lawful_text_retained,no_lawful_text_retained,
PMID:33532487,Clinical_Medicine,1336,author_request_only,author_request_only,
PMID:38126542,Clinical_Medicine,1337,no_deposit_named,no_deposit_named,
PMID:33396261,Clinical_Medicine,1338,author_request_only,author_request_only,
PMID:41502527,Clinical_Medicine,1339,open_route_named_pending_listing,,geo:GSE36076=anonymous_listing_with_sizes_within_caps; geo:GSE95698=anonymous_listing_with_sizes_within_caps
PMID:38184353,Clinical_Medicine,1340,no_lawful_text_retained,no_lawful_text_retained,
PMID:40172007,Clinical_Medicine,1341,no_lawful_text_retained,no_lawful_text_retained,
PMID:41488759,Clinical_Medicine,1342,no_deposit_named,no_deposit_named,
PMID:41432366,Clinical_Medicine,1343,author_request_only,author_request_only,
PMID:36811544,Clinical_Medicine,1344,no_lawful_text_retained,no_lawful_text_retained,
PMID:33460045,Clinical_Medicine,1345,no_lawful_text_retained,no_lawful_text_retained,
PMID:34965907,Clinical_Medicine,1346,author_request_only,author_request_only,
PMID:34942363,Clinical_Medicine,1347,no_deposit_named,no_deposit_named,
PMID:36564060,Clinical_Medicine,1348,no_lawful_text_retained,no_lawful_text_retained,
PMID:35229793,Clinical_Medicine,1349,no_lawful_text_retained,no_lawful_text_retained,
PMID:36572955,Clinical_Medicine,1350,no_lawful_text_retained,no_lawful_text_retained,
PMID:38222383,Clinical_Medicine,1351,no_lawful_text_retained,no_lawful_text_retained,
PMID:34963179,Clinical_Medicine,1352,no_lawful_text_retained,no_lawful_text_retained,
PMID:38134515,Clinical_Medicine,1353,no_lawful_text_retained,no_lawful_text_retained,
PMID:35251741,Clinical_Medicine,1354,no_deposit_named,no_deposit_named,
PMID:41052310,Clinical_Medicine,1355,no_deposit_named,no_deposit_named,
PMID:39739783,Clinical_Medicine,1356,no_deposit_named,no_deposit_named,
PMID:36622124,Clinical_Medicine,1357,no_lawful_text_retained,no_lawful_text_retained,
PMID:34963688,Clinical_Medicine,1358,no_lawful_text_retained,no_lawful_text_retained,
PMID:36615715,Clinical_Medicine,1359,author_request_only,author_request_only,
PMID:33384397,Clinical_Medicine,1360,no_deposit_named,no_deposit_named,
PMID:36566592,Clinical_Medicine,1361,code_only_deposit,code_only_deposit,
PMID:38631939,Clinical_Medicine,1362,no_lawful_text_retained,no_lawful_text_retained,
PMID:39729931,Clinical_Medicine,1363,no_lawful_text_retained,no_lawful_text_retained,
PMID:34941176,Clinical_Medicine,1364,author_request_only,author_request_only,
PMID:36586782,Clinical_Medicine,1365,no_lawful_text_retained,no_lawful_text_retained,
PMID:39724280,Clinical_Medicine,1366,supplement_only_unverified,supplement_only_unverified,
PMID:34973872,Clinical_Medicine,1367,no_lawful_text_retained,no_lawful_text_retained,
PMID:41421579,Clinical_Medicine,1368,no_lawful_text_retained,no_lawful_text_retained,
PMID:37252414,Clinical_Medicine,1369,no_deposit_named,no_deposit_named,
PMID:39816052,Clinical_Medicine,1370,author_request_only,author_request_only,
PMID:33368154,Clinical_Medicine,1371,no_lawful_text_retained,no_lawful_text_retained,
PMID:39953876,Clinical_Medicine,1372,no_lawful_text_retained,no_lawful_text_retained,
PMID:41454464,Clinical_Medicine,1373,no_lawful_text_retained,no_lawful_text_retained,
PMID:41452340,Clinical_Medicine,1374,no_lawful_text_retained,no_lawful_text_retained,
PMID:40331554,Clinical_Medicine,1375,no_lawful_text_retained,no_lawful_text_retained,
PMID:41421506,Clinical_Medicine,1376,no_lawful_text_retained,no_lawful_text_retained,
PMID:33378763,Clinical_Medicine,1377,no_lawful_text_retained,no_lawful_text_retained,
PMID:41455307,Clinical_Medicine,1378,no_lawful_text_retained,no_lawful_text_retained,
PMID:37078845,Clinical_Medicine,1379,no_lawful_text_retained,no_lawful_text_retained,
PMID:33378771,Clinical_Medicine,1380,no_lawful_text_retained,no_lawful_text_retained,
PMID:33373960,Clinical_Medicine,1381,no_lawful_text_retained,no_lawful_text_retained,
PMID:34960639,Clinical_Medicine,1382,author_request_only,author_request_only,
PMID:38112795,Clinical_Medicine,1383,supplement_only_unverified,supplement_only_unverified,
PMID:41459872,Clinical_Medicine,1384,author_request_only,author_request_only,
PMID:36615693,Clinical_Medicine,1385,author_request_only,author_request_only,
PMID:38135134,Clinical_Medicine,1386,no_lawful_text_retained,no_lawful_text_retained,
PMID:41512738,Clinical_Medicine,1387,no_lawful_text_retained,no_lawful_text_retained,
PMID:36845326,Clinical_Medicine,1388,open_route_named_pending_listing,,figshare:20346711=anonymous_listing_with_sizes_within_caps; figshare:20346705=anonymous_listing_with_sizes_within_caps; figshare:20346696=anonymous_listing_with_sizes_within_caps; figshare:20346690=anonymous_listing_with_sizes_within_caps
PMID:39774004,Clinical_Medicine,1389,open_route_named_pending_listing,,geo:GSE30929=anonymous_listing_with_sizes_within_caps; geo:GSE152048=anonymous_listing_with_sizes_within_caps
PMID:39731610,Clinical_Medicine,1390,no_lawful_text_retained,no_lawful_text_retained,
PMID:41437251,Clinical_Medicine,1391,code_only_deposit,code_only_deposit,
PMID:41442800,Clinical_Medicine,1392,no_lawful_text_retained,no_lawful_text_retained,
PMID:41474237,Clinical_Medicine,1393,no_lawful_text_retained,no_lawful_text_retained,
PMID:36575505,Clinical_Medicine,1394,supplement_only_unverified,supplement_only_unverified,
PMID:39772265,Clinical_Medicine,1395,author_request_only,author_request_only,
PMID:40031508,Clinical_Medicine,1396,no_lawful_text_retained,no_lawful_text_retained,
PMID:39743168,Clinical_Medicine,1397,no_lawful_text_retained,no_lawful_text_retained,
PMID:39733689,Clinical_Medicine,1398,no_deposit_named,no_deposit_named,
PMID:39729283,Clinical_Medicine,1399,no_lawful_text_retained,no_lawful_text_retained,
PMID:33418488,Clinical_Medicine,1400,no_lawful_text_retained,no_lawful_text_retained,
PMID:37006005,Clinical_Medicine,1401,no_lawful_text_retained,no_lawful_text_retained,
PMID:41422946,Clinical_Medicine,1402,no_lawful_text_retained,no_lawful_text_retained,
PMID:39769934,Clinical_Medicine,1403,author_request_only,author_request_only,
PMID:33779558,Clinical_Medicine,1404,no_lawful_text_retained,no_lawful_text_retained,
PMID:36696550,Clinical_Medicine,1405,no_lawful_text_retained,no_lawful_text_retained,
PMID:39742824,Clinical_Medicine,1406,no_lawful_text_retained,no_lawful_text_retained,
PMID:36668700,Clinical_Medicine,1407,no_lawful_text_retained,no_lawful_text_retained,
PMID:36661665,Clinical_Medicine,1408,author_request_only,author_request_only,
PMID:36891876,Clinical_Medicine,1409,no_lawful_text_retained,no_lawful_text_retained,
PMID:41561064,Clinical_Medicine,1410,no_deposit_named,no_deposit_named,
PMID:35851209,Clinical_Medicine,1411,no_lawful_text_retained,no_lawful_text_retained,
PMID:38157519,Clinical_Medicine,1412,no_deposit_named,no_deposit_named,
PMID:38332707,Clinical_Medicine,1413,no_lawful_text_retained,no_lawful_text_retained,
PMID:39889334,Clinical_Medicine,1414,no_lawful_text_retained,no_lawful_text_retained,
PMID:41432571,Clinical_Medicine,1415,supplement_only_unverified,supplement_only_unverified,
PMID:40039627,Clinical_Medicine,1416,no_lawful_text_retained,no_lawful_text_retained,
PMID:40039809,Clinical_Medicine,1417,no_lawful_text_retained,no_lawful_text_retained,
PMID:37573499,Clinical_Medicine,1418,no_lawful_text_retained,no_lawful_text_retained,
PMID:38142392,Clinical_Medicine,1419,no_lawful_text_retained,no_lawful_text_retained,
PMID:41420526,Clinical_Medicine,1420,no_lawful_text_retained,no_lawful_text_retained,
PMID:36730586,Clinical_Medicine,1421,no_lawful_text_retained,no_lawful_text_retained,
PMID:38007008,Chemistry_Materials,1,no_lawful_text_retained,no_lawful_text_retained,
PMID:36358920,Chemistry_Materials,2,open_route_named_pending_listing,size_unannounced,
PMID:37959749,Chemistry_Materials,3,open_route_named_pending_listing,size_unannounced,proteomexchange:PXD046083=some_or_all_files_without_announced_size
PMID:41267241,Chemistry_Materials,4,no_lawful_text_retained,no_lawful_text_retained,
PMID:36209891,Chemistry_Materials,5,no_lawful_text_retained,no_lawful_text_retained,
PMID:34885787,Chemistry_Materials,6,no_deposit_named,no_deposit_named,
PMID:39515141,Chemistry_Materials,7,no_lawful_text_retained,no_lawful_text_retained,
PMID:41140815,Chemistry_Materials,8,no_deposit_named,no_deposit_named,
PMID:36244534,Chemistry_Materials,9,no_lawful_text_retained,no_lawful_text_retained,
PMID:39472196,Chemistry_Materials,10,no_lawful_text_retained,no_lawful_text_retained,
PMID:39426244,Chemistry_Materials,11,no_lawful_text_retained,no_lawful_text_retained,
PMID:34826944,Chemistry_Materials,12,no_lawful_text_retained,no_lawful_text_retained,
PMID:33087286,Chemistry_Materials,13,no_lawful_text_retained,no_lawful_text_retained,
PMID:41326104,Chemistry_Materials,14,no_lawful_text_retained,no_lawful_text_retained,
PMID:35034879,Chemistry_Materials,15,no_lawful_text_retained,no_lawful_text_retained,
PMID:41374037,Chemistry_Materials,16,supplement_only_unverified,supplement_only_unverified,
PMID:36222944,Chemistry_Materials,17,author_request_only,author_request_only,
PMID:34767881,Chemistry_Materials,18,no_lawful_text_retained,no_lawful_text_retained,
PMID:36271179,Chemistry_Materials,19,no_lawful_text_retained,no_lawful_text_retained,
PMID:41365267,Chemistry_Materials,20,no_lawful_text_retained,no_lawful_text_retained,
PMID:36404603,Chemistry_Materials,21,author_request_only,author_request_only,
PMID:34818000,Chemistry_Materials,22,no_lawful_text_retained,no_lawful_text_retained,
PMID:39607581,Chemistry_Materials,23,author_request_only,author_request_only,
PMID:36459903,Chemistry_Materials,24,author_request_only,author_request_only,
PMID:41371053,Chemistry_Materials,25,no_deposit_named,no_deposit_named,
PMID:34789268,Chemistry_Materials,26,supplement_only_unverified,supplement_only_unverified,
PMID:36410252,Chemistry_Materials,27,no_lawful_text_retained,no_lawful_text_retained,
PMID:36498372,Chemistry_Materials,28,no_deposit_named,no_deposit_named,
PMID:36243326,Chemistry_Materials,29,no_lawful_text_retained,no_lawful_text_retained,
PMID:39438917,Chemistry_Materials,30,supplement_only_unverified,supplement_only_unverified,
PMID:41413727,Chemistry_Materials,31,author_request_only,author_request_only,
PMID:39581052,Chemistry_Materials,32,no_lawful_text_retained,no_lawful_text_retained,
PMID:39509910,Chemistry_Materials,33,no_lawful_text_retained,no_lawful_text_retained,
PMID:33339139,Chemistry_Materials,34,no_deposit_named,no_deposit_named,
PMID:41241994,Chemistry_Materials,35,no_lawful_text_retained,no_lawful_text_retained,
PMID:34586798,Chemistry_Materials,36,no_lawful_text_retained,no_lawful_text_retained,
PMID:33234697,Chemistry_Materials,37,no_lawful_text_retained,no_lawful_text_retained,
PMID:33191170,Chemistry_Materials,38,no_deposit_named,no_deposit_named,
PMID:34638936,Chemistry_Materials,39,no_deposit_named,no_deposit_named,
PMID:34669391,Chemistry_Materials,40,no_lawful_text_retained,no_lawful_text_retained,
PMID:41466177,Chemistry_Materials,41,open_route_named_pending_listing,deposited_output_only,
PMID:41157644,Chemistry_Materials,42,no_deposit_named,no_deposit_named,
PMID:34597857,Chemistry_Materials,43,no_lawful_text_retained,no_lawful_text_retained,
PMID:41298471,Chemistry_Materials,44,author_request_only,author_request_only,
PMID:36356402,Chemistry_Materials,45,no_lawful_text_retained,no_lawful_text_retained,
PMID:35003117,Chemistry_Materials,46,open_route_named_pending_listing,,geo:GSE186841=anonymous_listing_with_sizes_within_caps
PMID:33359976,Chemistry_Materials,47,no_lawful_text_retained,no_lawful_text_retained,
PMID:37903910,Chemistry_Materials,48,author_request_only,author_request_only,
PMID:35660364,Chemistry_Materials,49,no_deposit_named,no_deposit_named,
PMID:39711036,Chemistry_Materials,50,no_lawful_text_retained,no_lawful_text_retained,
PMID:37978152,Chemistry_Materials,51,no_lawful_text_retained,no_lawful_text_retained,
PMID:36307025,Chemistry_Materials,52,no_lawful_text_retained,no_lawful_text_retained,
PMID:37798295,Chemistry_Materials,53,supplement_only_unverified,supplement_only_unverified,
PMID:39681262,Chemistry_Materials,54,no_lawful_text_retained,no_lawful_text_retained,
PMID:34608249,Chemistry_Materials,55,author_request_only,author_request_only,
PMID:41652765,Chemistry_Materials,56,no_lawful_text_retained,no_lawful_text_retained,
PMID:34846140,Chemistry_Materials,57,no_lawful_text_retained,no_lawful_text_retained,
PMID:33463316,Chemistry_Materials,58,no_lawful_text_retained,no_lawful_text_retained,
PMID:36424205,Chemistry_Materials,59,no_lawful_text_retained,no_lawful_text_retained,
PMID:41341129,Chemistry_Materials,60,supplement_only_unverified,supplement_only_unverified,
PMID:41135898,Chemistry_Materials,61,no_lawful_text_retained,no_lawful_text_retained,
PMID:38150845,Chemistry_Materials,62,no_lawful_text_retained,no_lawful_text_retained,
PMID:41475711,Chemistry_Materials,63,no_lawful_text_retained,no_lawful_text_retained,
PMID:38056738,Chemistry_Materials,64,no_lawful_text_retained,no_lawful_text_retained,
PMID:33207276,Chemistry_Materials,65,no_lawful_text_retained,no_lawful_text_retained,
PMID:36293527,Chemistry_Materials,66,author_request_only,author_request_only,
PMID:36548478,Chemistry_Materials,67,no_lawful_text_retained,no_lawful_text_retained,
PMID:41352491,Chemistry_Materials,68,no_lawful_text_retained,no_lawful_text_retained,
PMID:41314579,Chemistry_Materials,69,no_lawful_text_retained,no_lawful_text_retained,
PMID:36242173,Chemistry_Materials,70,no_lawful_text_retained,no_lawful_text_retained,
PMID:37991424,Chemistry_Materials,71,open_route_named_pending_listing,,bioproject:PRJNA987411=anonymous_listing_with_sizes_within_caps
PMID:39733886,Chemistry_Materials,72,no_lawful_text_retained,no_lawful_text_retained,
PMID:41396998,Chemistry_Materials,73,no_lawful_text_retained,no_lawful_text_retained,
PMID:34863556,Chemistry_Materials,74,no_lawful_text_retained,no_lawful_text_retained,
PMID:33196681,Chemistry_Materials,75,no_deposit_named,no_deposit_named,
PMID:36307016,Chemistry_Materials,76,no_lawful_text_retained,no_lawful_text_retained,
PMID:33138805,Chemistry_Materials,77,author_request_only,author_request_only,
PMID:39643061,Chemistry_Materials,78,no_lawful_text_retained,no_lawful_text_retained,
PMID:34675331,Chemistry_Materials,79,author_request_only,author_request_only,
PMID:39515733,Chemistry_Materials,80,no_lawful_text_retained,no_lawful_text_retained,
PMID:39505287,Chemistry_Materials,81,no_lawful_text_retained,no_lawful_text_retained,
PMID:36416958,Chemistry_Materials,82,no_lawful_text_retained,no_lawful_text_retained,
PMID:39608742,Chemistry_Materials,83,no_lawful_text_retained,no_lawful_text_retained,
PMID:37879552,Chemistry_Materials,84,no_lawful_text_retained,no_lawful_text_retained,
PMID:41134530,Chemistry_Materials,85,no_lawful_text_retained,no_lawful_text_retained,
PMID:37945666,Chemistry_Materials,86,code_only_deposit,code_only_deposit,
PMID:33383720,Chemistry_Materials,87,no_deposit_named,no_deposit_named,
PMID:39535421,Chemistry_Materials,88,no_lawful_text_retained,no_lawful_text_retained,
PMID:36308959,Chemistry_Materials,89,no_lawful_text_retained,no_lawful_text_retained,
PMID:34793919,Chemistry_Materials,90,no_lawful_text_retained,no_lawful_text_retained,
PMID:39631326,Chemistry_Materials,91,no_lawful_text_retained,no_lawful_text_retained,
PMID:33297850,Chemistry_Materials,92,no_lawful_text_retained,no_lawful_text_retained,
PMID:36503965,Chemistry_Materials,93,no_lawful_text_retained,no_lawful_text_retained,
PMID:39713129,Chemistry_Materials,94,no_deposit_named,no_deposit_named,
PMID:34848346,Chemistry_Materials,95,no_lawful_text_retained,no_lawful_text_retained,
PMID:37900012,Chemistry_Materials,96,supplement_only_unverified,supplement_only_unverified,
PMID:39533516,Chemistry_Materials,97,no_lawful_text_retained,no_lawful_text_retained,
PMID:39445434,Chemistry_Materials,98,no_lawful_text_retained,no_lawful_text_retained,
PMID:38131537,Chemistry_Materials,99,no_deposit_named,no_deposit_named,
PMID:39520080,Chemistry_Materials,100,no_lawful_text_retained,no_lawful_text_retained,
PMID:34933104,Chemistry_Materials,101,no_lawful_text_retained,no_lawful_text_retained,
PMID:36472640,Chemistry_Materials,102,supplement_only_unverified,supplement_only_unverified,
PMID:39482326,Chemistry_Materials,103,supplement_only_unverified,supplement_only_unverified,
PMID:34706006,Chemistry_Materials,104,no_lawful_text_retained,no_lawful_text_retained,
PMID:34756139,Chemistry_Materials,105,no_lawful_text_retained,no_lawful_text_retained,
PMID:34684880,Chemistry_Materials,106,author_request_only,author_request_only,
PMID:36508184,Chemistry_Materials,107,no_lawful_text_retained,no_lawful_text_retained,
PMID:39509859,Chemistry_Materials,108,no_lawful_text_retained,no_lawful_text_retained,
PMID:38070399,Chemistry_Materials,109,no_lawful_text_retained,no_lawful_text_retained,
PMID:33049811,Chemistry_Materials,110,no_lawful_text_retained,no_lawful_text_retained,
PMID:36394960,Chemistry_Materials,111,no_lawful_text_retained,no_lawful_text_retained,
PMID:41442942,Chemistry_Materials,112,no_lawful_text_retained,no_lawful_text_retained,
PMID:36547731,Chemistry_Materials,113,no_lawful_text_retained,no_lawful_text_retained,
PMID:41443124,Chemistry_Materials,114,no_lawful_text_retained,no_lawful_text_retained,
PMID:39542188,Chemistry_Materials,115,no_lawful_text_retained,no_lawful_text_retained,
PMID:36460088,Chemistry_Materials,116,no_lawful_text_retained,no_lawful_text_retained,
PMID:34835007,Chemistry_Materials,117,no_deposit_named,no_deposit_named,
PMID:36398752,Chemistry_Materials,118,no_lawful_text_retained,no_lawful_text_retained,
PMID:37962184,Chemistry_Materials,119,no_lawful_text_retained,no_lawful_text_retained,
PMID:36226475,Chemistry_Materials,120,no_deposit_named,no_deposit_named,
PMID:41276736,Chemistry_Materials,121,no_lawful_text_retained,no_lawful_text_retained,
PMID:36426592,Chemistry_Materials,122,no_lawful_text_retained,no_lawful_text_retained,
PMID:36281912,Chemistry_Materials,123,no_lawful_text_retained,no_lawful_text_retained,
PMID:39522923,Chemistry_Materials,124,no_lawful_text_retained,no_lawful_text_retained,
PMID:33135783,Chemistry_Materials,125,no_lawful_text_retained,no_lawful_text_retained,
PMID:39486678,Chemistry_Materials,126,no_lawful_text_retained,no_lawful_text_retained,
PMID:37964725,Chemistry_Materials,127,no_lawful_text_retained,no_lawful_text_retained,
PMID:33255515,Chemistry_Materials,128,no_deposit_named,no_deposit_named,
PMID:41188389,Chemistry_Materials,129,supplement_only_unverified,supplement_only_unverified,
PMID:39472865,Chemistry_Materials,130,supplement_only_unverified,supplement_only_unverified,
PMID:33250196,Chemistry_Materials,131,no_lawful_text_retained,no_lawful_text_retained,
PMID:36455823,Chemistry_Materials,132,no_lawful_text_retained,no_lawful_text_retained,
PMID:41155513,Chemistry_Materials,133,open_route_named_pending_listing,size_unannounced,proteomexchange:PXD069084=some_or_all_files_without_announced_size
PMID:36409768,Chemistry_Materials,134,no_deposit_named,no_deposit_named,
PMID:34823050,Chemistry_Materials,135,no_lawful_text_retained,no_lawful_text_retained,
PMID:36346360,Chemistry_Materials,136,no_lawful_text_retained,no_lawful_text_retained,
PMID:34946916,Chemistry_Materials,137,open_route_named_pending_listing,above_cap,bioproject:PRJNA622603=announced_sizes_exceed_amendment_caps
PMID:33285414,Chemistry_Materials,138,no_lawful_text_retained,no_lawful_text_retained,
PMID:41384643,Chemistry_Materials,139,no_lawful_text_retained,no_lawful_text_retained,
PMID:41197819,Chemistry_Materials,140,no_lawful_text_retained,no_lawful_text_retained,
PMID:34806139,Chemistry_Materials,141,no_lawful_text_retained,no_lawful_text_retained,
PMID:36271238,Chemistry_Materials,142,supplement_only_unverified,supplement_only_unverified,
PMID:36444028,Chemistry_Materials,143,no_lawful_text_retained,no_lawful_text_retained,
PMID:36587532,Chemistry_Materials,144,no_lawful_text_retained,no_lawful_text_retained,
PMID:34914371,Chemistry_Materials,145,no_lawful_text_retained,no_lawful_text_retained,
PMID:37991879,Chemistry_Materials,146,open_route_named_pending_listing,size_unannounced,proteomexchange:PXD040208=some_or_all_files_without_announced_size
PMID:37888969,Chemistry_Materials,147,no_lawful_text_retained,no_lawful_text_retained,
PMID:37832419,Chemistry_Materials,148,no_lawful_text_retained,no_lawful_text_retained,
PMID:33035769,Chemistry_Materials,149,no_lawful_text_retained,no_lawful_text_retained,
PMID:34865895,Chemistry_Materials,150,no_lawful_text_retained,no_lawful_text_retained,
PMID:33060474,Chemistry_Materials,151,no_lawful_text_retained,no_lawful_text_retained,
PMID:36368642,Chemistry_Materials,152,no_lawful_text_retained,no_lawful_text_retained,
PMID:41135706,Chemistry_Materials,153,no_lawful_text_retained,no_lawful_text_retained,
PMID:41105608,Chemistry_Materials,154,no_deposit_named,no_deposit_named,
PMID:34896071,Chemistry_Materials,155,no_lawful_text_retained,no_lawful_text_retained,
PMID:33258606,Chemistry_Materials,156,no_lawful_text_retained,no_lawful_text_retained,
PMID:39505170,Chemistry_Materials,157,no_lawful_text_retained,no_lawful_text_retained,
PMID:39631637,Chemistry_Materials,158,no_lawful_text_retained,no_lawful_text_retained,
PMID:36336705,Chemistry_Materials,159,supplement_only_unverified,supplement_only_unverified,
PMID:41306028,Chemistry_Materials,160,no_lawful_text_retained,no_lawful_text_retained,
PMID:41265036,Chemistry_Materials,161,no_deposit_named,no_deposit_named,
PMID:33278983,Chemistry_Materials,162,no_lawful_text_retained,no_lawful_text_retained,
PMID:39440578,Chemistry_Materials,163,no_deposit_named,no_deposit_named,
PMID:34807416,Chemistry_Materials,164,no_lawful_text_retained,no_lawful_text_retained,
PMID:34814032,Chemistry_Materials,165,no_lawful_text_retained,no_lawful_text_retained,
PMID:36604245,Chemistry_Materials,166,no_lawful_text_retained,no_lawful_text_retained,
PMID:41423108,Chemistry_Materials,167,no_lawful_text_retained,no_lawful_text_retained,
PMID:38127968,Chemistry_Materials,168,no_lawful_text_retained,no_lawful_text_retained,
PMID:36520156,Chemistry_Materials,169,no_lawful_text_retained,no_lawful_text_retained,
PMID:34671044,Chemistry_Materials,170,supplement_only_unverified,supplement_only_unverified,
PMID:41319641,Chemistry_Materials,171,no_lawful_text_retained,no_lawful_text_retained,
PMID:36328745,Chemistry_Materials,172,no_deposit_named,no_deposit_named,
PMID:38146081,Chemistry_Materials,173,no_lawful_text_retained,no_lawful_text_retained,
PMID:39608053,Chemistry_Materials,174,no_lawful_text_retained,no_lawful_text_retained,
PMID:39571442,Chemistry_Materials,175,no_lawful_text_retained,no_lawful_text_retained,
PMID:37952395,Chemistry_Materials,176,no_lawful_text_retained,no_lawful_text_retained,
PMID:41339004,Chemistry_Materials,177,no_lawful_text_retained,no_lawful_text_retained,
PMID:34798811,Chemistry_Materials,178,supplement_only_unverified,supplement_only_unverified,
PMID:33127897,Chemistry_Materials,179,open_route_named_pending_listing,,sra_study:SRP052838=announced_sizes_exceed_amendment_caps; bioproject:PRJNA438597=anonymous_listing_with_sizes_within_caps; proteomexchange:PXD017122=some_or_all_files_without_announced_size
PMID:37789267,Chemistry_Materials,180,open_route_named_pending_listing,,geo:GSE2223=listing_http_404; geo:GSE29796=anonymous_listing_with_sizes_within_caps; geo:GSE116520=anonymous_listing_with_sizes_within_caps
PMID:34851105,Chemistry_Materials,181,no_lawful_text_retained,no_lawful_text_retained,
PMID:36409153,Chemistry_Materials,182,no_lawful_text_retained,no_lawful_text_retained,
PMID:33036242,Chemistry_Materials,183,no_deposit_named,no_deposit_named,
PMID:36307634,Chemistry_Materials,184,author_request_only,author_request_only,
PMID:33277683,Chemistry_Materials,185,supplement_only_unverified,supplement_only_unverified,
PMID:39577543,Chemistry_Materials,186,no_lawful_text_retained,no_lawful_text_retained,
PMID:34647751,Chemistry_Materials,187,no_deposit_named,no_deposit_named,
PMID:34958056,Chemistry_Materials,188,no_lawful_text_retained,no_lawful_text_retained,
PMID:36566521,Chemistry_Materials,189,no_deposit_named,no_deposit_named,
PMID:36305367,Chemistry_Materials,190,open_route_named_pending_listing,,geo:GSE16256=announced_sizes_exceed_amendment_caps; geo:GSE210760=anonymous_listing_with_sizes_within_caps
PMID:39511135,Chemistry_Materials,191,author_request_only,author_request_only,
PMID:33187581,Chemistry_Materials,192,no_lawful_text_retained,no_lawful_text_retained,
PMID:39705707,Chemistry_Materials,193,no_deposit_named,no_deposit_named,
PMID:39550002,Chemistry_Materials,194,no_lawful_text_retained,no_lawful_text_retained,
PMID:35014316,Chemistry_Materials,195,no_lawful_text_retained,no_lawful_text_retained,
PMID:38042879,Chemistry_Materials,196,open_route_named_pending_listing,code_only_deposit,zenodo:3235775=every_listed_file_is_implementation_material
PMID:38013362,Chemistry_Materials,197,supplement_only_unverified,supplement_only_unverified,
PMID:41330495,Chemistry_Materials,198,no_lawful_text_retained,no_lawful_text_retained,
PMID:36362324,Chemistry_Materials,199,no_deposit_named,no_deposit_named,
PMID:37768714,Chemistry_Materials,200,no_lawful_text_retained,no_lawful_text_retained,
PMID:37816864,Chemistry_Materials,201,open_route_named_pending_listing,,mendeley:nxzs4dtztg.1=listing_not_machine_readable; geo:GSE198989=anonymous_listing_with_sizes_within_caps; geo:GSE198988=anonymous_listing_with_sizes_within_caps; geo:GSE202716=anonymous_listing_with_sizes_within_caps
PMID:39790287,Chemistry_Materials,202,no_deposit_named,no_deposit_named,
PMID:36503243,Chemistry_Materials,203,no_lawful_text_retained,no_lawful_text_retained,
PMID:41118693,Chemistry_Materials,204,no_lawful_text_retained,no_lawful_text_retained,
PMID:37922939,Chemistry_Materials,205,no_lawful_text_retained,no_lawful_text_retained,
PMID:37832552,Chemistry_Materials,206,no_lawful_text_retained,no_lawful_text_retained,
PMID:33220151,Chemistry_Materials,207,no_lawful_text_retained,no_lawful_text_retained,
PMID:33133061,Chemistry_Materials,208,supplement_only_unverified,supplement_only_unverified,
PMID:36309266,Chemistry_Materials,209,no_lawful_text_retained,no_lawful_text_retained,
PMID:37862752,Chemistry_Materials,210,no_lawful_text_retained,no_lawful_text_retained,
PMID:39684419,Chemistry_Materials,211,supplement_only_unverified,supplement_only_unverified,
PMID:39509279,Chemistry_Materials,212,no_lawful_text_retained,no_lawful_text_retained,
PMID:36354992,Chemistry_Materials,213,author_request_only,author_request_only,
PMID:39458462,Chemistry_Materials,214,author_request_only,author_request_only,
PMID:41465241,Chemistry_Materials,215,open_route_named_pending_listing,listing_unavailable,mendeley:xr4m29cm29.1=listing_not_machine_readable
PMID:41082952,Chemistry_Materials,216,no_lawful_text_retained,no_lawful_text_retained,
PMID:34591471,Chemistry_Materials,217,no_lawful_text_retained,no_lawful_text_retained,
PMID:33383931,Chemistry_Materials,218,author_request_only,author_request_only,
PMID:33109871,Chemistry_Materials,219,no_lawful_text_retained,no_lawful_text_retained,
PMID:41119315,Chemistry_Materials,220,no_lawful_text_retained,no_lawful_text_retained,
PMID:38005215,Chemistry_Materials,221,no_lawful_text_retained,no_lawful_text_retained,
PMID:34788058,Chemistry_Materials,222,no_lawful_text_retained,no_lawful_text_retained,
PMID:39486737,Chemistry_Materials,223,no_lawful_text_retained,no_lawful_text_retained,
PMID:36396748,Chemistry_Materials,224,no_lawful_text_retained,no_lawful_text_retained,
PMID:36418424,Chemistry_Materials,225,supplement_only_unverified,supplement_only_unverified,
PMID:36503779,Chemistry_Materials,226,no_lawful_text_retained,no_lawful_text_retained,
PMID:34920170,Chemistry_Materials,227,no_lawful_text_retained,no_lawful_text_retained,
PMID:37858797,Chemistry_Materials,228,no_lawful_text_retained,no_lawful_text_retained,
PMID:38134707,Chemistry_Materials,229,no_lawful_text_retained,no_lawful_text_retained,
PMID:39626910,Chemistry_Materials,230,no_lawful_text_retained,no_lawful_text_retained,
PMID:37862142,Chemistry_Materials,231,no_lawful_text_retained,no_lawful_text_retained,
PMID:38150160,Chemistry_Materials,232,supplement_only_unverified,supplement_only_unverified,
PMID:38022831,Chemistry_Materials,233,no_deposit_named,no_deposit_named,
PMID:39696394,Chemistry_Materials,234,supplement_only_unverified,supplement_only_unverified,
PMID:36287219,Chemistry_Materials,235,no_lawful_text_retained,no_lawful_text_retained,
PMID:41180196,Chemistry_Materials,236,open_route_named_pending_listing,,zenodo:17202121=anonymous_listing_with_sizes_within_caps
PMID:33246707,Chemistry_Materials,237,no_lawful_text_retained,no_lawful_text_retained,
PMID:41435954,Chemistry_Materials,238,no_lawful_text_retained,no_lawful_text_retained,
PMID:39518905,Chemistry_Materials,239,author_request_only,author_request_only,
PMID:36428226,Chemistry_Materials,240,no_lawful_text_retained,no_lawful_text_retained,
PMID:41233595,Chemistry_Materials,241,open_route_named_pending_listing,,zenodo:8414787=anonymous_listing_with_sizes_within_caps; proteomexchange:PXD069630=some_or_all_files_without_announced_size
PMID:33340816,Chemistry_Materials,242,no_lawful_text_retained,no_lawful_text_retained,
PMID:39561610,Chemistry_Materials,243,no_lawful_text_retained,no_lawful_text_retained,
PMID:39510303,Chemistry_Materials,244,no_lawful_text_retained,no_lawful_text_retained,
PMID:36349377,Chemistry_Materials,245,no_lawful_text_retained,no_lawful_text_retained,
PMID:34742045,Chemistry_Materials,246,no_lawful_text_retained,no_lawful_text_retained,
PMID:41313989,Chemistry_Materials,247,no_lawful_text_retained,no_lawful_text_retained,
PMID:34619515,Chemistry_Materials,248,no_lawful_text_retained,no_lawful_text_retained,
PMID:41478022,Chemistry_Materials,249,no_lawful_text_retained,no_lawful_text_retained,
PMID:34686689,Chemistry_Materials,250,supplement_only_unverified,supplement_only_unverified,
PMID:34626823,Chemistry_Materials,251,no_lawful_text_retained,no_lawful_text_retained,
PMID:39443474,Chemistry_Materials,252,supplement_only_unverified,supplement_only_unverified,
PMID:39613270,Chemistry_Materials,253,no_lawful_text_retained,no_lawful_text_retained,
PMID:34633400,Chemistry_Materials,254,no_lawful_text_retained,no_lawful_text_retained,
PMID:36308493,Chemistry_Materials,255,no_lawful_text_retained,no_lawful_text_retained,
PMID:36318096,Chemistry_Materials,256,no_lawful_text_retained,no_lawful_text_retained,
PMID:38147127,Chemistry_Materials,257,no_lawful_text_retained,no_lawful_text_retained,
PMID:36260563,Chemistry_Materials,258,no_lawful_text_retained,no_lawful_text_retained,
PMID:34673769,Chemistry_Materials,259,open_route_named_pending_listing,,bioproject:PRJNA765891=anonymous_listing_with_sizes_within_caps
PMID:37877162,Chemistry_Materials,260,no_lawful_text_retained,no_lawful_text_retained,
PMID:39701386,Chemistry_Materials,261,no_lawful_text_retained,no_lawful_text_retained,
PMID:33255061,Chemistry_Materials,262,no_lawful_text_retained,no_lawful_text_retained,
PMID:38052284,Chemistry_Materials,263,no_lawful_text_retained,no_lawful_text_retained,
PMID:34755427,Chemistry_Materials,264,no_lawful_text_retained,no_lawful_text_retained,
PMID:34593884,Chemistry_Materials,265,supplement_only_unverified,supplement_only_unverified,
PMID:37833937,Chemistry_Materials,266,author_request_only,author_request_only,
PMID:33184990,Chemistry_Materials,267,no_lawful_text_retained,no_lawful_text_retained,
PMID:37999488,Chemistry_Materials,268,author_request_only,author_request_only,
PMID:41136161,Chemistry_Materials,269,no_lawful_text_retained,no_lawful_text_retained,
PMID:38135762,Chemistry_Materials,270,supplement_only_unverified,supplement_only_unverified,
PMID:37924767,Chemistry_Materials,271,no_lawful_text_retained,no_lawful_text_retained,
PMID:41207054,Chemistry_Materials,272,no_lawful_text_retained,no_lawful_text_retained,
PMID:39835134,Chemistry_Materials,273,open_route_named_pending_listing,size_unannounced,proteomexchange:PXD054097=some_or_all_files_without_announced_size
PMID:34874103,Chemistry_Materials,274,no_lawful_text_retained,no_lawful_text_retained,
PMID:36734661,Chemistry_Materials,275,no_lawful_text_retained,no_lawful_text_retained,
PMID:41086943,Chemistry_Materials,276,no_deposit_named,no_deposit_named,
PMID:34600196,Chemistry_Materials,277,no_lawful_text_retained,no_lawful_text_retained,
PMID:41272221,Chemistry_Materials,278,no_lawful_text_retained,no_lawful_text_retained,
PMID:35549039,Chemistry_Materials,279,no_lawful_text_retained,no_lawful_text_retained,
PMID:34940790,Chemistry_Materials,280,no_deposit_named,no_deposit_named,
PMID:41197747,Chemistry_Materials,281,no_lawful_text_retained,no_lawful_text_retained,
PMID:36476868,Chemistry_Materials,282,no_lawful_text_retained,no_lawful_text_retained,
PMID:33221000,Chemistry_Materials,283,no_lawful_text_retained,no_lawful_text_retained,
PMID:36453528,Chemistry_Materials,284,code_only_deposit,code_only_deposit,
PMID:33626116,Chemistry_Materials,285,no_lawful_text_retained,no_lawful_text_retained,
PMID:36641171,Chemistry_Materials,286,no_lawful_text_retained,no_lawful_text_retained,
PMID:38101673,Chemistry_Materials,287,no_lawful_text_retained,no_lawful_text_retained,
PMID:41125185,Chemistry_Materials,288,no_lawful_text_retained,no_lawful_text_retained,
PMID:37834146,Chemistry_Materials,289,no_deposit_named,no_deposit_named,
PMID:38101494,Chemistry_Materials,290,no_lawful_text_retained,no_lawful_text_retained,
PMID:39475490,Chemistry_Materials,291,no_lawful_text_retained,no_lawful_text_retained,
PMID:41197314,Chemistry_Materials,292,no_lawful_text_retained,no_lawful_text_retained,
PMID:38101060,Chemistry_Materials,293,no_lawful_text_retained,no_lawful_text_retained,
PMID:38523699,Chemistry_Materials,294,no_lawful_text_retained,no_lawful_text_retained,
PMID:38154489,Chemistry_Materials,295,no_lawful_text_retained,no_lawful_text_retained,
PMID:36288887,Chemistry_Materials,296,no_lawful_text_retained,no_lawful_text_retained,
PMID:34861247,Chemistry_Materials,297,no_lawful_text_retained,no_lawful_text_retained,
PMID:41235230,Chemistry_Materials,298,open_route_named_pending_listing,,geo:GSE157789=anonymous_listing_with_sizes_within_caps; geo:GSE32707=anonymous_listing_with_sizes_within_caps; geo:GSE76293=anonymous_listing_with_sizes_within_caps
PMID:37816419,Chemistry_Materials,299,no_lawful_text_retained,no_lawful_text_retained,
PMID:34687141,Chemistry_Materials,300,no_lawful_text_retained,no_lawful_text_retained,
PMID:34894585,Chemistry_Materials,301,no_lawful_text_retained,no_lawful_text_retained,
PMID:39671341,Chemistry_Materials,302,no_lawful_text_retained,no_lawful_text_retained,
PMID:39513754,Chemistry_Materials,303,no_deposit_named,no_deposit_named,
PMID:38056946,Chemistry_Materials,304,no_lawful_text_retained,no_lawful_text_retained,
PMID:34693964,Chemistry_Materials,305,no_lawful_text_retained,no_lawful_text_retained,
PMID:41254340,Chemistry_Materials,306,supplement_only_unverified,supplement_only_unverified,
PMID:39608586,Chemistry_Materials,307,no_lawful_text_retained,no_lawful_text_retained,
PMID:41273036,Chemistry_Materials,308,no_lawful_text_retained,no_lawful_text_retained,
PMID:37764251,Chemistry_Materials,309,no_deposit_named,no_deposit_named,
PMID:33196118,Chemistry_Materials,310,no_lawful_text_retained,no_lawful_text_retained,
PMID:36232656,Chemistry_Materials,311,no_deposit_named,no_deposit_named,
PMID:33146927,Chemistry_Materials,312,no_lawful_text_retained,no_lawful_text_retained,
PMID:35011454,Chemistry_Materials,313,no_deposit_named,no_deposit_named,
PMID:38070602,Chemistry_Materials,314,no_lawful_text_retained,no_lawful_text_retained,
PMID:39461645,Chemistry_Materials,315,no_lawful_text_retained,no_lawful_text_retained,
PMID:34968646,Chemistry_Materials,316,no_lawful_text_retained,no_lawful_text_retained,
PMID:41174411,Chemistry_Materials,317,no_lawful_text_retained,no_lawful_text_retained,
PMID:37894583,Chemistry_Materials,318,author_request_only,author_request_only,
PMID:41346269,Chemistry_Materials,319,no_lawful_text_retained,no_lawful_text_retained,
PMID:36502404,Chemistry_Materials,320,no_lawful_text_retained,no_lawful_text_retained,
PMID:41363897,Chemistry_Materials,321,no_deposit_named,no_deposit_named,
PMID:38259021,Chemistry_Materials,322,no_deposit_named,no_deposit_named,
PMID:39732438,Chemistry_Materials,323,open_route_named_pending_listing,above_cap,bioproject:PRJNA1109584=announced_sizes_exceed_amendment_caps
PMID:33135320,Chemistry_Materials,324,author_request_only,author_request_only,
PMID:39621216,Chemistry_Materials,325,no_lawful_text_retained,no_lawful_text_retained,
PMID:39655530,Chemistry_Materials,326,no_lawful_text_retained,no_lawful_text_retained,
PMID:36335129,Chemistry_Materials,327,open_route_named_pending_listing,size_unannounced,proteomexchange:PXD034526=some_or_all_files_without_announced_size
PMID:36496120,Chemistry_Materials,328,no_lawful_text_retained,no_lawful_text_retained,
PMID:33026392,Chemistry_Materials,329,no_lawful_text_retained,no_lawful_text_retained,
PMID:37865838,Chemistry_Materials,330,no_lawful_text_retained,no_lawful_text_retained,
PMID:34649200,Chemistry_Materials,331,no_lawful_text_retained,no_lawful_text_retained,
PMID:33307096,Chemistry_Materials,332,no_lawful_text_retained,no_lawful_text_retained,
PMID:35095926,Chemistry_Materials,333,no_deposit_named,no_deposit_named,
PMID:39536762,Chemistry_Materials,334,no_lawful_text_retained,no_lawful_text_retained,
PMID:41225131,Chemistry_Materials,335,no_lawful_text_retained,no_lawful_text_retained,
PMID:33151668,Chemistry_Materials,336,no_lawful_text_retained,no_lawful_text_retained,
PMID:34592654,Chemistry_Materials,337,no_lawful_text_retained,no_lawful_text_retained,
PMID:34978766,Chemistry_Materials,338,no_lawful_text_retained,no_lawful_text_retained,
PMID:33177544,Chemistry_Materials,339,supplement_only_unverified,supplement_only_unverified,
PMID:34716519,Chemistry_Materials,340,no_lawful_text_retained,no_lawful_text_retained,
PMID:36584766,Chemistry_Materials,341,no_lawful_text_retained,no_lawful_text_retained,
PMID:39658361,Chemistry_Materials,342,no_deposit_named,no_deposit_named,
PMID:33023237,Chemistry_Materials,343,no_deposit_named,no_deposit_named,
PMID:39709554,Chemistry_Materials,344,application_required,application_required,
PMID:37962095,Chemistry_Materials,345,no_lawful_text_retained,no_lawful_text_retained,
PMID:34838413,Chemistry_Materials,346,no_lawful_text_retained,no_lawful_text_retained,
PMID:33303788,Chemistry_Materials,347,supplement_only_unverified,supplement_only_unverified,
PMID:38141137,Chemistry_Materials,348,no_lawful_text_retained,no_lawful_text_retained,
PMID:34806710,Chemistry_Materials,349,no_lawful_text_retained,no_lawful_text_retained,
PMID:33220237,Chemistry_Materials,350,no_lawful_text_retained,no_lawful_text_retained,
PMID:37803795,Chemistry_Materials,351,no_lawful_text_retained,no_lawful_text_retained,
PMID:34681697,Chemistry_Materials,352,no_deposit_named,no_deposit_named,
PMID:39722314,Chemistry_Materials,353,no_lawful_text_retained,no_lawful_text_retained,
PMID:41088195,Chemistry_Materials,354,author_request_only,author_request_only,
PMID:33595331,Chemistry_Materials,355,no_lawful_text_retained,no_lawful_text_retained,
PMID:41258984,Chemistry_Materials,356,no_lawful_text_retained,no_lawful_text_retained,
PMID:41157572,Chemistry_Materials,357,author_request_only,author_request_only,
PMID:37871676,Chemistry_Materials,358,no_lawful_text_retained,no_lawful_text_retained,
PMID:39731336,Chemistry_Materials,359,no_lawful_text_retained,no_lawful_text_retained,
PMID:41265306,Chemistry_Materials,360,no_lawful_text_retained,no_lawful_text_retained,
PMID:38555156,Chemistry_Materials,361,no_lawful_text_retained,no_lawful_text_retained,
PMID:35034875,Chemistry_Materials,362,no_lawful_text_retained,no_lawful_text_retained,
PMID:41187659,Chemistry_Materials,363,no_lawful_text_retained,no_lawful_text_retained,
PMID:33217778,Chemistry_Materials,364,no_lawful_text_retained,no_lawful_text_retained,
PMID:33017738,Chemistry_Materials,365,no_lawful_text_retained,no_lawful_text_retained,
PMID:34593244,Chemistry_Materials,366,no_lawful_text_retained,no_lawful_text_retained,
PMID:33164332,Chemistry_Materials,367,no_lawful_text_retained,no_lawful_text_retained,
PMID:34627632,Chemistry_Materials,368,no_lawful_text_retained,no_lawful_text_retained,
PMID:41236053,Chemistry_Materials,369,author_request_only,author_request_only,
PMID:37804731,Chemistry_Materials,370,no_lawful_text_retained,no_lawful_text_retained,
PMID:34913099,Chemistry_Materials,371,author_request_only,author_request_only,
PMID:37919011,Chemistry_Materials,372,no_lawful_text_retained,no_lawful_text_retained,
PMID:35549194,Chemistry_Materials,373,no_lawful_text_retained,no_lawful_text_retained,
PMID:33483064,Chemistry_Materials,374,no_lawful_text_retained,no_lawful_text_retained,
PMID:36584219,Chemistry_Materials,375,open_route_named_pending_listing,above_cap,zenodo:7351979=announced_sizes_exceed_amendment_caps
PMID:37845672,Chemistry_Materials,376,open_route_named_pending_listing,size_unannounced,proteomexchange:PXD040218=some_or_all_files_without_announced_size
PMID:37940272,Chemistry_Materials,377,no_lawful_text_retained,no_lawful_text_retained,
PMID:37915040,Chemistry_Materials,378,supplement_only_unverified,supplement_only_unverified,
PMID:36446169,Chemistry_Materials,379,no_lawful_text_retained,no_lawful_text_retained,
PMID:36737902,Chemistry_Materials,380,no_lawful_text_retained,no_lawful_text_retained,
PMID:41312760,Chemistry_Materials,381,no_deposit_named,no_deposit_named,
PMID:35548979,Chemistry_Materials,382,no_lawful_text_retained,no_lawful_text_retained,
PMID:41343460,Chemistry_Materials,383,no_deposit_named,no_deposit_named,
PMID:41100169,Chemistry_Materials,384,no_lawful_text_retained,no_lawful_text_retained,
PMID:41290795,Chemistry_Materials,385,author_request_only,author_request_only,
PMID:38203573,Chemistry_Materials,386,open_route_named_pending_listing,,geo:GSE163357=anonymous_listing_with_sizes_within_caps; geo:GSE134406=anonymous_listing_with_sizes_within_caps
PMID:37830450,Chemistry_Materials,387,no_lawful_text_retained,no_lawful_text_retained,
PMID:41429994,Chemistry_Materials,388,author_request_only,author_request_only,
PMID:37884118,Chemistry_Materials,389,no_lawful_text_retained,no_lawful_text_retained,
PMID:39643350,Chemistry_Materials,390,no_lawful_text_retained,no_lawful_text_retained,
PMID:38086497,Chemistry_Materials,391,no_lawful_text_retained,no_lawful_text_retained,
PMID:37945513,Chemistry_Materials,392,no_lawful_text_retained,no_lawful_text_retained,
PMID:37897485,Chemistry_Materials,393,no_lawful_text_retained,no_lawful_text_retained,
PMID:34757228,Chemistry_Materials,394,no_lawful_text_retained,no_lawful_text_retained,
PMID:36362054,Chemistry_Materials,395,author_request_only,author_request_only,
PMID:36349403,Chemistry_Materials,396,no_lawful_text_retained,no_lawful_text_retained,
PMID:33160046,Chemistry_Materials,397,no_lawful_text_retained,no_lawful_text_retained,
PMID:38011349,Chemistry_Materials,398,no_lawful_text_retained,no_lawful_text_retained,
PMID:39514700,Chemistry_Materials,399,no_deposit_named,no_deposit_named,
PMID:34973739,Chemistry_Materials,400,no_lawful_text_retained,no_lawful_text_retained,
PMID:37966861,Chemistry_Materials,401,no_lawful_text_retained,no_lawful_text_retained,
PMID:33091845,Chemistry_Materials,402,no_lawful_text_retained,no_lawful_text_retained,
PMID:33171046,Chemistry_Materials,403,no_lawful_text_retained,no_lawful_text_retained,
PMID:33047383,Chemistry_Materials,404,no_lawful_text_retained,no_lawful_text_retained,
PMID:38056264,Chemistry_Materials,405,no_lawful_text_retained,no_lawful_text_retained,
PMID:38078946,Chemistry_Materials,406,no_lawful_text_retained,no_lawful_text_retained,
PMID:38048625,Chemistry_Materials,407,no_lawful_text_retained,no_lawful_text_retained,
PMID:39476874,Chemistry_Materials,408,no_lawful_text_retained,no_lawful_text_retained,
PMID:34736669,Chemistry_Materials,409,no_lawful_text_retained,no_lawful_text_retained,
PMID:36270525,Chemistry_Materials,410,no_lawful_text_retained,no_lawful_text_retained,
PMID:33455180,Chemistry_Materials,411,no_lawful_text_retained,no_lawful_text_retained,
PMID:37800939,Chemistry_Materials,412,no_lawful_text_retained,no_lawful_text_retained,
PMID:36432178,Chemistry_Materials,413,no_deposit_named,no_deposit_named,
PMID:33015856,Chemistry_Materials,414,no_lawful_text_retained,no_lawful_text_retained,
PMID:39474362,Chemistry_Materials,415,no_deposit_named,no_deposit_named,
PMID:34856166,Chemistry_Materials,416,no_lawful_text_retained,no_lawful_text_retained,
PMID:39693601,Chemistry_Materials,417,no_lawful_text_retained,no_lawful_text_retained,
PMID:34921572,Chemistry_Materials,418,no_lawful_text_retained,no_lawful_text_retained,
PMID:33078850,Chemistry_Materials,419,no_lawful_text_retained,no_lawful_text_retained,
PMID:34871316,Chemistry_Materials,420,no_deposit_named,no_deposit_named,
PMID:36529046,Chemistry_Materials,421,no_lawful_text_retained,no_lawful_text_retained,
PMID:41334863,Chemistry_Materials,422,no_lawful_text_retained,no_lawful_text_retained,
PMID:35549185,Chemistry_Materials,423,no_lawful_text_retained,no_lawful_text_retained,
PMID:34767850,Chemistry_Materials,424,no_lawful_text_retained,no_lawful_text_retained,
PMID:41207588,Chemistry_Materials,425,no_lawful_text_retained,no_lawful_text_retained,
PMID:33368751,Chemistry_Materials,426,no_lawful_text_retained,no_lawful_text_retained,
PMID:39614521,Chemistry_Materials,427,no_lawful_text_retained,no_lawful_text_retained,
PMID:36580715,Chemistry_Materials,428,no_lawful_text_retained,no_lawful_text_retained,
PMID:41297109,Chemistry_Materials,429,no_lawful_text_retained,no_lawful_text_retained,
PMID:38015320,Chemistry_Materials,430,no_lawful_text_retained,no_lawful_text_retained,
PMID:39567121,Chemistry_Materials,431,no_lawful_text_retained,no_lawful_text_retained,
PMID:34826542,Chemistry_Materials,432,no_lawful_text_retained,no_lawful_text_retained,
PMID:33051581,Chemistry_Materials,433,open_route_named_pending_listing,,figshare:12769841=anonymous_listing_with_sizes_within_caps; zenodo:4011907=anonymous_listing_with_sizes_within_caps
PMID:34653455,Chemistry_Materials,434,no_lawful_text_retained,no_lawful_text_retained,
PMID:33320620,Chemistry_Materials,435,no_lawful_text_retained,no_lawful_text_retained,
PMID:41084413,Chemistry_Materials,436,no_lawful_text_retained,no_lawful_text_retained,
PMID:34664208,Chemistry_Materials,437,no_lawful_text_retained,no_lawful_text_retained,
PMID:39521208,Chemistry_Materials,438,no_lawful_text_retained,no_lawful_text_retained,
PMID:41177062,Chemistry_Materials,439,no_lawful_text_retained,no_lawful_text_retained,
PMID:36323363,Chemistry_Materials,440,no_lawful_text_retained,no_lawful_text_retained,
PMID:37883223,Chemistry_Materials,441,author_request_only,author_request_only,
PMID:41259555,Chemistry_Materials,442,no_deposit_named,no_deposit_named,
PMID:41444632,Chemistry_Materials,443,supplement_only_unverified,supplement_only_unverified,
PMID:38114979,Chemistry_Materials,444,author_request_only,author_request_only,
PMID:41219237,Chemistry_Materials,445,open_route_named_pending_listing,listing_unavailable,mendeley:zc53h3dcfg.1=listing_not_machine_readable; mendeley:7m9z78jpgs.1=listing_not_machine_readable
PMID:37890451,Chemistry_Materials,446,no_lawful_text_retained,no_lawful_text_retained,
PMID:34637644,Chemistry_Materials,447,no_lawful_text_retained,no_lawful_text_retained,
PMID:41125173,Chemistry_Materials,448,no_lawful_text_retained,no_lawful_text_retained,
PMID:38066426,Chemistry_Materials,449,open_route_named_pending_listing,above_cap,bioproject:PRJNA809764=announced_sizes_exceed_amendment_caps; sra_study:SRP361281=announced_sizes_exceed_amendment_caps
PMID:37984150,Chemistry_Materials,450,no_lawful_text_retained,no_lawful_text_retained,
PMID:34876625,Chemistry_Materials,451,supplement_only_unverified,supplement_only_unverified,
PMID:37919143,Chemistry_Materials,452,no_lawful_text_retained,no_lawful_text_retained,
PMID:34704301,Chemistry_Materials,453,no_deposit_named,no_deposit_named,
PMID:41262242,Chemistry_Materials,454,open_route_named_pending_listing,,geo:GSE68465=anonymous_listing_with_sizes_within_caps; geo:GSE84437=anonymous_listing_with_sizes_within_caps
PMID:39423986,Chemistry_Materials,455,no_lawful_text_retained,no_lawful_text_retained,
PMID:39515692,Chemistry_Materials,456,no_lawful_text_retained,no_lawful_text_retained,
PMID:41203893,Chemistry_Materials,457,no_lawful_text_retained,no_lawful_text_retained,
PMID:38073235,Chemistry_Materials,458,no_lawful_text_retained,no_lawful_text_retained,
PMID:33334195,Chemistry_Materials,459,no_lawful_text_retained,no_lawful_text_retained,
PMID:39499161,Chemistry_Materials,460,no_lawful_text_retained,no_lawful_text_retained,
PMID:39427360,Chemistry_Materials,461,no_lawful_text_retained,no_lawful_text_retained,
PMID:34756929,Chemistry_Materials,462,no_lawful_text_retained,no_lawful_text_retained,
PMID:39594597,Chemistry_Materials,463,open_route_named_pending_listing,listing_unavailable,proteomexchange:PXD056754=listing_empty
PMID:41254203,Chemistry_Materials,464,open_route_named_pending_listing,listing_unavailable,bioproject:PRJNA1258569=listing_empty; bioproject:PRJNA1320993=listing_empty
PMID:41330386,Chemistry_Materials,465,no_lawful_text_retained,no_lawful_text_retained,
PMID:36409410,Chemistry_Materials,466,supplement_only_unverified,supplement_only_unverified,
PMID:38056731,Chemistry_Materials,467,no_lawful_text_retained,no_lawful_text_retained,
PMID:34762411,Chemistry_Materials,468,code_only_deposit,code_only_deposit,
PMID:39675143,Chemistry_Materials,469,no_lawful_text_retained,no_lawful_text_retained,
PMID:34940678,Chemistry_Materials,470,supplement_only_unverified,supplement_only_unverified,
PMID:41429827,Chemistry_Materials,471,author_request_only,author_request_only,
PMID:41361166,Chemistry_Materials,472,open_route_named_pending_listing,,proteomexchange:PXD061225=some_or_all_files_without_announced_size; figshare:29980600=anonymous_listing_with_sizes_within_caps
PMID:37958846,Chemistry_Materials,473,no_deposit_named,no_deposit_named,
PMID:37865205,Chemistry_Materials,474,no_lawful_text_retained,no_lawful_text_retained,
PMID:39788686,Chemistry_Materials,475,no_lawful_text_retained,no_lawful_text_retained,
PMID:34824474,Chemistry_Materials,476,open_route_named_pending_listing,size_unannounced,proteomexchange:PXD005565=some_or_all_files_without_announced_size; proteomexchange:PXD005411=some_or_all_files_without_announced_size; proteomexchange:PXD005412=some_or_all_files_without_announced_size; proteomexchange:PXD005413=some_or_all_files_without_announced_size
PMID:41108918,Chemistry_Materials,477,no_lawful_text_retained,no_lawful_text_retained,
PMID:37972905,Chemistry_Materials,478,no_lawful_text_retained,no_lawful_text_retained,
PMID:41365402,Chemistry_Materials,479,no_lawful_text_retained,no_lawful_text_retained,
PMID:36359896,Chemistry_Materials,480,author_request_only,author_request_only,
PMID:36576118,Chemistry_Materials,481,no_lawful_text_retained,no_lawful_text_retained,
PMID:34906533,Chemistry_Materials,482,no_lawful_text_retained,no_lawful_text_retained,
PMID:33157383,Chemistry_Materials,483,no_lawful_text_retained,no_lawful_text_retained,
PMID:37852404,Chemistry_Materials,484,no_lawful_text_retained,no_lawful_text_retained,
PMID:34889072,Chemistry_Materials,485,no_lawful_text_retained,no_lawful_text_retained,
PMID:36303380,Chemistry_Materials,486,no_lawful_text_retained,no_lawful_text_retained,
PMID:36375656,Chemistry_Materials,487,no_lawful_text_retained,no_lawful_text_retained,
PMID:34958278,Chemistry_Materials,488,no_lawful_text_retained,no_lawful_text_retained,
PMID:33047659,Chemistry_Materials,489,no_deposit_named,no_deposit_named,
PMID:34758114,Chemistry_Materials,490,no_lawful_text_retained,no_lawful_text_retained,
PMID:39505066,Chemistry_Materials,491,no_lawful_text_retained,no_lawful_text_retained,
PMID:35027134,Chemistry_Materials,492,no_lawful_text_retained,no_lawful_text_retained,
PMID:39582118,Chemistry_Materials,493,no_deposit_named,no_deposit_named,
PMID:41130031,Chemistry_Materials,494,no_lawful_text_retained,no_lawful_text_retained,
PMID:33143887,Chemistry_Materials,495,no_lawful_text_retained,no_lawful_text_retained,
PMID:34817873,Chemistry_Materials,496,no_lawful_text_retained,no_lawful_text_retained,
PMID:36549621,Chemistry_Materials,497,no_lawful_text_retained,no_lawful_text_retained,
PMID:36232886,Chemistry_Materials,498,author_request_only,author_request_only,
PMID:36330975,Chemistry_Materials,499,no_lawful_text_retained,no_lawful_text_retained,
PMID:37831194,Chemistry_Materials,500,no_lawful_text_retained,no_lawful_text_retained,
PMID:38062598,Chemistry_Materials,501,no_lawful_text_retained,no_lawful_text_retained,
PMID:39476757,Chemistry_Materials,502,no_lawful_text_retained,no_lawful_text_retained,
PMID:36444094,Chemistry_Materials,503,no_lawful_text_retained,no_lawful_text_retained,
PMID:41192030,Chemistry_Materials,504,no_lawful_text_retained,no_lawful_text_retained,
PMID:37950318,Chemistry_Materials,505,author_request_only,author_request_only,
PMID:41371856,Chemistry_Materials,506,no_lawful_text_retained,no_lawful_text_retained,
PMID:34601211,Chemistry_Materials,507,no_lawful_text_retained,no_lawful_text_retained,
PMID:34650933,Chemistry_Materials,508,supplement_only_unverified,supplement_only_unverified,
PMID:36301778,Chemistry_Materials,509,no_lawful_text_retained,no_lawful_text_retained,
PMID:37845342,Chemistry_Materials,510,no_lawful_text_retained,no_lawful_text_retained,
PMID:33346028,Chemistry_Materials,511,no_lawful_text_retained,no_lawful_text_retained,
PMID:39515163,Chemistry_Materials,512,no_lawful_text_retained,no_lawful_text_retained,
PMID:36876784,Chemistry_Materials,513,no_lawful_text_retained,no_lawful_text_retained,
PMID:36604067,Chemistry_Materials,514,no_lawful_text_retained,no_lawful_text_retained,
PMID:34696472,Chemistry_Materials,515,no_deposit_named,no_deposit_named,
PMID:41315401,Chemistry_Materials,516,author_request_only,author_request_only,
PMID:41108964,Chemistry_Materials,517,no_lawful_text_retained,no_lawful_text_retained,
PMID:37774518,Chemistry_Materials,518,no_deposit_named,no_deposit_named,
PMID:38134554,Chemistry_Materials,519,no_lawful_text_retained,no_lawful_text_retained,
PMID:36583520,Chemistry_Materials,520,no_lawful_text_retained,no_lawful_text_retained,
PMID:37856445,Chemistry_Materials,521,no_lawful_text_retained,no_lawful_text_retained,
PMID:39511587,Chemistry_Materials,522,open_route_named_pending_listing,above_cap,bioproject:PRJNA1088414=announced_sizes_exceed_amendment_caps
PMID:41539756,Chemistry_Materials,523,no_lawful_text_retained,no_lawful_text_retained,
PMID:33296096,Chemistry_Materials,524,no_lawful_text_retained,no_lawful_text_retained,
PMID:33285149,Chemistry_Materials,525,no_lawful_text_retained,no_lawful_text_retained,
PMID:36555828,Chemistry_Materials,526,no_deposit_named,no_deposit_named,
PMID:41138268,Chemistry_Materials,527,no_deposit_named,no_deposit_named,
PMID:33168874,Chemistry_Materials,528,author_request_only,author_request_only,
PMID:41475205,Chemistry_Materials,529,no_lawful_text_retained,no_lawful_text_retained,
PMID:39725230,Chemistry_Materials,530,no_lawful_text_retained,no_lawful_text_retained,
PMID:41307110,Chemistry_Materials,531,author_request_only,author_request_only,
PMID:34818448,Chemistry_Materials,532,author_request_only,author_request_only,
PMID:33247449,Chemistry_Materials,533,no_lawful_text_retained,no_lawful_text_retained,
PMID:33107460,Chemistry_Materials,534,no_lawful_text_retained,no_lawful_text_retained,
PMID:33295610,Chemistry_Materials,535,no_deposit_named,no_deposit_named,
PMID:34896572,Chemistry_Materials,536,no_lawful_text_retained,no_lawful_text_retained,
PMID:37795899,Chemistry_Materials,537,no_deposit_named,no_deposit_named,
PMID:39489869,Chemistry_Materials,538,supplement_only_unverified,supplement_only_unverified,
PMID:33151111,Chemistry_Materials,539,no_lawful_text_retained,no_lawful_text_retained,
PMID:37903739,Chemistry_Materials,540,no_lawful_text_retained,no_lawful_text_retained,
PMID:37929789,Chemistry_Materials,541,no_lawful_text_retained,no_lawful_text_retained,
PMID:37843758,Chemistry_Materials,542,no_lawful_text_retained,no_lawful_text_retained,
PMID:33021091,Chemistry_Materials,543,no_lawful_text_retained,no_lawful_text_retained,
PMID:37804669,Chemistry_Materials,544,no_lawful_text_retained,no_lawful_text_retained,
PMID:37958510,Chemistry_Materials,545,author_request_only,author_request_only,
PMID:38016231,Chemistry_Materials,546,no_lawful_text_retained,no_lawful_text_retained,
PMID:36470771,Chemistry_Materials,547,no_lawful_text_retained,no_lawful_text_retained,
PMID:34794579,Chemistry_Materials,548,no_lawful_text_retained,no_lawful_text_retained,
PMID:33061374,Chemistry_Materials,549,no_deposit_named,no_deposit_named,
PMID:33360489,Chemistry_Materials,550,no_lawful_text_retained,no_lawful_text_retained,
PMID:39458442,Chemistry_Materials,551,no_deposit_named,no_deposit_named,
PMID:39578299,Chemistry_Materials,552,application_required,application_required,
PMID:39756082,Chemistry_Materials,553,no_lawful_text_retained,no_lawful_text_retained,
PMID:39843067,Chemistry_Materials,554,no_lawful_text_retained,no_lawful_text_retained,
PMID:36296567,Chemistry_Materials,555,supplement_only_unverified,supplement_only_unverified,
PMID:36347401,Chemistry_Materials,556,no_lawful_text_retained,no_lawful_text_retained,
PMID:36223298,Chemistry_Materials,557,no_lawful_text_retained,no_lawful_text_retained,
PMID:39818097,Chemistry_Materials,558,no_lawful_text_retained,no_lawful_text_retained,
PMID:37940262,Chemistry_Materials,559,no_lawful_text_retained,no_lawful_text_retained,
PMID:36367473,Chemistry_Materials,560,no_lawful_text_retained,no_lawful_text_retained,
PMID:33387655,Chemistry_Materials,561,no_lawful_text_retained,no_lawful_text_retained,
PMID:41315182,Chemistry_Materials,562,no_lawful_text_retained,no_lawful_text_retained,
PMID:39538093,Chemistry_Materials,563,no_lawful_text_retained,no_lawful_text_retained,
PMID:34800296,Chemistry_Materials,564,no_lawful_text_retained,no_lawful_text_retained,
PMID:38151161,Chemistry_Materials,565,no_lawful_text_retained,no_lawful_text_retained,
PMID:34619202,Chemistry_Materials,566,no_lawful_text_retained,no_lawful_text_retained,
PMID:41381372,Chemistry_Materials,567,no_deposit_named,no_deposit_named,
PMID:39577161,Chemistry_Materials,568,no_lawful_text_retained,no_lawful_text_retained,
PMID:38131761,Chemistry_Materials,569,author_request_only,author_request_only,
PMID:37939378,Chemistry_Materials,570,no_lawful_text_retained,no_lawful_text_retained,
PMID:33295915,Chemistry_Materials,571,no_lawful_text_retained,no_lawful_text_retained,
PMID:34896958,Chemistry_Materials,572,no_lawful_text_retained,no_lawful_text_retained,
PMID:41370373,Chemistry_Materials,573,no_deposit_named,no_deposit_named,
PMID:34857143,Chemistry_Materials,574,no_lawful_text_retained,no_lawful_text_retained,
PMID:39733885,Chemistry_Materials,575,no_lawful_text_retained,no_lawful_text_retained,
PMID:41352790,Chemistry_Materials,576,no_lawful_text_retained,no_lawful_text_retained,
PMID:35574805,Chemistry_Materials,577,no_lawful_text_retained,no_lawful_text_retained,
PMID:34973770,Chemistry_Materials,578,no_lawful_text_retained,no_lawful_text_retained,
PMID:38064590,Chemistry_Materials,579,no_lawful_text_retained,no_lawful_text_retained,
PMID:36331357,Chemistry_Materials,580,no_lawful_text_retained,no_lawful_text_retained,
PMID:39543646,Chemistry_Materials,581,supplement_only_unverified,supplement_only_unverified,
PMID:34669029,Chemistry_Materials,582,no_lawful_text_retained,no_lawful_text_retained,
PMID:37971540,Chemistry_Materials,583,no_lawful_text_retained,no_lawful_text_retained,
PMID:33463160,Chemistry_Materials,584,no_lawful_text_retained,no_lawful_text_retained,
PMID:34863993,Chemistry_Materials,585,no_lawful_text_retained,no_lawful_text_retained,
PMID:34954418,Chemistry_Materials,586,no_lawful_text_retained,no_lawful_text_retained,
PMID:36321532,Chemistry_Materials,587,no_lawful_text_retained,no_lawful_text_retained,
PMID:34757142,Chemistry_Materials,588,no_lawful_text_retained,no_lawful_text_retained,
PMID:36235106,Chemistry_Materials,589,no_deposit_named,no_deposit_named,
PMID:36306985,Chemistry_Materials,590,no_lawful_text_retained,no_lawful_text_retained,
PMID:34718092,Chemistry_Materials,591,no_lawful_text_retained,no_lawful_text_retained,
PMID:39798365,Chemistry_Materials,592,no_lawful_text_retained,no_lawful_text_retained,
PMID:37791448,Chemistry_Materials,593,no_deposit_named,no_deposit_named,
PMID:36526435,Chemistry_Materials,594,no_lawful_text_retained,no_lawful_text_retained,
PMID:34903843,Chemistry_Materials,595,supplement_only_unverified,supplement_only_unverified,
PMID:33164313,Chemistry_Materials,596,no_deposit_named,no_deposit_named,
PMID:36459698,Chemistry_Materials,597,no_lawful_text_retained,no_lawful_text_retained,
PMID:39476889,Chemistry_Materials,598,no_lawful_text_retained,no_lawful_text_retained,
PMID:36563820,Chemistry_Materials,599,no_lawful_text_retained,no_lawful_text_retained,
PMID:36622012,Chemistry_Materials,600,no_lawful_text_retained,no_lawful_text_retained,
PMID:39494761,Chemistry_Materials,601,no_lawful_text_retained,no_lawful_text_retained,
PMID:34990525,Chemistry_Materials,602,no_deposit_named,no_deposit_named,
PMID:33317837,Chemistry_Materials,603,no_lawful_text_retained,no_lawful_text_retained,
PMID:39586745,Chemistry_Materials,604,no_lawful_text_retained,no_lawful_text_retained,
PMID:39456773,Chemistry_Materials,605,supplement_only_unverified,supplement_only_unverified,
PMID:41586309,Chemistry_Materials,606,supplement_only_unverified,supplement_only_unverified,
PMID:33461711,Chemistry_Materials,607,no_lawful_text_retained,no_lawful_text_retained,
PMID:37788731,Chemistry_Materials,608,no_lawful_text_retained,no_lawful_text_retained,
PMID:41416418,Chemistry_Materials,609,no_deposit_named,no_deposit_named,
PMID:36336092,Chemistry_Materials,610,no_lawful_text_retained,no_lawful_text_retained,
PMID:37939697,Chemistry_Materials,611,no_lawful_text_retained,no_lawful_text_retained,
PMID:33278494,Chemistry_Materials,612,no_lawful_text_retained,no_lawful_text_retained,
PMID:41231891,Chemistry_Materials,613,no_deposit_named,no_deposit_named,
PMID:33333119,Chemistry_Materials,614,no_lawful_text_retained,no_lawful_text_retained,
PMID:33177798,Chemistry_Materials,615,no_deposit_named,no_deposit_named,
PMID:36455230,Chemistry_Materials,616,no_lawful_text_retained,no_lawful_text_retained,
PMID:33295926,Chemistry_Materials,617,no_lawful_text_retained,no_lawful_text_retained,
PMID:33353050,Chemistry_Materials,618,no_deposit_named,no_deposit_named,
PMID:37910372,Chemistry_Materials,619,no_lawful_text_retained,no_lawful_text_retained,
PMID:41478772,Chemistry_Materials,620,no_lawful_text_retained,no_lawful_text_retained,
PMID:36535436,Chemistry_Materials,621,no_lawful_text_retained,no_lawful_text_retained,
PMID:39623817,Chemistry_Materials,622,no_lawful_text_retained,no_lawful_text_retained,
PMID:37943743,Chemistry_Materials,623,no_deposit_named,no_deposit_named,
PMID:39648660,Chemistry_Materials,624,no_lawful_text_retained,no_lawful_text_retained,
PMID:41105183,Chemistry_Materials,625,no_lawful_text_retained,no_lawful_text_retained,
PMID:34696045,Chemistry_Materials,626,no_deposit_named,no_deposit_named,
PMID:34773866,Chemistry_Materials,627,no_lawful_text_retained,no_lawful_text_retained,
PMID:36351940,Chemistry_Materials,628,author_request_only,author_request_only,
PMID:41218519,Chemistry_Materials,629,no_lawful_text_retained,no_lawful_text_retained,
PMID:41468545,Chemistry_Materials,630,no_lawful_text_retained,no_lawful_text_retained,
PMID:39454207,Chemistry_Materials,631,author_request_only,author_request_only,
PMID:33205351,Chemistry_Materials,632,no_deposit_named,no_deposit_named,
PMID:34743944,Chemistry_Materials,633,no_lawful_text_retained,no_lawful_text_retained,
PMID:39679605,Chemistry_Materials,634,no_deposit_named,no_deposit_named,
PMID:41260438,Chemistry_Materials,635,no_lawful_text_retained,no_lawful_text_retained,
PMID:33387643,Chemistry_Materials,636,no_lawful_text_retained,no_lawful_text_retained,
PMID:40288939,Chemistry_Materials,637,no_lawful_text_retained,no_lawful_text_retained,
PMID:33334068,Chemistry_Materials,638,no_deposit_named,no_deposit_named,
PMID:39549814,Chemistry_Materials,639,no_lawful_text_retained,no_lawful_text_retained,
PMID:39515433,Chemistry_Materials,640,no_lawful_text_retained,no_lawful_text_retained,
PMID:37801392,Chemistry_Materials,641,no_lawful_text_retained,no_lawful_text_retained,
PMID:39704392,Chemistry_Materials,642,no_lawful_text_retained,no_lawful_text_retained,
PMID:39567498,Chemistry_Materials,643,no_lawful_text_retained,no_lawful_text_retained,
PMID:41508457,Chemistry_Materials,644,no_lawful_text_retained,no_lawful_text_retained,
PMID:39696894,Chemistry_Materials,645,no_deposit_named,no_deposit_named,
PMID:41435942,Chemistry_Materials,646,no_lawful_text_retained,no_lawful_text_retained,
PMID:38100960,Chemistry_Materials,647,no_lawful_text_retained,no_lawful_text_retained,
PMID:37945221,Chemistry_Materials,648,no_lawful_text_retained,no_lawful_text_retained,
PMID:41400985,Chemistry_Materials,649,no_lawful_text_retained,no_lawful_text_retained,
PMID:38163551,Chemistry_Materials,650,no_lawful_text_retained,no_lawful_text_retained,
PMID:36457269,Chemistry_Materials,651,author_request_only,author_request_only,
PMID:37924915,Chemistry_Materials,652,no_lawful_text_retained,no_lawful_text_retained,
PMID:41465206,Chemistry_Materials,653,author_request_only,author_request_only,
PMID:41214997,Chemistry_Materials,654,no_lawful_text_retained,no_lawful_text_retained,
PMID:36587774,Chemistry_Materials,655,no_lawful_text_retained,no_lawful_text_retained,
PMID:34742410,Chemistry_Materials,656,no_lawful_text_retained,no_lawful_text_retained,
PMID:33320391,Chemistry_Materials,657,code_only_deposit,code_only_deposit,
PMID:41161166,Chemistry_Materials,658,no_lawful_text_retained,no_lawful_text_retained,
PMID:34726226,Chemistry_Materials,659,no_lawful_text_retained,no_lawful_text_retained,
PMID:38203578,Chemistry_Materials,660,author_request_only,author_request_only,
PMID:34808201,Chemistry_Materials,661,no_lawful_text_retained,no_lawful_text_retained,
PMID:41197896,Chemistry_Materials,662,no_lawful_text_retained,no_lawful_text_retained,
PMID:36326692,Chemistry_Materials,663,no_lawful_text_retained,no_lawful_text_retained,
PMID:33111073,Chemistry_Materials,664,author_request_only,author_request_only,
PMID:33294127,Chemistry_Materials,665,open_route_named_pending_listing,,geo:GSE46224=anonymous_listing_with_sizes_within_caps; geo:GSE114695=anonymous_listing_with_sizes_within_caps
PMID:37838134,Chemistry_Materials,666,no_lawful_text_retained,no_lawful_text_retained,
PMID:39695514,Chemistry_Materials,667,supplement_only_unverified,supplement_only_unverified,
PMID:39667450,Chemistry_Materials,668,no_lawful_text_retained,no_lawful_text_retained,
PMID:37999802,Chemistry_Materials,669,no_lawful_text_retained,no_lawful_text_retained,
PMID:34782323,Chemistry_Materials,670,no_lawful_text_retained,no_lawful_text_retained,
PMID:36615302,Chemistry_Materials,671,no_deposit_named,no_deposit_named,
PMID:37960993,Chemistry_Materials,672,no_lawful_text_retained,no_lawful_text_retained,
PMID:39787842,Chemistry_Materials,673,no_lawful_text_retained,no_lawful_text_retained,
PMID:38129192,Chemistry_Materials,674,no_lawful_text_retained,no_lawful_text_retained,
PMID:39547128,Chemistry_Materials,675,no_lawful_text_retained,no_lawful_text_retained,
PMID:33278972,Chemistry_Materials,676,no_lawful_text_retained,no_lawful_text_retained,
PMID:36421991,Chemistry_Materials,677,no_deposit_named,no_deposit_named,
PMID:41185327,Chemistry_Materials,678,no_lawful_text_retained,no_lawful_text_retained,
PMID:36411055,Chemistry_Materials,679,no_lawful_text_retained,no_lawful_text_retained,
PMID:34665514,Chemistry_Materials,680,no_lawful_text_retained,no_lawful_text_retained,
PMID:39704471,Chemistry_Materials,681,no_lawful_text_retained,no_lawful_text_retained,
PMID:33107231,Chemistry_Materials,682,no_deposit_named,no_deposit_named,
PMID:41223728,Chemistry_Materials,683,no_lawful_text_retained,no_lawful_text_retained,
PMID:36268982,Chemistry_Materials,684,no_lawful_text_retained,no_lawful_text_retained,
PMID:33329576,Chemistry_Materials,685,no_deposit_named,no_deposit_named,
PMID:38161044,Chemistry_Materials,686,no_lawful_text_retained,no_lawful_text_retained,
PMID:41600820,Chemistry_Materials,687,author_request_only,author_request_only,
PMID:41516282,Chemistry_Materials,688,author_request_only,author_request_only,
PMID:34601126,Chemistry_Materials,689,no_lawful_text_retained,no_lawful_text_retained,
PMID:41436650,Chemistry_Materials,690,author_request_only,author_request_only,
PMID:33035876,Chemistry_Materials,691,no_lawful_text_retained,no_lawful_text_retained,
PMID:37762371,Chemistry_Materials,692,no_deposit_named,no_deposit_named,
PMID:37965868,Chemistry_Materials,693,no_deposit_named,no_deposit_named,
PMID:33045375,Chemistry_Materials,694,no_lawful_text_retained,no_lawful_text_retained,
PMID:36358983,Chemistry_Materials,695,no_deposit_named,no_deposit_named,
PMID:33051809,Chemistry_Materials,696,no_lawful_text_retained,no_lawful_text_retained,
PMID:36216595,Chemistry_Materials,697,no_lawful_text_retained,no_lawful_text_retained,
PMID:33271846,Chemistry_Materials,698,no_deposit_named,no_deposit_named,
PMID:34863898,Chemistry_Materials,699,no_lawful_text_retained,no_lawful_text_retained,
PMID:39500084,Chemistry_Materials,700,no_lawful_text_retained,no_lawful_text_retained,
PMID:38112448,Chemistry_Materials,701,no_lawful_text_retained,no_lawful_text_retained,
PMID:33275901,Chemistry_Materials,702,no_lawful_text_retained,no_lawful_text_retained,
PMID:34865608,Chemistry_Materials,703,no_lawful_text_retained,no_lawful_text_retained,
PMID:33057823,Chemistry_Materials,704,no_lawful_text_retained,no_lawful_text_retained,
PMID:37858658,Chemistry_Materials,705,no_lawful_text_retained,no_lawful_text_retained,
PMID:33169771,Chemistry_Materials,706,no_lawful_text_retained,no_lawful_text_retained,
PMID:36472958,Chemistry_Materials,707,supplement_only_unverified,supplement_only_unverified,
PMID:37762054,Chemistry_Materials,708,open_route_named_pending_listing,,geo:GSE7929=anonymous_listing_with_sizes_within_caps; geo:GSE7956=anonymous_listing_with_sizes_within_caps; geo:GSE8401=anonymous_listing_with_sizes_within_caps; geo:GSE26440=anonymous_listing_with_sizes_within_caps
PMID:38043826,Chemistry_Materials,709,no_lawful_text_retained,no_lawful_text_retained,
PMID:34927839,Chemistry_Materials,710,no_lawful_text_retained,no_lawful_text_retained,
PMID:39725868,Chemistry_Materials,711,no_lawful_text_retained,no_lawful_text_retained,
PMID:39504512,Chemistry_Materials,712,no_lawful_text_retained,no_lawful_text_retained,
PMID:33205599,Chemistry_Materials,713,no_lawful_text_retained,no_lawful_text_retained,
PMID:34973747,Chemistry_Materials,714,no_lawful_text_retained,no_lawful_text_retained,
PMID:33057921,Chemistry_Materials,715,no_deposit_named,no_deposit_named,
PMID:38114377,Chemistry_Materials,716,no_lawful_text_retained,no_lawful_text_retained,
PMID:37976872,Chemistry_Materials,717,no_lawful_text_retained,no_lawful_text_retained,
PMID:36558091,Chemistry_Materials,718,no_deposit_named,no_deposit_named,
PMID:41286812,Chemistry_Materials,719,supplement_only_unverified,supplement_only_unverified,
PMID:37871436,Chemistry_Materials,720,no_lawful_text_retained,no_lawful_text_retained,
PMID:34923255,Chemistry_Materials,721,no_lawful_text_retained,no_lawful_text_retained,
PMID:33206408,Chemistry_Materials,722,no_lawful_text_retained,no_lawful_text_retained,
PMID:41218663,Chemistry_Materials,723,no_lawful_text_retained,no_lawful_text_retained,
PMID:41182969,Chemistry_Materials,724,no_lawful_text_retained,no_lawful_text_retained,
PMID:33084909,Chemistry_Materials,725,no_lawful_text_retained,no_lawful_text_retained,
PMID:36460249,Chemistry_Materials,726,no_lawful_text_retained,no_lawful_text_retained,
PMID:33357887,Chemistry_Materials,727,no_lawful_text_retained,no_lawful_text_retained,
PMID:33139552,Chemistry_Materials,728,author_request_only,author_request_only,
PMID:35549198,Chemistry_Materials,729,no_lawful_text_retained,no_lawful_text_retained,
PMID:36547703,Chemistry_Materials,730,supplement_only_unverified,supplement_only_unverified,
PMID:39556093,Chemistry_Materials,731,no_lawful_text_retained,no_lawful_text_retained,
PMID:35006942,Chemistry_Materials,732,no_lawful_text_retained,no_lawful_text_retained,
PMID:36551246,Chemistry_Materials,733,supplement_only_unverified,supplement_only_unverified,
PMID:36206825,Chemistry_Materials,734,no_lawful_text_retained,no_lawful_text_retained,
PMID:33075723,Chemistry_Materials,735,no_lawful_text_retained,no_lawful_text_retained,
PMID:39596336,Chemistry_Materials,736,no_deposit_named,no_deposit_named,
PMID:39499966,Chemistry_Materials,737,no_lawful_text_retained,no_lawful_text_retained,
PMID:33050381,Chemistry_Materials,738,no_deposit_named,no_deposit_named,
PMID:36761834,Chemistry_Materials,739,open_route_named_pending_listing,,figshare:21484905=anonymous_listing_with_sizes_within_caps; figshare:21485256=anonymous_listing_with_sizes_within_caps; figshare:21621282=anonymous_listing_with_sizes_within_caps
PMID:41172059,Chemistry_Materials,740,no_lawful_text_retained,no_lawful_text_retained,
PMID:41398348,Chemistry_Materials,741,open_route_named_pending_listing,code_only_deposit,zenodo:14969499=every_listed_file_is_implementation_material
PMID:41378945,Chemistry_Materials,742,no_lawful_text_retained,no_lawful_text_retained,
PMID:41630753,Chemistry_Materials,743,no_deposit_named,no_deposit_named,
PMID:36429469,Chemistry_Materials,744,no_deposit_named,no_deposit_named,
PMID:41093545,Chemistry_Materials,745,no_lawful_text_retained,no_lawful_text_retained,
PMID:39542438,Chemistry_Materials,746,author_request_only,author_request_only,
PMID:37956287,Chemistry_Materials,747,supplement_only_unverified,supplement_only_unverified,
PMID:41258733,Chemistry_Materials,748,no_lawful_text_retained,no_lawful_text_retained,
PMID:33485135,Chemistry_Materials,749,no_lawful_text_retained,no_lawful_text_retained,
PMID:39528761,Chemistry_Materials,750,no_lawful_text_retained,no_lawful_text_retained,
PMID:33360624,Chemistry_Materials,751,no_lawful_text_retained,no_lawful_text_retained,
PMID:39593306,Chemistry_Materials,752,no_lawful_text_retained,no_lawful_text_retained,
PMID:37890901,Chemistry_Materials,753,no_lawful_text_retained,no_lawful_text_retained,
PMID:39668156,Chemistry_Materials,754,no_lawful_text_retained,no_lawful_text_retained,
PMID:34608872,Chemistry_Materials,755,no_lawful_text_retained,no_lawful_text_retained,
PMID:36343836,Chemistry_Materials,756,no_lawful_text_retained,no_lawful_text_retained,
PMID:33545815,Chemistry_Materials,757,no_lawful_text_retained,no_lawful_text_retained,
PMID:38171667,Chemistry_Materials,758,no_lawful_text_retained,no_lawful_text_retained,
PMID:36436862,Chemistry_Materials,759,no_lawful_text_retained,no_lawful_text_retained,
PMID:33183599,Chemistry_Materials,760,no_lawful_text_retained,no_lawful_text_retained,
PMID:33311713,Chemistry_Materials,761,no_lawful_text_retained,no_lawful_text_retained,
PMID:41184542,Chemistry_Materials,762,no_lawful_text_retained,no_lawful_text_retained,
PMID:39699343,Chemistry_Materials,763,no_lawful_text_retained,no_lawful_text_retained,
PMID:37988844,Chemistry_Materials,764,no_lawful_text_retained,no_lawful_text_retained,
PMID:34682571,Chemistry_Materials,765,no_deposit_named,no_deposit_named,
PMID:33377056,Chemistry_Materials,766,no_deposit_named,no_deposit_named,
PMID:36234828,Chemistry_Materials,767,no_deposit_named,no_deposit_named,
PMID:36228365,Chemistry_Materials,768,no_lawful_text_retained,no_lawful_text_retained,
PMID:39674386,Chemistry_Materials,769,no_lawful_text_retained,no_lawful_text_retained,
PMID:41374531,Chemistry_Materials,770,author_request_only,author_request_only,
PMID:33067418,Chemistry_Materials,771,supplement_only_unverified,supplement_only_unverified,
PMID:37768019,Chemistry_Materials,772,no_lawful_text_retained,no_lawful_text_retained,
PMID:38096047,Chemistry_Materials,773,no_lawful_text_retained,no_lawful_text_retained,
PMID:37986438,Chemistry_Materials,774,no_lawful_text_retained,no_lawful_text_retained,
PMID:34662766,Chemistry_Materials,775,no_lawful_text_retained,no_lawful_text_retained,
PMID:39613774,Chemistry_Materials,776,open_route_named_pending_listing,,geo:GSE278201=anonymous_listing_with_sizes_within_caps
PMID:38220979,Chemistry_Materials,777,no_lawful_text_retained,no_lawful_text_retained,
PMID:34968956,Chemistry_Materials,778,no_lawful_text_retained,no_lawful_text_retained,
PMID:34599783,Chemistry_Materials,779,no_lawful_text_retained,no_lawful_text_retained,
PMID:41508459,Chemistry_Materials,780,no_lawful_text_retained,no_lawful_text_retained,
PMID:34624272,Chemistry_Materials,781,no_lawful_text_retained,no_lawful_text_retained,
PMID:33043486,Chemistry_Materials,782,no_lawful_text_retained,no_lawful_text_retained,
PMID:34625253,Chemistry_Materials,783,no_lawful_text_retained,no_lawful_text_retained,
PMID:39684930,Chemistry_Materials,784,supplement_only_unverified,supplement_only_unverified,
PMID:39849779,Chemistry_Materials,785,no_lawful_text_retained,no_lawful_text_retained,
PMID:36573287,Chemistry_Materials,786,no_deposit_named,no_deposit_named,
PMID:36233297,Chemistry_Materials,787,no_deposit_named,no_deposit_named,
PMID:38093663,Chemistry_Materials,788,no_lawful_text_retained,no_lawful_text_retained,
PMID:34744144,Chemistry_Materials,789,no_lawful_text_retained,no_lawful_text_retained,
PMID:41135167,Chemistry_Materials,790,no_lawful_text_retained,no_lawful_text_retained,
PMID:38065445,Chemistry_Materials,791,no_lawful_text_retained,no_lawful_text_retained,
PMID:36303058,Chemistry_Materials,792,no_deposit_named,no_deposit_named,
PMID:34879197,Chemistry_Materials,793,no_lawful_text_retained,no_lawful_text_retained,
PMID:34601249,Chemistry_Materials,794,no_lawful_text_retained,no_lawful_text_retained,
PMID:34822750,Chemistry_Materials,795,no_lawful_text_retained,no_lawful_text_retained,
PMID:36329267,Chemistry_Materials,796,no_lawful_text_retained,no_lawful_text_retained,
PMID:37904272,Chemistry_Materials,797,no_lawful_text_retained,no_lawful_text_retained,
PMID:37749114,Chemistry_Materials,798,author_request_only,author_request_only,
PMID:36241088,Chemistry_Materials,799,no_lawful_text_retained,no_lawful_text_retained,
PMID:34758464,Chemistry_Materials,800,no_lawful_text_retained,no_lawful_text_retained,
PMID:37796474,Chemistry_Materials,801,no_lawful_text_retained,no_lawful_text_retained,
PMID:39569931,Chemistry_Materials,802,no_lawful_text_retained,no_lawful_text_retained,
PMID:34597679,Chemistry_Materials,803,no_lawful_text_retained,no_lawful_text_retained,
PMID:33065066,Chemistry_Materials,804,no_lawful_text_retained,no_lawful_text_retained,
PMID:37774441,Chemistry_Materials,805,no_lawful_text_retained,no_lawful_text_retained,
PMID:33210737,Chemistry_Materials,806,no_lawful_text_retained,no_lawful_text_retained,
PMID:36563454,Chemistry_Materials,807,no_lawful_text_retained,no_lawful_text_retained,
PMID:34905966,Chemistry_Materials,808,no_lawful_text_retained,no_lawful_text_retained,
PMID:33173118,Chemistry_Materials,809,supplement_only_unverified,supplement_only_unverified,
PMID:33060677,Chemistry_Materials,810,code_only_deposit,code_only_deposit,
PMID:37883539,Chemistry_Materials,811,no_lawful_text_retained,no_lawful_text_retained,
PMID:37820028,Chemistry_Materials,812,no_lawful_text_retained,no_lawful_text_retained,
PMID:38154174,Chemistry_Materials,813,no_lawful_text_retained,no_lawful_text_retained,
PMID:39445018,Chemistry_Materials,814,supplement_only_unverified,supplement_only_unverified,
PMID:36360246,Chemistry_Materials,815,author_request_only,author_request_only,
PMID:37907528,Chemistry_Materials,816,open_route_named_pending_listing,above_cap,zenodo:8366334=announced_sizes_exceed_amendment_caps
PMID:36480060,Chemistry_Materials,817,supplement_only_unverified,supplement_only_unverified,
PMID:34870958,Chemistry_Materials,818,no_lawful_text_retained,no_lawful_text_retained,
PMID:33205401,Chemistry_Materials,819,no_lawful_text_retained,no_lawful_text_retained,
PMID:41207034,Chemistry_Materials,820,no_lawful_text_retained,no_lawful_text_retained,
PMID:34629052,Chemistry_Materials,821,supplement_only_unverified,supplement_only_unverified,
PMID:34633791,Chemistry_Materials,822,no_lawful_text_retained,no_lawful_text_retained,
PMID:33221101,Chemistry_Materials,823,no_lawful_text_retained,no_lawful_text_retained,
PMID:41239137,Chemistry_Materials,824,open_route_named_pending_listing,size_unannounced,proteomexchange:PXD064335=some_or_all_files_without_announced_size
PMID:34596899,Chemistry_Materials,825,no_lawful_text_retained,no_lawful_text_retained,
PMID:39637438,Chemistry_Materials,826,no_lawful_text_retained,no_lawful_text_retained,
PMID:36522482,Chemistry_Materials,827,no_lawful_text_retained,no_lawful_text_retained,
PMID:36364463,Chemistry_Materials,828,open_route_named_pending_listing,listing_unavailable,zenodo:7235496=listing_empty; zenodo:7235502=listing_empty; zenodo:7235530=listing_empty; zenodo:7235574=listing_empty
PMID:41474269,Chemistry_Materials,829,no_deposit_named,no_deposit_named,
PMID:33185325,Chemistry_Materials,830,no_lawful_text_retained,no_lawful_text_retained,
PMID:35111697,Chemistry_Materials,831,supplement_only_unverified,supplement_only_unverified,
PMID:41319961,Chemistry_Materials,832,no_lawful_text_retained,no_lawful_text_retained,
PMID:41573549,Chemistry_Materials,833,open_route_named_pending_listing,,osf:kfmcn=anonymous_listing_with_sizes_within_caps; proteomexchange:PXD058969=some_or_all_files_without_announced_size
PMID:38035970,Chemistry_Materials,834,no_lawful_text_retained,no_lawful_text_retained,
PMID:34742552,Chemistry_Materials,835,no_lawful_text_retained,no_lawful_text_retained,
PMID:39927354,Chemistry_Materials,836,no_deposit_named,no_deposit_named,
PMID:39486988,Chemistry_Materials,837,no_lawful_text_retained,no_lawful_text_retained,
PMID:33137387,Chemistry_Materials,838,no_lawful_text_retained,no_lawful_text_retained,
PMID:37982303,Chemistry_Materials,839,no_lawful_text_retained,no_lawful_text_retained,
PMID:37927210,Chemistry_Materials,840,no_lawful_text_retained,no_lawful_text_retained,
PMID:34843833,Chemistry_Materials,841,no_lawful_text_retained,no_lawful_text_retained,
PMID:33302173,Chemistry_Materials,842,no_lawful_text_retained,no_lawful_text_retained,
PMID:41155859,Chemistry_Materials,843,author_request_only,author_request_only,
PMID:37886883,Chemistry_Materials,844,no_lawful_text_retained,no_lawful_text_retained,
PMID:37981153,Chemistry_Materials,845,no_lawful_text_retained,no_lawful_text_retained,
PMID:41401662,Chemistry_Materials,846,no_lawful_text_retained,no_lawful_text_retained,
PMID:41375103,Chemistry_Materials,847,supplement_only_unverified,supplement_only_unverified,
PMID:39620714,Chemistry_Materials,848,no_lawful_text_retained,no_lawful_text_retained,
PMID:37944720,Chemistry_Materials,849,no_lawful_text_retained,no_lawful_text_retained,
PMID:41173857,Chemistry_Materials,850,code_only_deposit,code_only_deposit,
PMID:36543965,Chemistry_Materials,851,no_lawful_text_retained,no_lawful_text_retained,
PMID:41195054,Chemistry_Materials,852,no_deposit_named,no_deposit_named,
PMID:38029913,Chemistry_Materials,853,no_lawful_text_retained,no_lawful_text_retained,
PMID:34599671,Chemistry_Materials,854,supplement_only_unverified,supplement_only_unverified,
PMID:33121811,Chemistry_Materials,855,no_lawful_text_retained,no_lawful_text_retained,
PMID:36227977,Chemistry_Materials,856,no_lawful_text_retained,no_lawful_text_retained,
PMID:33199151,Chemistry_Materials,857,no_lawful_text_retained,no_lawful_text_retained,
PMID:34695688,Chemistry_Materials,858,no_lawful_text_retained,no_lawful_text_retained,
PMID:34816591,Chemistry_Materials,859,no_lawful_text_retained,no_lawful_text_retained,
PMID:39662568,Chemistry_Materials,860,no_lawful_text_retained,no_lawful_text_retained,
PMID:39626185,Chemistry_Materials,861,no_lawful_text_retained,no_lawful_text_retained,
PMID:41261858,Chemistry_Materials,862,open_route_named_pending_listing,,proteomexchange:PXD032113=some_or_all_files_without_announced_size; geo:GSE174159=anonymous_listing_with_sizes_within_caps; geo:GSE87211=anonymous_listing_with_sizes_within_caps; proteomexchange:PXD054773=some_or_all_files_without_announced_size
PMID:34794539,Chemistry_Materials,863,no_lawful_text_retained,no_lawful_text_retained,
PMID:36300535,Chemistry_Materials,864,no_lawful_text_retained,no_lawful_text_retained,
PMID:37884240,Chemistry_Materials,865,no_lawful_text_retained,no_lawful_text_retained,
PMID:33236985,Chemistry_Materials,866,open_route_named_pending_listing,size_unannounced,proteomexchange:PXD017442=some_or_all_files_without_announced_size
PMID:33221515,Chemistry_Materials,867,no_lawful_text_retained,no_lawful_text_retained,
PMID:34730977,Chemistry_Materials,868,no_lawful_text_retained,no_lawful_text_retained,
PMID:36315937,Chemistry_Materials,869,author_request_only,author_request_only,
PMID:36577148,Chemistry_Materials,870,no_lawful_text_retained,no_lawful_text_retained,
PMID:39506131,Chemistry_Materials,871,application_required,application_required,
PMID:33066271,Chemistry_Materials,872,no_deposit_named,no_deposit_named,
PMID:33278430,Chemistry_Materials,873,no_lawful_text_retained,no_lawful_text_retained,
PMID:34619626,Chemistry_Materials,874,no_lawful_text_retained,no_lawful_text_retained,
PMID:34943936,Chemistry_Materials,875,author_request_only,author_request_only,
PMID:36216250,Chemistry_Materials,876,no_lawful_text_retained,no_lawful_text_retained,
PMID:34642873,Chemistry_Materials,877,no_lawful_text_retained,no_lawful_text_retained,
PMID:33317218,Chemistry_Materials,878,no_deposit_named,no_deposit_named,
PMID:36209093,Chemistry_Materials,879,open_route_named_pending_listing,,figshare:20101322=anonymous_listing_with_sizes_within_caps
PMID:39672236,Chemistry_Materials,880,no_lawful_text_retained,no_lawful_text_retained,
PMID:34745096,Chemistry_Materials,881,open_route_named_pending_listing,,bioproject:PRJNA729581=anonymous_listing_with_sizes_within_caps; bioproject:PRJNA744592=anonymous_listing_with_sizes_within_caps
PMID:39436963,Chemistry_Materials,882,no_deposit_named,no_deposit_named,
PMID:34599239,Chemistry_Materials,883,author_request_only,author_request_only,
PMID:39636314,Chemistry_Materials,884,no_lawful_text_retained,no_lawful_text_retained,
PMID:33385529,Chemistry_Materials,885,no_lawful_text_retained,no_lawful_text_retained,
PMID:37801273,Chemistry_Materials,886,no_lawful_text_retained,no_lawful_text_retained,
PMID:39598628,Chemistry_Materials,887,supplement_only_unverified,supplement_only_unverified,
PMID:41346072,Chemistry_Materials,888,no_lawful_text_retained,no_lawful_text_retained,
PMID:38220337,Chemistry_Materials,889,no_lawful_text_retained,no_lawful_text_retained,
PMID:39627183,Chemistry_Materials,890,supplement_only_unverified,supplement_only_unverified,
PMID:36417317,Chemistry_Materials,891,no_lawful_text_retained,no_lawful_text_retained,
PMID:36336155,Chemistry_Materials,892,no_lawful_text_retained,no_lawful_text_retained,
PMID:39756097,Chemistry_Materials,893,no_lawful_text_retained,no_lawful_text_retained,
PMID:33254787,Chemistry_Materials,894,no_lawful_text_retained,no_lawful_text_retained,
PMID:33120151,Chemistry_Materials,895,no_lawful_text_retained,no_lawful_text_retained,
PMID:41388808,Chemistry_Materials,896,open_route_named_pending_listing,,geo:GSE162526=anonymous_listing_with_sizes_within_caps; geo:GSE132739=anonymous_listing_with_sizes_within_caps; geo:GSE137741=anonymous_listing_with_sizes_within_caps
PMID:41124659,Chemistry_Materials,897,no_deposit_named,no_deposit_named,
PMID:39715492,Chemistry_Materials,898,no_deposit_named,no_deposit_named,
PMID:36410150,Chemistry_Materials,899,no_lawful_text_retained,no_lawful_text_retained,
PMID:36469525,Chemistry_Materials,900,no_deposit_named,no_deposit_named,
PMID:41722971,Chemistry_Materials,901,no_lawful_text_retained,no_lawful_text_retained,
PMID:34963641,Chemistry_Materials,902,no_lawful_text_retained,no_lawful_text_retained,
PMID:41274437,Chemistry_Materials,903,no_lawful_text_retained,no_lawful_text_retained,
PMID:39551812,Chemistry_Materials,904,supplement_only_unverified,supplement_only_unverified,
PMID:39442402,Chemistry_Materials,905,no_lawful_text_retained,no_lawful_text_retained,
PMID:38068973,Chemistry_Materials,906,author_request_only,author_request_only,
PMID:37882347,Chemistry_Materials,907,no_lawful_text_retained,no_lawful_text_retained,
PMID:39423765,Chemistry_Materials,908,no_lawful_text_retained,no_lawful_text_retained,
PMID:34806927,Chemistry_Materials,909,no_lawful_text_retained,no_lawful_text_retained,
PMID:36219154,Chemistry_Materials,910,no_lawful_text_retained,no_lawful_text_retained,
PMID:36500654,Chemistry_Materials,911,no_deposit_named,no_deposit_named,
PMID:34741727,Chemistry_Materials,912,no_lawful_text_retained,no_lawful_text_retained,
PMID:38048929,Chemistry_Materials,913,no_lawful_text_retained,no_lawful_text_retained,
PMID:39769253,Chemistry_Materials,914,author_request_only,author_request_only,
PMID:36411148,Chemistry_Materials,915,no_lawful_text_retained,no_lawful_text_retained,
PMID:38069214,Chemistry_Materials,916,no_deposit_named,no_deposit_named,
PMID:34590861,Chemistry_Materials,917,no_lawful_text_retained,no_lawful_text_retained,
PMID:34585844,Chemistry_Materials,918,no_lawful_text_retained,no_lawful_text_retained,
PMID:33159711,Chemistry_Materials,919,no_deposit_named,no_deposit_named,
PMID:33487621,Chemistry_Materials,920,no_lawful_text_retained,no_lawful_text_retained,
PMID:39611359,Chemistry_Materials,921,no_lawful_text_retained,no_lawful_text_retained,
PMID:39653662,Chemistry_Materials,922,no_lawful_text_retained,no_lawful_text_retained,
PMID:38097456,Chemistry_Materials,923,no_lawful_text_retained,no_lawful_text_retained,
PMID:39752932,Chemistry_Materials,924,no_lawful_text_retained,no_lawful_text_retained,
PMID:39638198,Chemistry_Materials,925,no_lawful_text_retained,no_lawful_text_retained,
PMID:33483059,Chemistry_Materials,926,no_lawful_text_retained,no_lawful_text_retained,
PMID:37991486,Chemistry_Materials,927,no_deposit_named,no_deposit_named,
PMID:34630321,Chemistry_Materials,928,supplement_only_unverified,supplement_only_unverified,
PMID:37831908,Chemistry_Materials,929,no_lawful_text_retained,no_lawful_text_retained,
PMID:33103926,Chemistry_Materials,930,no_lawful_text_retained,no_lawful_text_retained,
PMID:41401879,Chemistry_Materials,931,no_lawful_text_retained,no_lawful_text_retained,
PMID:33387546,Chemistry_Materials,932,no_lawful_text_retained,no_lawful_text_retained,
PMID:39456084,Chemistry_Materials,933,supplement_only_unverified,supplement_only_unverified,
PMID:37857715,Chemistry_Materials,934,no_lawful_text_retained,no_lawful_text_retained,
PMID:37851246,Chemistry_Materials,935,no_lawful_text_retained,no_lawful_text_retained,
PMID:39617584,Chemistry_Materials,936,no_lawful_text_retained,no_lawful_text_retained,
PMID:39667069,Chemistry_Materials,937,no_lawful_text_retained,no_lawful_text_retained,
PMID:33201585,Chemistry_Materials,938,no_lawful_text_retained,no_lawful_text_retained,
PMID:40072503,Chemistry_Materials,939,no_deposit_named,no_deposit_named,
PMID:33038060,Chemistry_Materials,940,open_route_named_pending_listing,size_unannounced,proteomexchange:PXD019623=some_or_all_files_without_announced_size
PMID:39441261,Chemistry_Materials,941,no_lawful_text_retained,no_lawful_text_retained,
PMID:36308788,Chemistry_Materials,942,no_lawful_text_retained,no_lawful_text_retained,
PMID:36427611,Chemistry_Materials,943,no_lawful_text_retained,no_lawful_text_retained,
PMID:37907005,Chemistry_Materials,944,no_lawful_text_retained,no_lawful_text_retained,
PMID:36444763,Chemistry_Materials,945,no_lawful_text_retained,no_lawful_text_retained,
PMID:36404327,Chemistry_Materials,946,author_request_only,author_request_only,
PMID:36510946,Chemistry_Materials,947,no_deposit_named,no_deposit_named,
PMID:39569522,Chemistry_Materials,948,no_lawful_text_retained,no_lawful_text_retained,
PMID:38141362,Chemistry_Materials,949,no_lawful_text_retained,no_lawful_text_retained,
PMID:33052239,Chemistry_Materials,950,no_deposit_named,no_deposit_named,
PMID:36499302,Chemistry_Materials,951,no_deposit_named,no_deposit_named,
PMID:39441360,Chemistry_Materials,952,no_lawful_text_retained,no_lawful_text_retained,
PMID:33055544,Chemistry_Materials,953,no_lawful_text_retained,no_lawful_text_retained,
PMID:41630725,Chemistry_Materials,954,supplement_only_unverified,supplement_only_unverified,
PMID:34742749,Chemistry_Materials,955,no_lawful_text_retained,no_lawful_text_retained,
PMID:33217770,Chemistry_Materials,956,no_lawful_text_retained,no_lawful_text_retained,
PMID:39522685,Chemistry_Materials,957,no_lawful_text_retained,no_lawful_text_retained,
PMID:34759287,Chemistry_Materials,958,author_request_only,author_request_only,
PMID:36263616,Chemistry_Materials,959,no_deposit_named,no_deposit_named,
PMID:41379520,Chemistry_Materials,960,no_lawful_text_retained,no_lawful_text_retained,
PMID:39621797,Chemistry_Materials,961,open_route_named_pending_listing,above_cap,zenodo:13919688=announced_sizes_exceed_amendment_caps; zenodo:10825295=listing_empty
PMID:36501927,Chemistry_Materials,962,author_request_only,author_request_only,
PMID:33264962,Chemistry_Materials,963,no_deposit_named,no_deposit_named,
PMID:33210734,Chemistry_Materials,964,no_lawful_text_retained,no_lawful_text_retained,
PMID:33249196,Chemistry_Materials,965,no_lawful_text_retained,no_lawful_text_retained,
PMID:39736181,Chemistry_Materials,966,no_lawful_text_retained,no_lawful_text_retained,
PMID:39668539,Chemistry_Materials,967,no_deposit_named,no_deposit_named,
PMID:34675292,Chemistry_Materials,968,open_route_named_pending_listing,listing_unavailable,dataverse:J6FI2B=listing_http_404
PMID:36356445,Chemistry_Materials,969,no_lawful_text_retained,no_lawful_text_retained,
PMID:39706013,Chemistry_Materials,970,no_lawful_text_retained,no_lawful_text_retained,
PMID:34649308,Chemistry_Materials,971,no_lawful_text_retained,no_lawful_text_retained,
PMID:34750370,Chemistry_Materials,972,open_route_named_pending_listing,size_unannounced,proteomexchange:PXD028512=some_or_all_files_without_announced_size
PMID:35051675,Chemistry_Materials,973,no_lawful_text_retained,no_lawful_text_retained,
PMID:39581081,Chemistry_Materials,974,no_lawful_text_retained,no_lawful_text_retained,
PMID:33150171,Chemistry_Materials,975,no_deposit_named,no_deposit_named,
PMID:38226376,Chemistry_Materials,976,no_lawful_text_retained,no_lawful_text_retained,
PMID:37838113,Chemistry_Materials,977,no_lawful_text_retained,no_lawful_text_retained,
PMID:39651958,Chemistry_Materials,978,no_lawful_text_retained,no_lawful_text_retained,
PMID:33075239,Chemistry_Materials,979,no_lawful_text_retained,no_lawful_text_retained,
PMID:33326887,Chemistry_Materials,980,no_lawful_text_retained,no_lawful_text_retained,
PMID:34818005,Chemistry_Materials,981,no_lawful_text_retained,no_lawful_text_retained,
PMID:41476296,Chemistry_Materials,982,supplement_only_unverified,supplement_only_unverified,
PMID:37890744,Chemistry_Materials,983,no_lawful_text_retained,no_lawful_text_retained,
PMID:37992472,Chemistry_Materials,984,no_lawful_text_retained,no_lawful_text_retained,
PMID:33053144,Chemistry_Materials,985,no_deposit_named,no_deposit_named,
PMID:34903168,Chemistry_Materials,986,open_route_named_pending_listing,listing_unavailable,bioproject:PRJNA75025=listing_empty; bioproject:PRJNA764470=announced_sizes_exceed_amendment_caps
PMID:36319750,Chemistry_Materials,987,supplement_only_unverified,supplement_only_unverified,
PMID:37773452,Chemistry_Materials,988,author_request_only,author_request_only,
PMID:34781394,Chemistry_Materials,989,no_lawful_text_retained,no_lawful_text_retained,
PMID:34732783,Chemistry_Materials,990,author_request_only,author_request_only,
PMID:37931454,Chemistry_Materials,991,no_lawful_text_retained,no_lawful_text_retained,
PMID:39520922,Chemistry_Materials,992,no_lawful_text_retained,no_lawful_text_retained,
PMID:38203551,Chemistry_Materials,993,open_route_named_pending_listing,,geo:GSE246164=anonymous_listing_with_sizes_within_caps; proteomexchange:PXD044317=listing_empty
PMID:33383098,Chemistry_Materials,994,no_lawful_text_retained,no_lawful_text_retained,
PMID:37774786,Chemistry_Materials,995,no_lawful_text_retained,no_lawful_text_retained,
PMID:36428966,Chemistry_Materials,996,open_route_named_pending_listing,size_unannounced,proteomexchange:PXD035310=some_or_all_files_without_announced_size
PMID:39673946,Chemistry_Materials,997,no_lawful_text_retained,no_lawful_text_retained,
PMID:36582110,Chemistry_Materials,998,no_lawful_text_retained,no_lawful_text_retained,
PMID:36253562,Chemistry_Materials,999,no_lawful_text_retained,no_lawful_text_retained,
PMID:41320346,Chemistry_Materials,1000,no_lawful_text_retained,no_lawful_text_retained,
PMID:34724704,Chemistry_Materials,1001,no_lawful_text_retained,no_lawful_text_retained,
PMID:33434820,Chemistry_Materials,1002,no_lawful_text_retained,no_lawful_text_retained,
PMID:38160858,Chemistry_Materials,1003,no_lawful_text_retained,no_lawful_text_retained,
PMID:34599510,Chemistry_Materials,1004,no_lawful_text_retained,no_lawful_text_retained,
PMID:39506145,Chemistry_Materials,1005,no_lawful_text_retained,no_lawful_text_retained,
PMID:34602424,Chemistry_Materials,1006,no_lawful_text_retained,no_lawful_text_retained,
PMID:39491015,Chemistry_Materials,1007,supplement_only_unverified,supplement_only_unverified,
PMID:36729378,Chemistry_Materials,1008,no_lawful_text_retained,no_lawful_text_retained,
PMID:41420127,Chemistry_Materials,1009,no_lawful_text_retained,no_lawful_text_retained,
PMID:39605112,Chemistry_Materials,1010,no_lawful_text_retained,no_lawful_text_retained,
PMID:39619189,Chemistry_Materials,1011,no_deposit_named,no_deposit_named,
PMID:36228816,Chemistry_Materials,1012,no_lawful_text_retained,no_lawful_text_retained,
PMID:39689287,Chemistry_Materials,1013,no_lawful_text_retained,no_lawful_text_retained,
PMID:34750596,Chemistry_Materials,1014,no_lawful_text_retained,no_lawful_text_retained,
PMID:33254385,Chemistry_Materials,1015,no_lawful_text_retained,no_lawful_text_retained,
PMID:37843510,Chemistry_Materials,1016,no_lawful_text_retained,no_lawful_text_retained,
PMID:34634637,Chemistry_Materials,1017,no_lawful_text_retained,no_lawful_text_retained,
PMID:34756263,Chemistry_Materials,1018,no_lawful_text_retained,no_lawful_text_retained,
PMID:37979802,Chemistry_Materials,1019,no_lawful_text_retained,no_lawful_text_retained,
PMID:36378905,Chemistry_Materials,1020,no_lawful_text_retained,no_lawful_text_retained,
PMID:37819468,Chemistry_Materials,1021,no_lawful_text_retained,no_lawful_text_retained,
PMID:36730441,Chemistry_Materials,1022,no_lawful_text_retained,no_lawful_text_retained,
PMID:36518297,Chemistry_Materials,1023,no_deposit_named,no_deposit_named,
PMID:37925873,Chemistry_Materials,1024,no_lawful_text_retained,no_lawful_text_retained,
PMID:39603328,Chemistry_Materials,1025,no_lawful_text_retained,no_lawful_text_retained,
PMID:39557275,Chemistry_Materials,1026,no_lawful_text_retained,no_lawful_text_retained,
PMID:41203919,Chemistry_Materials,1027,supplement_only_unverified,supplement_only_unverified,
PMID:36417692,Chemistry_Materials,1028,no_lawful_text_retained,no_lawful_text_retained,
PMID:39478141,Chemistry_Materials,1029,open_route_named_pending_listing,above_cap,zenodo:10557593=announced_sizes_exceed_amendment_caps
PMID:41228446,Chemistry_Materials,1030,supplement_only_unverified,supplement_only_unverified,
PMID:38006213,Chemistry_Materials,1031,no_lawful_text_retained,no_lawful_text_retained,
PMID:33187155,Chemistry_Materials,1032,no_deposit_named,no_deposit_named,
PMID:33297970,Chemistry_Materials,1033,author_request_only,author_request_only,
PMID:39532420,Chemistry_Materials,1034,no_lawful_text_retained,no_lawful_text_retained,
PMID:33045587,Chemistry_Materials,1035,no_lawful_text_retained,no_lawful_text_retained,
PMID:33351813,Chemistry_Materials,1036,no_deposit_named,no_deposit_named,
PMID:36368828,Chemistry_Materials,1037,no_lawful_text_retained,no_lawful_text_retained,
PMID:36368215,Chemistry_Materials,1038,no_lawful_text_retained,no_lawful_text_retained,
PMID:36210570,Chemistry_Materials,1039,no_lawful_text_retained,no_lawful_text_retained,
PMID:34943832,Chemistry_Materials,1040,no_deposit_named,no_deposit_named,
PMID:41413899,Chemistry_Materials,1041,open_route_named_pending_listing,,sra_study:SRP369472=anonymous_listing_with_sizes_within_caps; sra_study:SRP369500=anonymous_listing_with_sizes_within_caps; sra_study:SRP448957=anonymous_listing_with_sizes_within_caps; sra_study:SRP448974=anonymous_listing_with_sizes_within_caps
PMID:36541469,Chemistry_Materials,1042,no_lawful_text_retained,no_lawful_text_retained,
PMID:34678610,Chemistry_Materials,1043,no_deposit_named,no_deposit_named,
PMID:34600154,Chemistry_Materials,1044,no_lawful_text_retained,no_lawful_text_retained,
PMID:41090741,Chemistry_Materials,1045,no_deposit_named,no_deposit_named,
PMID:33155380,Chemistry_Materials,1046,no_lawful_text_retained,no_lawful_text_retained,
PMID:41196586,Chemistry_Materials,1047,no_lawful_text_retained,no_lawful_text_retained,
PMID:34598091,Chemistry_Materials,1048,no_lawful_text_retained,no_lawful_text_retained,
PMID:38095788,Chemistry_Materials,1049,no_lawful_text_retained,no_lawful_text_retained,
PMID:34711616,Chemistry_Materials,1050,no_lawful_text_retained,no_lawful_text_retained,
PMID:36434119,Chemistry_Materials,1051,author_request_only,author_request_only,
PMID:33017150,Chemistry_Materials,1052,no_lawful_text_retained,no_lawful_text_retained,
PMID:38038604,Chemistry_Materials,1053,no_lawful_text_retained,no_lawful_text_retained,
PMID:39684232,Chemistry_Materials,1054,author_request_only,author_request_only,
PMID:39623803,Chemistry_Materials,1055,author_request_only,author_request_only,
PMID:36335185,Chemistry_Materials,1056,no_lawful_text_retained,no_lawful_text_retained,
PMID:36280077,Chemistry_Materials,1057,no_lawful_text_retained,no_lawful_text_retained,
PMID:37926520,Chemistry_Materials,1058,no_deposit_named,no_deposit_named,
PMID:34858546,Chemistry_Materials,1059,author_request_only,author_request_only,
PMID:36420840,Chemistry_Materials,1060,no_lawful_text_retained,no_lawful_text_retained,
PMID:33401167,Chemistry_Materials,1061,no_lawful_text_retained,no_lawful_text_retained,
PMID:36279452,Chemistry_Materials,1062,no_deposit_named,no_deposit_named,
PMID:41354161,Chemistry_Materials,1063,no_lawful_text_retained,no_lawful_text_retained,
PMID:37894929,Chemistry_Materials,1064,author_request_only,author_request_only,
PMID:39571815,Chemistry_Materials,1065,no_lawful_text_retained,no_lawful_text_retained,
PMID:37789280,Chemistry_Materials,1066,author_request_only,author_request_only,
PMID:37948696,Chemistry_Materials,1067,no_lawful_text_retained,no_lawful_text_retained,
PMID:37874627,Chemistry_Materials,1068,no_lawful_text_retained,no_lawful_text_retained,
PMID:33182561,Chemistry_Materials,1069,no_deposit_named,no_deposit_named,
PMID:38142806,Chemistry_Materials,1070,no_lawful_text_retained,no_lawful_text_retained,
PMID:41149331,Chemistry_Materials,1071,supplement_only_unverified,supplement_only_unverified,
PMID:38005366,Chemistry_Materials,1072,no_deposit_named,no_deposit_named,
PMID:37792190,Chemistry_Materials,1073,no_lawful_text_retained,no_lawful_text_retained,
PMID:33263582,Chemistry_Materials,1074,no_lawful_text_retained,no_lawful_text_retained,
PMID:41313645,Chemistry_Materials,1075,no_lawful_text_retained,no_lawful_text_retained,
PMID:34762916,Chemistry_Materials,1076,no_lawful_text_retained,no_lawful_text_retained,
PMID:41284558,Chemistry_Materials,1077,no_lawful_text_retained,no_lawful_text_retained,
PMID:33157438,Chemistry_Materials,1078,no_lawful_text_retained,no_lawful_text_retained,
PMID:41392128,Chemistry_Materials,1079,no_lawful_text_retained,no_lawful_text_retained,
PMID:37814804,Chemistry_Materials,1080,no_lawful_text_retained,no_lawful_text_retained,
PMID:33022539,Chemistry_Materials,1081,no_lawful_text_retained,no_lawful_text_retained,
PMID:34748589,Chemistry_Materials,1082,no_deposit_named,no_deposit_named,
PMID:36251002,Chemistry_Materials,1083,no_deposit_named,no_deposit_named,
PMID:34787439,Chemistry_Materials,1084,code_only_deposit,code_only_deposit,
PMID:36433898,Chemistry_Materials,1085,no_lawful_text_retained,no_lawful_text_retained,
PMID:39684927,Chemistry_Materials,1086,author_request_only,author_request_only,
PMID:39623259,Chemistry_Materials,1087,no_lawful_text_retained,no_lawful_text_retained,
PMID:33264642,Chemistry_Materials,1088,no_lawful_text_retained,no_lawful_text_retained,
PMID:36207382,Chemistry_Materials,1089,author_request_only,author_request_only,
PMID:41516152,Chemistry_Materials,1090,author_request_only,author_request_only,
PMID:41508446,Chemistry_Materials,1091,no_lawful_text_retained,no_lawful_text_retained,
PMID:36543083,Chemistry_Materials,1092,no_lawful_text_retained,no_lawful_text_retained,
PMID:36498897,Chemistry_Materials,1093,author_request_only,author_request_only,
PMID:38131328,Chemistry_Materials,1094,no_lawful_text_retained,no_lawful_text_retained,
PMID:39587571,Chemistry_Materials,1095,author_request_only,author_request_only,
PMID:39605100,Chemistry_Materials,1096,no_lawful_text_retained,no_lawful_text_retained,
PMID:36290991,Chemistry_Materials,1097,no_deposit_named,no_deposit_named,
PMID:36541659,Chemistry_Materials,1098,no_lawful_text_retained,no_lawful_text_retained,
PMID:34856216,Chemistry_Materials,1099,no_lawful_text_retained,no_lawful_text_retained,
PMID:34741620,Chemistry_Materials,1100,no_lawful_text_retained,no_lawful_text_retained,
PMID:39561823,Chemistry_Materials,1101,no_lawful_text_retained,no_lawful_text_retained,
PMID:38128807,Chemistry_Materials,1102,no_lawful_text_retained,no_lawful_text_retained,
PMID:36551166,Chemistry_Materials,1103,no_deposit_named,no_deposit_named,
PMID:39477028,Chemistry_Materials,1104,no_lawful_text_retained,no_lawful_text_retained,
PMID:37801251,Chemistry_Materials,1105,no_lawful_text_retained,no_lawful_text_retained,
PMID:36544597,Chemistry_Materials,1106,no_deposit_named,no_deposit_named,
PMID:41088035,Chemistry_Materials,1107,author_request_only,author_request_only,
PMID:33160912,Chemistry_Materials,1108,no_lawful_text_retained,no_lawful_text_retained,
PMID:39482849,Chemistry_Materials,1109,no_lawful_text_retained,no_lawful_text_retained,
PMID:34731532,Chemistry_Materials,1110,no_lawful_text_retained,no_lawful_text_retained,
PMID:37793445,Chemistry_Materials,1111,no_lawful_text_retained,no_lawful_text_retained,
PMID:33069712,Chemistry_Materials,1112,no_lawful_text_retained,no_lawful_text_retained,
PMID:33103693,Chemistry_Materials,1113,no_lawful_text_retained,no_lawful_text_retained,
PMID:38048983,Chemistry_Materials,1114,no_lawful_text_retained,no_lawful_text_retained,
PMID:35011485,Chemistry_Materials,1115,no_deposit_named,no_deposit_named,
PMID:34684336,Chemistry_Materials,1116,author_request_only,author_request_only,
PMID:34949923,Chemistry_Materials,1117,author_request_only,author_request_only,
PMID:39579504,Chemistry_Materials,1118,no_lawful_text_retained,no_lawful_text_retained,
PMID:37935665,Chemistry_Materials,1119,open_route_named_pending_listing,size_unannounced,proteomexchange:PXD045343=some_or_all_files_without_announced_size
PMID:33174740,Chemistry_Materials,1120,no_lawful_text_retained,no_lawful_text_retained,
PMID:36403768,Chemistry_Materials,1121,no_lawful_text_retained,no_lawful_text_retained,
PMID:36248846,Chemistry_Materials,1122,no_deposit_named,no_deposit_named,
PMID:39486253,Chemistry_Materials,1123,no_lawful_text_retained,no_lawful_text_retained,
PMID:38059288,Chemistry_Materials,1124,no_lawful_text_retained,no_lawful_text_retained,
PMID:41266266,Chemistry_Materials,1125,no_lawful_text_retained,no_lawful_text_retained,
PMID:36374818,Chemistry_Materials,1126,no_lawful_text_retained,no_lawful_text_retained,
PMID:36610341,Chemistry_Materials,1127,no_lawful_text_retained,no_lawful_text_retained,
PMID:41380315,Chemistry_Materials,1128,no_deposit_named,no_deposit_named,
PMID:33310261,Chemistry_Materials,1129,no_lawful_text_retained,no_lawful_text_retained,
PMID:37976083,Chemistry_Materials,1130,open_route_named_pending_listing,above_cap,bioproject:PRJNA869347=announced_sizes_exceed_amendment_caps
PMID:38000600,Chemistry_Materials,1131,no_lawful_text_retained,no_lawful_text_retained,
PMID:36336202,Chemistry_Materials,1132,no_lawful_text_retained,no_lawful_text_retained,
PMID:33128348,Chemistry_Materials,1133,no_deposit_named,no_deposit_named,
PMID:41306588,Chemistry_Materials,1134,open_route_named_pending_listing,,geo:GSE249027=anonymous_listing_with_sizes_within_caps; bioproject:PRJNA479582=announced_sizes_exceed_amendment_caps
PMID:33049273,Chemistry_Materials,1135,no_lawful_text_retained,no_lawful_text_retained,
PMID:34959853,Chemistry_Materials,1136,author_request_only,author_request_only,
PMID:39703077,Chemistry_Materials,1137,no_lawful_text_retained,no_lawful_text_retained,
PMID:41422270,Chemistry_Materials,1138,author_request_only,author_request_only,
PMID:34662299,Chemistry_Materials,1139,no_lawful_text_retained,no_lawful_text_retained,
PMID:39437565,Chemistry_Materials,1140,no_lawful_text_retained,no_lawful_text_retained,
PMID:39551377,Chemistry_Materials,1141,no_lawful_text_retained,no_lawful_text_retained,
PMID:41219443,Chemistry_Materials,1142,no_lawful_text_retained,no_lawful_text_retained,
PMID:41282044,Chemistry_Materials,1143,no_deposit_named,no_deposit_named,
PMID:41092544,Chemistry_Materials,1144,no_lawful_text_retained,no_lawful_text_retained,
PMID:36551034,Chemistry_Materials,1145,no_deposit_named,no_deposit_named,
PMID:39874505,Chemistry_Materials,1146,no_lawful_text_retained,no_lawful_text_retained,
PMID:33285197,Chemistry_Materials,1147,no_lawful_text_retained,no_lawful_text_retained,
PMID:33010769,Chemistry_Materials,1148,no_lawful_text_retained,no_lawful_text_retained,
PMID:36555786,Chemistry_Materials,1149,open_route_named_pending_listing,above_cap,bioproject:PRJNA812638=announced_sizes_exceed_amendment_caps; bioproject:PRJNA873237=announced_sizes_exceed_amendment_caps
PMID:39655667,Chemistry_Materials,1150,author_request_only,author_request_only,
PMID:34636482,Chemistry_Materials,1151,open_route_named_pending_listing,,geo:GSE105450=anonymous_listing_with_sizes_within_caps; geo:GSE97742=anonymous_listing_with_sizes_within_caps; geo:GSE117827=anonymous_listing_with_sizes_within_caps
PMID:39657521,Chemistry_Materials,1152,no_lawful_text_retained,no_lawful_text_retained,
PMID:41296723,Chemistry_Materials,1153,supplement_only_unverified,supplement_only_unverified,
PMID:36584507,Chemistry_Materials,1154,no_lawful_text_retained,no_lawful_text_retained,
PMID:41317630,Chemistry_Materials,1155,no_lawful_text_retained,no_lawful_text_retained,
PMID:39601931,Chemistry_Materials,1156,no_lawful_text_retained,no_lawful_text_retained,
PMID:37884923,Chemistry_Materials,1157,author_request_only,author_request_only,
PMID:35549188,Chemistry_Materials,1158,no_lawful_text_retained,no_lawful_text_retained,
PMID:33388256,Chemistry_Materials,1159,no_lawful_text_retained,no_lawful_text_retained,
PMID:41391792,Chemistry_Materials,1160,no_lawful_text_retained,no_lawful_text_retained,
PMID:38053437,Chemistry_Materials,1161,no_lawful_text_retained,no_lawful_text_retained,
PMID:34752818,Chemistry_Materials,1162,no_lawful_text_retained,no_lawful_text_retained,
PMID:41273028,Chemistry_Materials,1163,no_lawful_text_retained,no_lawful_text_retained,
PMID:33104864,Chemistry_Materials,1164,supplement_only_unverified,supplement_only_unverified,
PMID:38163407,Chemistry_Materials,1165,no_lawful_text_retained,no_lawful_text_retained,
PMID:34666134,Chemistry_Materials,1166,no_lawful_text_retained,no_lawful_text_retained,
PMID:37768213,Chemistry_Materials,1167,no_lawful_text_retained,no_lawful_text_retained,
PMID:39552362,Chemistry_Materials,1168,no_lawful_text_retained,no_lawful_text_retained,
PMID:41401859,Chemistry_Materials,1169,no_lawful_text_retained,no_lawful_text_retained,
PMID:41348744,Chemistry_Materials,1170,open_route_named_pending_listing,,zenodo:16877070=anonymous_listing_with_sizes_within_caps
PMID:41084773,Chemistry_Materials,1171,no_lawful_text_retained,no_lawful_text_retained,
PMID:39647668,Chemistry_Materials,1172,no_lawful_text_retained,no_lawful_text_retained,
PMID:34890973,Chemistry_Materials,1173,no_lawful_text_retained,no_lawful_text_retained,
PMID:33254590,Chemistry_Materials,1174,no_deposit_named,no_deposit_named,
PMID:36502639,Chemistry_Materials,1175,no_lawful_text_retained,no_lawful_text_retained,
PMID:36584241,Chemistry_Materials,1176,no_deposit_named,no_deposit_named,
PMID:39689486,Chemistry_Materials,1177,no_lawful_text_retained,no_lawful_text_retained,
PMID:36569927,Chemistry_Materials,1178,supplement_only_unverified,supplement_only_unverified,
PMID:41272894,Chemistry_Materials,1179,application_required,application_required,
PMID:34823794,Chemistry_Materials,1180,no_lawful_text_retained,no_lawful_text_retained,
PMID:33352403,Chemistry_Materials,1181,no_lawful_text_retained,no_lawful_text_retained,
PMID:38036511,Chemistry_Materials,1182,open_route_named_pending_listing,code_only_deposit,zenodo:10072363=every_listed_file_is_implementation_material
PMID:41083687,Chemistry_Materials,1183,author_request_only,author_request_only,
PMID:39592048,Chemistry_Materials,1184,no_lawful_text_retained,no_lawful_text_retained,
PMID:33261972,Chemistry_Materials,1185,no_lawful_text_retained,no_lawful_text_retained,
PMID:39531820,Chemistry_Materials,1186,no_lawful_text_retained,no_lawful_text_retained,
PMID:39695227,Chemistry_Materials,1187,author_request_only,author_request_only,
PMID:40246451,Chemistry_Materials,1188,no_lawful_text_retained,no_lawful_text_retained,
PMID:34971867,Chemistry_Materials,1189,no_lawful_text_retained,no_lawful_text_retained,
PMID:39566700,Chemistry_Materials,1190,no_lawful_text_retained,no_lawful_text_retained,
PMID:36265727,Chemistry_Materials,1191,no_lawful_text_retained,no_lawful_text_retained,
PMID:37898072,Chemistry_Materials,1192,no_lawful_text_retained,no_lawful_text_retained,
PMID:38061611,Chemistry_Materials,1193,no_lawful_text_retained,no_lawful_text_retained,
PMID:41115553,Chemistry_Materials,1194,no_lawful_text_retained,no_lawful_text_retained,
PMID:38351785,Chemistry_Materials,1195,no_lawful_text_retained,no_lawful_text_retained,
PMID:34623510,Chemistry_Materials,1196,no_lawful_text_retained,no_lawful_text_retained,
PMID:39622880,Chemistry_Materials,1197,open_route_named_pending_listing,,geo:GSE18105=anonymous_listing_with_sizes_within_caps; geo:GSE21510=anonymous_listing_with_sizes_within_caps; geo:GSE33114=anonymous_listing_with_sizes_within_caps
PMID:38039823,Chemistry_Materials,1198,no_lawful_text_retained,no_lawful_text_retained,
PMID:36507981,Chemistry_Materials,1199,supplement_only_unverified,supplement_only_unverified,
PMID:36333799,Chemistry_Materials,1200,open_route_named_pending_listing,above_cap,bioproject:PRJNA850647=announced_sizes_exceed_amendment_caps; proteomexchange:PXD035056=listing_empty
PMID:33128624,Chemistry_Materials,1201,no_lawful_text_retained,no_lawful_text_retained,
PMID:39800552,Chemistry_Materials,1202,no_lawful_text_retained,no_lawful_text_retained,
PMID:37926305,Chemistry_Materials,1203,no_lawful_text_retained,no_lawful_text_retained,
PMID:38102653,Chemistry_Materials,1204,open_route_named_pending_listing,,geo:GSE213047=anonymous_listing_with_sizes_within_caps; geo:GSE65858=anonymous_listing_with_sizes_within_caps; geo:GSE27020=anonymous_listing_with_sizes_within_caps; geo:GSE127165=anonymous_listing_with_sizes_within_caps
PMID:39647160,Chemistry_Materials,1205,no_lawful_text_retained,no_lawful_text_retained,
PMID:36270564,Chemistry_Materials,1206,no_lawful_text_retained,no_lawful_text_retained,
PMID:33278999,Chemistry_Materials,1207,no_lawful_text_retained,no_lawful_text_retained,
PMID:41455227,Chemistry_Materials,1208,no_lawful_text_retained,no_lawful_text_retained,
PMID:39595946,Chemistry_Materials,1209,supplement_only_unverified,supplement_only_unverified,
PMID:39500327,Chemistry_Materials,1210,no_lawful_text_retained,no_lawful_text_retained,
PMID:37840065,Chemistry_Materials,1211,author_request_only,author_request_only,
PMID:34915842,Chemistry_Materials,1212,supplement_only_unverified,supplement_only_unverified,
PMID:39557999,Chemistry_Materials,1213,author_request_only,author_request_only,
PMID:33290261,Chemistry_Materials,1214,no_deposit_named,no_deposit_named,
PMID:41226442,Chemistry_Materials,1215,no_deposit_named,no_deposit_named,
PMID:38141882,Chemistry_Materials,1216,no_lawful_text_retained,no_lawful_text_retained,
PMID:35006992,Chemistry_Materials,1217,no_lawful_text_retained,no_lawful_text_retained,
PMID:39651969,Chemistry_Materials,1218,no_lawful_text_retained,no_lawful_text_retained,
PMID:38112444,Chemistry_Materials,1219,no_lawful_text_retained,no_lawful_text_retained,
PMID:37821823,Chemistry_Materials,1220,author_request_only,author_request_only,
PMID:41401902,Chemistry_Materials,1221,no_lawful_text_retained,no_lawful_text_retained,
PMID:38029463,Chemistry_Materials,1222,no_lawful_text_retained,no_lawful_text_retained,
PMID:36410161,Chemistry_Materials,1223,no_lawful_text_retained,no_lawful_text_retained,
PMID:41116527,Chemistry_Materials,1224,no_lawful_text_retained,no_lawful_text_retained,
PMID:34762882,Chemistry_Materials,1225,no_lawful_text_retained,no_lawful_text_retained,
PMID:33444267,Chemistry_Materials,1226,no_lawful_text_retained,no_lawful_text_retained,
PMID:33335120,Chemistry_Materials,1227,supplement_only_unverified,supplement_only_unverified,
PMID:39441443,Chemistry_Materials,1228,no_lawful_text_retained,no_lawful_text_retained,
PMID:39604251,Chemistry_Materials,1229,no_deposit_named,no_deposit_named,
PMID:41204634,Chemistry_Materials,1230,no_lawful_text_retained,no_lawful_text_retained,
PMID:41392057,Chemistry_Materials,1231,no_lawful_text_retained,no_lawful_text_retained,
PMID:34609143,Chemistry_Materials,1232,no_lawful_text_retained,no_lawful_text_retained,
PMID:39475375,Chemistry_Materials,1233,no_lawful_text_retained,no_lawful_text_retained,
PMID:41192610,Chemistry_Materials,1234,no_lawful_text_retained,no_lawful_text_retained,
PMID:41274715,Chemistry_Materials,1235,no_lawful_text_retained,no_lawful_text_retained,
PMID:39515429,Chemistry_Materials,1236,no_lawful_text_retained,no_lawful_text_retained,
PMID:38003457,Chemistry_Materials,1237,no_lawful_text_retained,no_lawful_text_retained,
PMID:39684423,Chemistry_Materials,1238,author_request_only,author_request_only,
PMID:33047203,Chemistry_Materials,1239,no_lawful_text_retained,no_lawful_text_retained,
PMID:36419266,Chemistry_Materials,1240,no_lawful_text_retained,no_lawful_text_retained,
PMID:36316237,Chemistry_Materials,1241,no_lawful_text_retained,no_lawful_text_retained,
PMID:41102039,Chemistry_Materials,1242,no_lawful_text_retained,no_lawful_text_retained,
PMID:38159387,Chemistry_Materials,1243,no_lawful_text_retained,no_lawful_text_retained,
PMID:39433604,Chemistry_Materials,1244,supplement_only_unverified,supplement_only_unverified,
PMID:41097085,Chemistry_Materials,1245,author_request_only,author_request_only,
PMID:41264959,Chemistry_Materials,1246,no_lawful_text_retained,no_lawful_text_retained,
PMID:33135881,Chemistry_Materials,1247,no_lawful_text_retained,no_lawful_text_retained,
PMID:34774696,Chemistry_Materials,1248,no_lawful_text_retained,no_lawful_text_retained,
PMID:36565529,Chemistry_Materials,1249,no_lawful_text_retained,no_lawful_text_retained,
PMID:41325918,Chemistry_Materials,1250,no_lawful_text_retained,no_lawful_text_retained,
PMID:33326251,Chemistry_Materials,1251,no_deposit_named,no_deposit_named,
PMID:34687941,Chemistry_Materials,1252,no_lawful_text_retained,no_lawful_text_retained,
PMID:39770142,Chemistry_Materials,1253,no_deposit_named,no_deposit_named,
PMID:41130938,Chemistry_Materials,1254,open_route_named_pending_listing,,proteomexchange:PXD056930=some_or_all_files_without_announced_size; proteomexchange:PXD056888=some_or_all_files_without_announced_size; proteomexchange:PXD056968=some_or_all_files_without_announced_size; zenodo:16990829=anonymous_listing_with_sizes_within_caps
PMID:37976585,Chemistry_Materials,1255,no_lawful_text_retained,no_lawful_text_retained,
PMID:39695759,Chemistry_Materials,1256,supplement_only_unverified,supplement_only_unverified,
PMID:41161442,Chemistry_Materials,1257,no_lawful_text_retained,no_lawful_text_retained,
PMID:33029855,Chemistry_Materials,1258,no_lawful_text_retained,no_lawful_text_retained,
PMID:34787374,Chemistry_Materials,1259,no_lawful_text_retained,no_lawful_text_retained,
PMID:37859573,Chemistry_Materials,1260,no_deposit_named,no_deposit_named,
PMID:41219445,Chemistry_Materials,1261,author_request_only,author_request_only,
PMID:33545822,Chemistry_Materials,1262,no_lawful_text_retained,no_lawful_text_retained,
PMID:34591478,Chemistry_Materials,1263,no_lawful_text_retained,no_lawful_text_retained,
PMID:36302555,Chemistry_Materials,1264,open_route_named_pending_listing,,geo:GSE181513=anonymous_listing_with_sizes_within_caps
PMID:34785348,Chemistry_Materials,1265,no_lawful_text_retained,no_lawful_text_retained,
PMID:33218855,Chemistry_Materials,1266,no_lawful_text_retained,no_lawful_text_retained,
PMID:37845169,Chemistry_Materials,1267,no_lawful_text_retained,no_lawful_text_retained,
PMID:39423977,Chemistry_Materials,1268,no_lawful_text_retained,no_lawful_text_retained,
PMID:41469235,Chemistry_Materials,1269,no_lawful_text_retained,no_lawful_text_retained,
PMID:37984149,Chemistry_Materials,1270,no_lawful_text_retained,no_lawful_text_retained,
PMID:39607956,Chemistry_Materials,1271,no_deposit_named,no_deposit_named,
PMID:39668278,Chemistry_Materials,1272,no_lawful_text_retained,no_lawful_text_retained,
PMID:36527917,Chemistry_Materials,1273,no_lawful_text_retained,no_lawful_text_retained,
PMID:33119797,Chemistry_Materials,1274,no_lawful_text_retained,no_lawful_text_retained,
PMID:41372690,Chemistry_Materials,1275,supplement_only_unverified,supplement_only_unverified,
PMID:41494343,Chemistry_Materials,1276,no_lawful_text_retained,no_lawful_text_retained,
PMID:36316931,Chemistry_Materials,1277,author_request_only,author_request_only,
PMID:33253354,Chemistry_Materials,1278,no_lawful_text_retained,no_lawful_text_retained,
PMID:33116169,Chemistry_Materials,1279,supplement_only_unverified,supplement_only_unverified,
PMID:36526586,Chemistry_Materials,1280,no_lawful_text_retained,no_lawful_text_retained,
PMID:38130085,Chemistry_Materials,1281,no_lawful_text_retained,no_lawful_text_retained,
PMID:36473525,Chemistry_Materials,1282,no_lawful_text_retained,no_lawful_text_retained,
PMID:38013030,Chemistry_Materials,1283,no_lawful_text_retained,no_lawful_text_retained,
PMID:37769716,Chemistry_Materials,1284,no_lawful_text_retained,no_lawful_text_retained,
PMID:38085246,Chemistry_Materials,1285,no_deposit_named,no_deposit_named,
PMID:38064228,Chemistry_Materials,1286,no_deposit_named,no_deposit_named,
PMID:36535162,Chemistry_Materials,1287,no_lawful_text_retained,no_lawful_text_retained,
PMID:41435937,Chemistry_Materials,1288,no_lawful_text_retained,no_lawful_text_retained,
PMID:37972240,Chemistry_Materials,1289,no_lawful_text_retained,no_lawful_text_retained,
PMID:34609138,Chemistry_Materials,1290,no_lawful_text_retained,no_lawful_text_retained,
PMID:39716587,Chemistry_Materials,1291,no_lawful_text_retained,no_lawful_text_retained,
PMID:41084947,Chemistry_Materials,1292,no_lawful_text_retained,no_lawful_text_retained,
PMID:38115008,Chemistry_Materials,1293,supplement_only_unverified,supplement_only_unverified,
PMID:34626441,Chemistry_Materials,1294,no_lawful_text_retained,no_lawful_text_retained,
PMID:36555690,Chemistry_Materials,1295,author_request_only,author_request_only,
PMID:41482222,Chemistry_Materials,1296,no_lawful_text_retained,no_lawful_text_retained,
PMID:34716354,Chemistry_Materials,1297,open_route_named_pending_listing,,figshare:15634230=anonymous_listing_with_sizes_within_caps; figshare:16632412=anonymous_listing_with_sizes_within_caps
PMID:38183717,Chemistry_Materials,1298,no_lawful_text_retained,no_lawful_text_retained,
PMID:33205393,Chemistry_Materials,1299,no_lawful_text_retained,no_lawful_text_retained,
PMID:34763197,Chemistry_Materials,1300,no_lawful_text_retained,no_lawful_text_retained,
PMID:39663449,Chemistry_Materials,1301,code_only_deposit,code_only_deposit,
PMID:38115543,Chemistry_Materials,1302,no_lawful_text_retained,no_lawful_text_retained,
PMID:39738640,Chemistry_Materials,1303,author_request_only,author_request_only,
PMID:39656894,Chemistry_Materials,1304,no_lawful_text_retained,no_lawful_text_retained,
PMID:34776378,Chemistry_Materials,1305,no_lawful_text_retained,no_lawful_text_retained,
PMID:36549203,Chemistry_Materials,1306,no_lawful_text_retained,no_lawful_text_retained,
PMID:39580871,Chemistry_Materials,1307,no_lawful_text_retained,no_lawful_text_retained,
PMID:33232185,Chemistry_Materials,1308,no_lawful_text_retained,no_lawful_text_retained,
PMID:41452820,Chemistry_Materials,1309,no_deposit_named,no_deposit_named,
PMID:36349894,Chemistry_Materials,1310,no_lawful_text_retained,no_lawful_text_retained,
PMID:36614061,Chemistry_Materials,1311,no_deposit_named,no_deposit_named,
PMID:39546419,Chemistry_Materials,1312,no_lawful_text_retained,no_lawful_text_retained,
PMID:36207654,Chemistry_Materials,1313,no_lawful_text_retained,no_lawful_text_retained,
PMID:41349303,Chemistry_Materials,1314,no_lawful_text_retained,no_lawful_text_retained,
PMID:34602732,Chemistry_Materials,1315,no_lawful_text_retained,no_lawful_text_retained,
PMID:33093456,Chemistry_Materials,1316,supplement_only_unverified,supplement_only_unverified,
PMID:36397672,Chemistry_Materials,1317,no_lawful_text_retained,no_lawful_text_retained,
PMID:41174513,Chemistry_Materials,1318,author_request_only,author_request_only,
PMID:37889246,Chemistry_Materials,1319,no_lawful_text_retained,no_lawful_text_retained,
PMID:33176682,Chemistry_Materials,1320,author_request_only,author_request_only,
PMID:38112525,Chemistry_Materials,1321,no_lawful_text_retained,no_lawful_text_retained,
PMID:37882906,Chemistry_Materials,1322,no_lawful_text_retained,no_lawful_text_retained,
PMID:33127449,Chemistry_Materials,1323,no_lawful_text_retained,no_lawful_text_retained,
PMID:37968319,Chemistry_Materials,1324,open_route_named_pending_listing,above_cap,bioproject:PRJNA510201=announced_sizes_exceed_amendment_caps
PMID:38052258,Chemistry_Materials,1325,no_lawful_text_retained,no_lawful_text_retained,
PMID:37988898,Chemistry_Materials,1326,no_lawful_text_retained,no_lawful_text_retained,
PMID:37899628,Chemistry_Materials,1327,no_deposit_named,no_deposit_named,
PMID:38076731,Chemistry_Materials,1328,no_deposit_named,no_deposit_named,
PMID:39615363,Chemistry_Materials,1329,no_lawful_text_retained,no_lawful_text_retained,
PMID:34974303,Chemistry_Materials,1330,no_lawful_text_retained,no_lawful_text_retained,
PMID:41348839,Chemistry_Materials,1331,author_request_only,author_request_only,
PMID:41349535,Chemistry_Materials,1332,open_route_named_pending_listing,,figshare:27985364=anonymous_listing_with_sizes_within_caps; metabolights:MTBLS13225=some_or_all_files_without_announced_size
PMID:33063631,Chemistry_Materials,1333,no_lawful_text_retained,no_lawful_text_retained,
PMID:36614158,Chemistry_Materials,1334,no_deposit_named,no_deposit_named,
PMID:41508504,Chemistry_Materials,1335,no_lawful_text_retained,no_lawful_text_retained,
PMID:36225126,Chemistry_Materials,1336,no_lawful_text_retained,no_lawful_text_retained,
PMID:33212411,Chemistry_Materials,1337,no_lawful_text_retained,no_lawful_text_retained,
PMID:36251570,Chemistry_Materials,1338,no_lawful_text_retained,no_lawful_text_retained,
PMID:39549058,Chemistry_Materials,1339,no_lawful_text_retained,no_lawful_text_retained,
PMID:36377363,Chemistry_Materials,1340,no_lawful_text_retained,no_lawful_text_retained,
PMID:39433693,Chemistry_Materials,1341,supplement_only_unverified,supplement_only_unverified,
PMID:39490386,Chemistry_Materials,1342,no_lawful_text_retained,no_lawful_text_retained,
PMID:38157025,Chemistry_Materials,1343,no_lawful_text_retained,no_lawful_text_retained,
PMID:33113249,Chemistry_Materials,1344,no_lawful_text_retained,no_lawful_text_retained,
PMID:37953458,Chemistry_Materials,1345,no_lawful_text_retained,no_lawful_text_retained,
PMID:36612363,Chemistry_Materials,1346,no_deposit_named,no_deposit_named,
PMID:36271554,Chemistry_Materials,1347,no_lawful_text_retained,no_lawful_text_retained,
PMID:41481956,Chemistry_Materials,1348,no_lawful_text_retained,no_lawful_text_retained,
PMID:41439696,Chemistry_Materials,1349,no_deposit_named,no_deposit_named,
PMID:34955204,Chemistry_Materials,1350,no_lawful_text_retained,no_lawful_text_retained,
PMID:39706905,Chemistry_Materials,1351,open_route_named_pending_listing,,geo:GSE207644=anonymous_listing_with_sizes_within_caps; bioproject:PRJNA1007276=announced_sizes_exceed_amendment_caps; proteomexchange:PXD034499=some_or_all_files_without_announced_size
PMID:36583441,Chemistry_Materials,1352,open_route_named_pending_listing,size_unannounced,proteomexchange:PXD019693=some_or_all_files_without_announced_size
PMID:38141698,Chemistry_Materials,1353,no_lawful_text_retained,no_lawful_text_retained,
PMID:37848122,Chemistry_Materials,1354,no_lawful_text_retained,no_lawful_text_retained,
PMID:36513048,Chemistry_Materials,1355,no_lawful_text_retained,no_lawful_text_retained,
PMID:34856264,Chemistry_Materials,1356,no_lawful_text_retained,no_lawful_text_retained,
PMID:33168829,Chemistry_Materials,1357,supplement_only_unverified,supplement_only_unverified,
PMID:36368447,Chemistry_Materials,1358,no_lawful_text_retained,no_lawful_text_retained,
PMID:36440831,Chemistry_Materials,1359,no_deposit_named,no_deposit_named,
PMID:41400189,Chemistry_Materials,1360,no_lawful_text_retained,no_lawful_text_retained,
PMID:39613076,Chemistry_Materials,1361,no_lawful_text_retained,no_lawful_text_retained,
PMID:38081488,Chemistry_Materials,1362,no_lawful_text_retained,no_lawful_text_retained,
PMID:39680731,Chemistry_Materials,1363,no_lawful_text_retained,no_lawful_text_retained,
PMID:36416088,Chemistry_Materials,1364,no_lawful_text_retained,no_lawful_text_retained,
PMID:41773940,Chemistry_Materials,1365,no_lawful_text_retained,no_lawful_text_retained,
PMID:33249149,Chemistry_Materials,1366,no_lawful_text_retained,no_lawful_text_retained,
PMID:37920996,Chemistry_Materials,1367,no_lawful_text_retained,no_lawful_text_retained,
PMID:36549624,Chemistry_Materials,1368,no_lawful_text_retained,no_lawful_text_retained,
PMID:33047398,Chemistry_Materials,1369,no_lawful_text_retained,no_lawful_text_retained,
PMID:34608232,Chemistry_Materials,1370,supplement_only_unverified,supplement_only_unverified,
PMID:34928029,Chemistry_Materials,1371,no_lawful_text_retained,no_lawful_text_retained,
PMID:37925581,Chemistry_Materials,1372,supplement_only_unverified,supplement_only_unverified,
PMID:39461383,Chemistry_Materials,1373,no_lawful_text_retained,no_lawful_text_retained,
PMID:39693570,Chemistry_Materials,1374,no_deposit_named,no_deposit_named,
PMID:39724717,Chemistry_Materials,1375,no_lawful_text_retained,no_lawful_text_retained,
PMID:37991255,Chemistry_Materials,1376,no_lawful_text_retained,no_lawful_text_retained,
PMID:39580790,Chemistry_Materials,1377,open_route_named_pending_listing,,geo:GSE222324=anonymous_listing_with_sizes_within_caps
PMID:36401068,Chemistry_Materials,1378,no_lawful_text_retained,no_lawful_text_retained,
PMID:36383954,Chemistry_Materials,1379,no_deposit_named,no_deposit_named,
PMID:41252891,Chemistry_Materials,1380,no_lawful_text_retained,no_lawful_text_retained,
PMID:37850350,Chemistry_Materials,1381,no_lawful_text_retained,no_lawful_text_retained,
PMID:37917268,Chemistry_Materials,1382,no_lawful_text_retained,no_lawful_text_retained,
PMID:35006954,Chemistry_Materials,1383,no_lawful_text_retained,no_lawful_text_retained,
PMID:36232655,Chemistry_Materials,1384,author_request_only,author_request_only,
PMID:36241298,Chemistry_Materials,1385,no_lawful_text_retained,no_lawful_text_retained,
PMID:39585960,Chemistry_Materials,1386,no_lawful_text_retained,no_lawful_text_retained,
PMID:33237148,Chemistry_Materials,1387,no_lawful_text_retained,no_lawful_text_retained,
PMID:39424290,Chemistry_Materials,1388,code_only_deposit,code_only_deposit,
PMID:34920064,Chemistry_Materials,1389,no_lawful_text_retained,no_lawful_text_retained,
PMID:33023360,Chemistry_Materials,1390,no_lawful_text_retained,no_lawful_text_retained,
PMID:39571215,Chemistry_Materials,1391,no_lawful_text_retained,no_lawful_text_retained,
PMID:33232701,Chemistry_Materials,1392,no_lawful_text_retained,no_lawful_text_retained,
PMID:36318684,Chemistry_Materials,1393,no_lawful_text_retained,no_lawful_text_retained,
PMID:33297086,Chemistry_Materials,1394,no_lawful_text_retained,no_lawful_text_retained,
PMID:37922083,Chemistry_Materials,1395,no_lawful_text_retained,no_lawful_text_retained,
PMID:41174441,Chemistry_Materials,1396,no_lawful_text_retained,no_lawful_text_retained,
PMID:33291033,Chemistry_Materials,1397,no_lawful_text_retained,no_lawful_text_retained,
PMID:41475753,Chemistry_Materials,1398,no_lawful_text_retained,no_lawful_text_retained,
PMID:38274228,Chemistry_Materials,1399,application_required,application_required,
PMID:41333280,Chemistry_Materials,1400,supplement_only_unverified,supplement_only_unverified,
PMID:36214789,Chemistry_Materials,1401,no_lawful_text_retained,no_lawful_text_retained,
PMID:39437930,Chemistry_Materials,1402,no_lawful_text_retained,no_lawful_text_retained,
PMID:33258506,Chemistry_Materials,1403,no_lawful_text_retained,no_lawful_text_retained,
PMID:37906415,Chemistry_Materials,1404,author_request_only,author_request_only,
PMID:37951262,Chemistry_Materials,1405,no_lawful_text_retained,no_lawful_text_retained,
PMID:33200585,Chemistry_Materials,1406,no_lawful_text_retained,no_lawful_text_retained,
PMID:36372336,Chemistry_Materials,1407,no_lawful_text_retained,no_lawful_text_retained,
PMID:34878028,Chemistry_Materials,1408,no_deposit_named,no_deposit_named,
PMID:37793367,Chemistry_Materials,1409,no_lawful_text_retained,no_lawful_text_retained,
PMID:34597902,Chemistry_Materials,1410,no_lawful_text_retained,no_lawful_text_retained,
PMID:33031942,Chemistry_Materials,1411,no_lawful_text_retained,no_lawful_text_retained,
PMID:34885718,Chemistry_Materials,1412,no_deposit_named,no_deposit_named,
PMID:39696301,Chemistry_Materials,1413,supplement_only_unverified,supplement_only_unverified,
PMID:36460096,Chemistry_Materials,1414,no_lawful_text_retained,no_lawful_text_retained,
PMID:39772815,Chemistry_Materials,1415,no_lawful_text_retained,no_lawful_text_retained,
PMID:33309621,Chemistry_Materials,1416,no_lawful_text_retained,no_lawful_text_retained,
PMID:34640927,Chemistry_Materials,1417,author_request_only,author_request_only,
PMID:39577566,Chemistry_Materials,1418,open_route_named_pending_listing,size_unannounced,proteomexchange:PXD048132=some_or_all_files_without_announced_size; proteomexchange:PXD054828=some_or_all_files_without_announced_size; proteomexchange:PXD056001=some_or_all_files_without_announced_size
PMID:39706111,Chemistry_Materials,1419,no_lawful_text_retained,no_lawful_text_retained,
PMID:38143059,Chemistry_Materials,1420,no_lawful_text_retained,no_lawful_text_retained,
PMID:34625793,Chemistry_Materials,1421,no_lawful_text_retained,no_lawful_text_retained,
PMID:34844507,Chemistry_Materials,1422,no_lawful_text_retained,no_lawful_text_retained,
PMID:41116565,Chemistry_Materials,1423,no_lawful_text_retained,no_lawful_text_retained,
PMID:33142546,Chemistry_Materials,1424,no_deposit_named,no_deposit_named,
PMID:33944686,Physics_Engineering,1,no_lawful_text_retained,no_lawful_text_retained,
PMID:34031721,Physics_Engineering,2,supplement_only_unverified,author_request_only,
PMID:36804744,Physics_Engineering,3,no_lawful_text_retained,no_lawful_text_retained,
PMID:35313293,Physics_Engineering,4,no_lawful_text_retained,no_lawful_text_retained,
PMID:38873850,Physics_Engineering,5,no_lawful_text_retained,no_lawful_text_retained,
PMID:36236913,Physics_Engineering,6,no_lawful_text_retained,no_lawful_text_retained,
PMID:36560183,Physics_Engineering,7,no_deposit_named,no_deposit_named,
PMID:35378520,Physics_Engineering,8,no_lawful_text_retained,no_lawful_text_retained,
PMID:37080210,Physics_Engineering,9,no_lawful_text_retained,no_lawful_text_retained,
PMID:32486777,Physics_Engineering,10,no_lawful_text_retained,no_lawful_text_retained,
PMID:36354472,Physics_Engineering,11,no_deposit_named,no_deposit_named,
PMID:36603464,Physics_Engineering,12,no_deposit_named,no_deposit_named,
PMID:35238572,Physics_Engineering,13,no_deposit_named,no_deposit_named,
PMID:39329395,Physics_Engineering,14,no_lawful_text_retained,no_lawful_text_retained,
PMID:36007820,Physics_Engineering,15,no_lawful_text_retained,no_lawful_text_retained,
PMID:40602274,Physics_Engineering,16,no_lawful_text_retained,no_lawful_text_retained,
PMID:35006971,Physics_Engineering,17,no_lawful_text_retained,no_lawful_text_retained,
PMID:37182279,Physics_Engineering,18,no_lawful_text_retained,no_lawful_text_retained,
PMID:32857956,Physics_Engineering,19,no_lawful_text_retained,no_lawful_text_retained,
PMID:38667170,Physics_Engineering,20,author_request_only,author_request_only,
PMID:39407595,Physics_Engineering,21,no_deposit_named,no_deposit_named,
PMID:39443849,Physics_Engineering,22,author_request_only,author_request_only,
PMID:33151199,Physics_Engineering,23,no_lawful_text_retained,no_lawful_text_retained,
PMID:34450569,Physics_Engineering,24,no_lawful_text_retained,no_lawful_text_retained,
PMID:37932505,Physics_Engineering,25,no_lawful_text_retained,no_lawful_text_retained,
PMID:37390134,Physics_Engineering,26,no_lawful_text_retained,no_lawful_text_retained,
PMID:36476993,Physics_Engineering,27,no_lawful_text_retained,no_lawful_text_retained,
PMID:38700959,Physics_Engineering,28,no_lawful_text_retained,no_lawful_text_retained,
PMID:37402767,Physics_Engineering,29,supplement_only_unverified,supplement_only_unverified,
PMID:34250610,Physics_Engineering,30,no_lawful_text_retained,no_lawful_text_retained,
PMID:33327958,Physics_Engineering,31,author_request_only,author_request_only,
PMID:37518673,Physics_Engineering,32,no_lawful_text_retained,no_lawful_text_retained,
PMID:35419878,Physics_Engineering,33,no_lawful_text_retained,no_lawful_text_retained,
PMID:39012121,Physics_Engineering,34,no_deposit_named,no_deposit_named,
PMID:40942814,Physics_Engineering,35,supplement_only_unverified,supplement_only_unverified,
PMID:41336011,Physics_Engineering,36,no_lawful_text_retained,no_lawful_text_retained,
PMID:41187598,Physics_Engineering,37,no_lawful_text_retained,no_lawful_text_retained,
PMID:32524452,Physics_Engineering,38,no_lawful_text_retained,no_lawful_text_retained,
PMID:32368042,Physics_Engineering,39,no_deposit_named,no_deposit_named,
PMID:40824333,Physics_Engineering,40,no_lawful_text_retained,no_lawful_text_retained,
PMID:36215593,Physics_Engineering,41,no_lawful_text_retained,no_lawful_text_retained,
PMID:34722757,Physics_Engineering,42,author_request_only,author_request_only,
PMID:37647976,Physics_Engineering,43,no_lawful_text_retained,no_lawful_text_retained,
PMID:36458737,Physics_Engineering,44,author_request_only,author_request_only,
PMID:38770627,Physics_Engineering,45,no_lawful_text_retained,no_lawful_text_retained,
PMID:41056144,Physics_Engineering,46,no_lawful_text_retained,no_lawful_text_retained,
PMID:34287654,Physics_Engineering,47,no_lawful_text_retained,no_lawful_text_retained,
PMID:34960291,Physics_Engineering,48,no_deposit_named,no_deposit_named,
PMID:35325879,Physics_Engineering,49,no_lawful_text_retained,no_lawful_text_retained,
PMID:39084305,Physics_Engineering,50,no_lawful_text_retained,no_lawful_text_retained,
PMID:34833550,Physics_Engineering,51,no_deposit_named,no_deposit_named,
PMID:34706307,Physics_Engineering,52,no_lawful_text_retained,no_lawful_text_retained,
PMID:34017023,Physics_Engineering,53,supplement_only_unverified,supplement_only_unverified,
PMID:34364345,Physics_Engineering,54,no_lawful_text_retained,no_lawful_text_retained,
PMID:38704056,Physics_Engineering,55,no_lawful_text_retained,no_lawful_text_retained,
PMID:35835108,Physics_Engineering,56,no_lawful_text_retained,no_lawful_text_retained,
PMID:39628366,Physics_Engineering,57,no_deposit_named,no_deposit_named,
PMID:35697882,Physics_Engineering,58,no_deposit_named,no_deposit_named,
PMID:35297814,Physics_Engineering,59,no_lawful_text_retained,no_lawful_text_retained,
PMID:36931618,Physics_Engineering,60,no_lawful_text_retained,no_lawful_text_retained,
PMID:34152316,Physics_Engineering,61,no_lawful_text_retained,no_lawful_text_retained,
PMID:39014875,Physics_Engineering,62,no_lawful_text_retained,no_lawful_text_retained,
PMID:34155811,Physics_Engineering,63,no_lawful_text_retained,no_lawful_text_retained,
PMID:32738591,Physics_Engineering,64,no_lawful_text_retained,no_lawful_text_retained,
PMID:36920847,Physics_Engineering,65,no_lawful_text_retained,no_lawful_text_retained,
PMID:36727443,Physics_Engineering,66,no_lawful_text_retained,no_lawful_text_retained,
PMID:38598019,Physics_Engineering,67,author_request_only,author_request_only,
PMID:35882825,Physics_Engineering,68,no_lawful_text_retained,no_lawful_text_retained,
PMID:37354417,Physics_Engineering,69,no_lawful_text_retained,no_lawful_text_retained,
PMID:39796889,Physics_Engineering,70,no_deposit_named,no_deposit_named,
PMID:34714647,Physics_Engineering,71,open_route_named_pending_listing,code_only_deposit,zenodo:3244420=every_listed_file_is_implementation_material
PMID:35218427,Physics_Engineering,72,supplement_only_unverified,supplement_only_unverified,
PMID:34700216,Physics_Engineering,73,no_lawful_text_retained,no_lawful_text_retained,
PMID:37454236,Physics_Engineering,74,no_lawful_text_retained,no_lawful_text_retained,
PMID:37449339,Physics_Engineering,75,author_request_only,author_request_only,
PMID:32679216,Physics_Engineering,76,no_lawful_text_retained,no_lawful_text_retained,
PMID:37716890,Physics_Engineering,77,no_lawful_text_retained,no_lawful_text_retained,
PMID:37768689,Physics_Engineering,78,no_lawful_text_retained,no_lawful_text_retained,
PMID:33919929,Physics_Engineering,79,no_deposit_named,no_deposit_named,
PMID:38520300,Physics_Engineering,80,no_lawful_text_retained,no_lawful_text_retained,
PMID:33018807,Physics_Engineering,81,no_lawful_text_retained,no_lawful_text_retained,
PMID:39097048,Physics_Engineering,82,no_lawful_text_retained,no_lawful_text_retained,
PMID:39549923,Physics_Engineering,83,no_lawful_text_retained,no_lawful_text_retained,
PMID:34966473,Physics_Engineering,84,author_request_only,author_request_only,
PMID:34818548,Physics_Engineering,85,no_lawful_text_retained,no_lawful_text_retained,
PMID:32409264,Physics_Engineering,86,no_lawful_text_retained,no_lawful_text_retained,
PMID:36567509,Physics_Engineering,87,no_deposit_named,no_deposit_named,
PMID:40031467,Physics_Engineering,88,no_lawful_text_retained,no_lawful_text_retained,
PMID:40533805,Physics_Engineering,89,author_request_only,author_request_only,
PMID:39708427,Physics_Engineering,90,author_request_only,author_request_only,
PMID:39653383,Physics_Engineering,91,no_lawful_text_retained,no_lawful_text_retained,
PMID:37916510,Physics_Engineering,92,no_lawful_text_retained,no_lawful_text_retained,
PMID:34560855,Physics_Engineering,93,code_only_deposit,code_only_deposit,
PMID:37703776,Physics_Engineering,94,no_lawful_text_retained,no_lawful_text_retained,
PMID:41331320,Physics_Engineering,95,author_request_only,author_request_only,
PMID:37117108,Physics_Engineering,96,no_lawful_text_retained,no_lawful_text_retained,
PMID:36086124,Physics_Engineering,97,no_lawful_text_retained,no_lawful_text_retained,
PMID:40360543,Physics_Engineering,98,author_request_only,author_request_only,
PMID:35735557,Physics_Engineering,99,no_deposit_named,no_deposit_named,
PMID:39367475,Physics_Engineering,100,supplement_only_unverified,supplement_only_unverified,
PMID:38407844,Physics_Engineering,101,no_lawful_text_retained,no_lawful_text_retained,
PMID:36015711,Physics_Engineering,102,supplement_only_unverified,supplement_only_unverified,
PMID:36790821,Physics_Engineering,103,no_deposit_named,no_deposit_named,
PMID:41336709,Physics_Engineering,104,no_lawful_text_retained,no_lawful_text_retained,
PMID:36396787,Physics_Engineering,105,code_only_deposit,code_only_deposit,
PMID:38827295,Physics_Engineering,106,open_route_named_pending_listing,code_only_deposit,zenodo:10974317=every_listed_file_is_implementation_material
PMID:32376303,Physics_Engineering,107,author_request_only,author_request_only,
PMID:39486020,Physics_Engineering,108,no_deposit_named,no_deposit_named,
PMID:37127737,Physics_Engineering,109,supplement_only_unverified,supplement_only_unverified,
PMID:34138704,Physics_Engineering,110,no_lawful_text_retained,no_lawful_text_retained,
PMID:36863908,Physics_Engineering,111,no_lawful_text_retained,no_lawful_text_retained,
PMID:39316184,Physics_Engineering,112,supplement_only_unverified,supplement_only_unverified,
PMID:37027092,Physics_Engineering,113,no_lawful_text_retained,no_lawful_text_retained,
PMID:39382593,Physics_Engineering,114,no_lawful_text_retained,no_lawful_text_retained,
PMID:35508882,Physics_Engineering,115,no_lawful_text_retained,no_lawful_text_retained,
PMID:35961825,Physics_Engineering,116,no_lawful_text_retained,no_lawful_text_retained,
PMID:33973613,Physics_Engineering,117,no_lawful_text_retained,no_lawful_text_retained,
PMID:37127732,Physics_Engineering,118,no_lawful_text_retained,no_lawful_text_retained,
PMID:35792069,Physics_Engineering,119,no_lawful_text_retained,no_lawful_text_retained,
PMID:33303948,Physics_Engineering,120,author_request_only,author_request_only,
PMID:41070858,Physics_Engineering,121,no_lawful_text_retained,no_lawful_text_retained,
PMID:34563881,Physics_Engineering,122,no_lawful_text_retained,no_lawful_text_retained,
PMID:38917789,Physics_Engineering,123,no_lawful_text_retained,no_lawful_text_retained,
PMID:32887543,Physics_Engineering,124,supplement_only_unverified,supplement_only_unverified,
PMID:41237503,Physics_Engineering,125,no_lawful_text_retained,no_lawful_text_retained,
PMID:37266782,Physics_Engineering,126,no_lawful_text_retained,no_lawful_text_retained,
PMID:35876803,Physics_Engineering,127,no_lawful_text_retained,no_lawful_text_retained,
PMID:40343834,Physics_Engineering,128,no_lawful_text_retained,no_lawful_text_retained,
PMID:33290579,Physics_Engineering,129,no_deposit_named,no_deposit_named,
PMID:38478453,Physics_Engineering,130,no_lawful_text_retained,no_lawful_text_retained,
PMID:35660201,Physics_Engineering,131,no_lawful_text_retained,no_lawful_text_retained,
PMID:32773064,Physics_Engineering,132,no_lawful_text_retained,no_lawful_text_retained,
PMID:34831823,Physics_Engineering,133,author_request_only,author_request_only,
PMID:34852615,Physics_Engineering,134,no_lawful_text_retained,no_lawful_text_retained,
PMID:38597330,Physics_Engineering,135,no_lawful_text_retained,no_lawful_text_retained,
PMID:33709241,Physics_Engineering,136,supplement_only_unverified,supplement_only_unverified,
PMID:34904486,Physics_Engineering,137,no_lawful_text_retained,no_lawful_text_retained,
PMID:37321258,Physics_Engineering,138,no_lawful_text_retained,no_lawful_text_retained,
PMID:40961198,Physics_Engineering,139,no_deposit_named,no_deposit_named,
PMID:32969085,Physics_Engineering,140,no_lawful_text_retained,no_lawful_text_retained,
PMID:32536225,Physics_Engineering,141,no_lawful_text_retained,no_lawful_text_retained,
PMID:39206735,Physics_Engineering,142,author_request_only,author_request_only,
PMID:35591022,Physics_Engineering,143,code_only_deposit,code_only_deposit,
PMID:34134747,Physics_Engineering,144,supplement_only_unverified,supplement_only_unverified,
PMID:38952153,Physics_Engineering,145,no_lawful_text_retained,no_lawful_text_retained,
PMID:36361147,Physics_Engineering,146,author_request_only,author_request_only,
PMID:33859193,Physics_Engineering,147,author_request_only,author_request_only,
PMID:40623427,Physics_Engineering,148,no_lawful_text_retained,no_lawful_text_retained,
PMID:37468746,Physics_Engineering,149,author_request_only,author_request_only,
PMID:36679836,Physics_Engineering,150,author_request_only,author_request_only,
PMID:32323874,Physics_Engineering,151,no_lawful_text_retained,no_lawful_text_retained,
PMID:34241095,Physics_Engineering,152,no_lawful_text_retained,no_lawful_text_retained,
PMID:39212200,Physics_Engineering,153,no_lawful_text_retained,no_lawful_text_retained,
PMID:38992541,Physics_Engineering,154,no_lawful_text_retained,no_lawful_text_retained,
PMID:33639755,Physics_Engineering,155,no_lawful_text_retained,no_lawful_text_retained,
PMID:33325637,Physics_Engineering,156,no_lawful_text_retained,no_lawful_text_retained,
PMID:32359273,Physics_Engineering,157,no_lawful_text_retained,no_lawful_text_retained,
PMID:41359692,Physics_Engineering,158,no_lawful_text_retained,no_lawful_text_retained,
PMID:40907374,Physics_Engineering,159,no_deposit_named,no_deposit_named,
PMID:36661131,Physics_Engineering,160,no_lawful_text_retained,no_lawful_text_retained,
PMID:36409835,Physics_Engineering,161,no_lawful_text_retained,no_lawful_text_retained,
PMID:35820400,Physics_Engineering,162,no_lawful_text_retained,no_lawful_text_retained,
PMID:32191377,Physics_Engineering,163,no_lawful_text_retained,no_lawful_text_retained,
PMID:40338479,Physics_Engineering,164,supplement_only_unverified,supplement_only_unverified,
PMID:32673416,Physics_Engineering,165,no_lawful_text_retained,no_lawful_text_retained,
PMID:32910652,Physics_Engineering,166,no_lawful_text_retained,no_lawful_text_retained,
PMID:36174345,Physics_Engineering,167,no_lawful_text_retained,no_lawful_text_retained,
PMID:33161292,Physics_Engineering,168,no_lawful_text_retained,no_lawful_text_retained,
PMID:33726801,Physics_Engineering,169,supplement_only_unverified,supplement_only_unverified,
PMID:35271874,Physics_Engineering,170,no_lawful_text_retained,no_lawful_text_retained,
PMID:32338776,Physics_Engineering,171,no_lawful_text_retained,no_lawful_text_retained,
PMID:34921701,Physics_Engineering,172,no_lawful_text_retained,no_lawful_text_retained,
PMID:34520355,Physics_Engineering,173,no_lawful_text_retained,no_lawful_text_retained,
PMID:32081959,Physics_Engineering,174,supplement_only_unverified,supplement_only_unverified,
PMID:36033746,Physics_Engineering,175,no_deposit_named,no_deposit_named,
PMID:36809643,Physics_Engineering,176,no_lawful_text_retained,no_lawful_text_retained,
PMID:39476531,Physics_Engineering,177,no_lawful_text_retained,no_lawful_text_retained,
PMID:41006787,Physics_Engineering,178,no_lawful_text_retained,no_lawful_text_retained,
PMID:37634344,Physics_Engineering,179,no_lawful_text_retained,no_lawful_text_retained,
PMID:38478682,Physics_Engineering,180,no_lawful_text_retained,no_lawful_text_retained,
PMID:39044654,Physics_Engineering,181,no_lawful_text_retained,no_lawful_text_retained,
PMID:32510148,Physics_Engineering,182,no_lawful_text_retained,no_lawful_text_retained,
PMID:39213712,Physics_Engineering,183,no_lawful_text_retained,no_lawful_text_retained,
PMID:32169756,Physics_Engineering,184,no_lawful_text_retained,no_lawful_text_retained,
PMID:34319277,Physics_Engineering,185,no_lawful_text_retained,no_lawful_text_retained,
PMID:37941184,Physics_Engineering,186,no_lawful_text_retained,no_lawful_text_retained,
PMID:36521676,Physics_Engineering,187,no_lawful_text_retained,no_lawful_text_retained,
PMID:35968810,Physics_Engineering,188,no_lawful_text_retained,no_lawful_text_retained,
PMID:36621928,Physics_Engineering,189,no_lawful_text_retained,no_lawful_text_retained,
PMID:34089979,Physics_Engineering,190,no_lawful_text_retained,no_lawful_text_retained,
PMID:39736665,Physics_Engineering,191,supplement_only_unverified,supplement_only_unverified,
PMID:32716385,Physics_Engineering,192,no_lawful_text_retained,no_lawful_text_retained,
PMID:41293807,Physics_Engineering,193,no_lawful_text_retained,no_lawful_text_retained,
PMID:36517242,Physics_Engineering,194,open_route_named_pending_listing,size_unannounced,osf:8rbtf=some_or_all_files_without_announced_size
PMID:32931943,Physics_Engineering,195,application_required,application_required,
PMID:37755618,Physics_Engineering,196,no_lawful_text_retained,no_lawful_text_retained,
PMID:32814160,Physics_Engineering,197,no_lawful_text_retained,no_lawful_text_retained,
PMID:36182778,Physics_Engineering,198,no_lawful_text_retained,no_lawful_text_retained,
PMID:34280224,Physics_Engineering,199,no_deposit_named,no_deposit_named,
PMID:34605161,Physics_Engineering,200,no_lawful_text_retained,no_lawful_text_retained,
PMID:35344494,Physics_Engineering,201,no_lawful_text_retained,no_lawful_text_retained,
PMID:35767539,Physics_Engineering,202,open_route_named_pending_listing,,dryad:z8w9ghxfh=anonymous_listing_with_sizes_within_caps
PMID:38387695,Physics_Engineering,203,no_lawful_text_retained,no_lawful_text_retained,
PMID:40239488,Physics_Engineering,204,no_lawful_text_retained,no_lawful_text_retained,
PMID:41199410,Physics_Engineering,205,author_request_only,author_request_only,
PMID:38781054,Physics_Engineering,206,no_lawful_text_retained,no_lawful_text_retained,
PMID:33141130,Physics_Engineering,207,no_lawful_text_retained,no_lawful_text_retained,
PMID:34297422,Physics_Engineering,208,no_lawful_text_retained,no_lawful_text_retained,
PMID:40378299,Physics_Engineering,209,no_lawful_text_retained,no_lawful_text_retained,
PMID:37574278,Physics_Engineering,210,no_lawful_text_retained,no_lawful_text_retained,
PMID:38244347,Physics_Engineering,211,no_lawful_text_retained,no_lawful_text_retained,
PMID:36322249,Physics_Engineering,212,no_deposit_named,no_deposit_named,
PMID:39604838,Physics_Engineering,213,open_route_named_pending_listing,code_only_deposit,zenodo:13739906=every_listed_file_is_implementation_material
PMID:41335763,Physics_Engineering,214,no_lawful_text_retained,no_lawful_text_retained,
PMID:35323438,Physics_Engineering,215,no_deposit_named,no_deposit_named,
PMID:33246683,Physics_Engineering,216,no_lawful_text_retained,no_lawful_text_retained,
PMID:36565620,Physics_Engineering,217,no_lawful_text_retained,no_lawful_text_retained,
PMID:36735157,Physics_Engineering,218,no_lawful_text_retained,no_lawful_text_retained,
PMID:34530101,Physics_Engineering,219,no_lawful_text_retained,no_lawful_text_retained,
PMID:34042723,Physics_Engineering,220,no_lawful_text_retained,no_lawful_text_retained,
PMID:40598876,Physics_Engineering,221,no_deposit_named,no_deposit_named,
PMID:38832222,Physics_Engineering,222,supplement_only_unverified,supplement_only_unverified,
PMID:38597962,Physics_Engineering,223,supplement_only_unverified,supplement_only_unverified,
PMID:35785758,Physics_Engineering,224,no_lawful_text_retained,no_lawful_text_retained,
PMID:38243511,Physics_Engineering,225,no_lawful_text_retained,no_lawful_text_retained,
PMID:34026718,Physics_Engineering,226,no_deposit_named,no_deposit_named,
PMID:34799815,Physics_Engineering,227,no_lawful_text_retained,no_lawful_text_retained,
PMID:41072652,Physics_Engineering,228,no_lawful_text_retained,no_lawful_text_retained,
PMID:36177965,Physics_Engineering,229,no_lawful_text_retained,no_lawful_text_retained,
PMID:36608430,Physics_Engineering,230,no_lawful_text_retained,no_lawful_text_retained,
PMID:34873185,Physics_Engineering,231,supplement_only_unverified,supplement_only_unverified,
PMID:34526579,Physics_Engineering,232,author_request_only,author_request_only,
PMID:36451992,Physics_Engineering,233,no_lawful_text_retained,no_lawful_text_retained,
PMID:38157763,Physics_Engineering,234,no_lawful_text_retained,no_lawful_text_retained,
PMID:33033051,Physics_Engineering,235,no_lawful_text_retained,no_lawful_text_retained,
PMID:41221714,Physics_Engineering,236,no_lawful_text_retained,no_lawful_text_retained,
PMID:35970622,Physics_Engineering,237,no_lawful_text_retained,no_lawful_text_retained,
PMID:37249365,Physics_Engineering,238,no_lawful_text_retained,no_lawful_text_retained,
PMID:37080671,Physics_Engineering,239,no_lawful_text_retained,no_lawful_text_retained,
PMID:36240338,Physics_Engineering,240,no_lawful_text_retained,no_lawful_text_retained,
PMID:35271159,Physics_Engineering,241,no_deposit_named,no_deposit_named,
PMID:34332572,Physics_Engineering,242,author_request_only,author_request_only,
PMID:37716142,Physics_Engineering,243,no_lawful_text_retained,no_lawful_text_retained,
PMID:34821303,Physics_Engineering,244,no_lawful_text_retained,no_lawful_text_retained,
PMID:40102564,Physics_Engineering,245,author_request_only,author_request_only,
PMID:39060441,Physics_Engineering,246,supplement_only_unverified,supplement_only_unverified,
PMID:40596215,Physics_Engineering,247,author_request_only,author_request_only,
PMID:32873518,Physics_Engineering,248,no_lawful_text_retained,no_lawful_text_retained,
PMID:36265893,Physics_Engineering,249,no_lawful_text_retained,no_lawful_text_retained,
PMID:38979919,Physics_Engineering,250,no_lawful_text_retained,no_lawful_text_retained,
PMID:41140138,Physics_Engineering,251,no_deposit_named,no_deposit_named,
PMID:38578114,Physics_Engineering,252,no_lawful_text_retained,no_lawful_text_retained,
PMID:36086455,Physics_Engineering,253,no_lawful_text_retained,no_lawful_text_retained,
PMID:39018377,Physics_Engineering,254,no_lawful_text_retained,no_lawful_text_retained,
PMID:33905839,Physics_Engineering,255,no_lawful_text_retained,no_lawful_text_retained,
PMID:34806729,Physics_Engineering,256,no_lawful_text_retained,no_lawful_text_retained,
PMID:40387625,Physics_Engineering,257,no_lawful_text_retained,no_lawful_text_retained,
PMID:40102456,Physics_Engineering,258,open_route_named_pending_listing,code_only_deposit,figshare:28537088=every_listed_file_is_implementation_material; dryad:2v6wwq003=announced_sizes_exceed_amendment_caps
PMID:40549068,Physics_Engineering,259,no_lawful_text_retained,no_lawful_text_retained,
PMID:40372596,Physics_Engineering,260,supplement_only_unverified,supplement_only_unverified,
PMID:33545856,Physics_Engineering,261,no_lawful_text_retained,no_lawful_text_retained,
PMID:34694553,Physics_Engineering,262,no_lawful_text_retained,no_lawful_text_retained,
PMID:38941903,Physics_Engineering,263,no_lawful_text_retained,no_lawful_text_retained,
PMID:36521003,Physics_Engineering,264,no_lawful_text_retained,no_lawful_text_retained,
PMID:33886654,Physics_Engineering,265,no_deposit_named,no_deposit_named,
PMID:40796526,Physics_Engineering,266,no_lawful_text_retained,no_lawful_text_retained,
PMID:34151882,Physics_Engineering,267,no_lawful_text_retained,no_lawful_text_retained,
PMID:32146364,Physics_Engineering,268,no_lawful_text_retained,no_lawful_text_retained,
PMID:35290021,Physics_Engineering,269,no_lawful_text_retained,no_lawful_text_retained,
PMID:41352135,Physics_Engineering,270,no_lawful_text_retained,no_lawful_text_retained,
PMID:34470012,Physics_Engineering,271,no_lawful_text_retained,no_lawful_text_retained,
PMID:40972668,Physics_Engineering,272,no_lawful_text_retained,no_lawful_text_retained,
PMID:32613933,Physics_Engineering,273,no_deposit_named,no_deposit_named,
PMID:39571845,Physics_Engineering,274,no_lawful_text_retained,no_lawful_text_retained,
PMID:32597450,Physics_Engineering,275,no_lawful_text_retained,no_lawful_text_retained,
PMID:32559065,Physics_Engineering,276,no_deposit_named,no_deposit_named,
PMID:39433766,Physics_Engineering,277,supplement_only_unverified,supplement_only_unverified,
PMID:32828923,Physics_Engineering,278,no_deposit_named,no_deposit_named,
PMID:33872920,Physics_Engineering,279,no_lawful_text_retained,no_lawful_text_retained,
PMID:37243553,Physics_Engineering,280,no_lawful_text_retained,no_lawful_text_retained,
PMID:39550894,Physics_Engineering,281,no_lawful_text_retained,no_lawful_text_retained,
PMID:36720798,Physics_Engineering,282,no_lawful_text_retained,no_lawful_text_retained,
PMID:33975098,Physics_Engineering,283,no_lawful_text_retained,no_lawful_text_retained,
PMID:36238826,Physics_Engineering,284,author_request_only,author_request_only,
PMID:35537208,Physics_Engineering,285,no_lawful_text_retained,no_lawful_text_retained,
PMID:37263153,Physics_Engineering,286,no_lawful_text_retained,no_lawful_text_retained,
PMID:41449340,Physics_Engineering,287,author_request_only,author_request_only,
PMID:32394192,Physics_Engineering,288,no_lawful_text_retained,no_lawful_text_retained,
PMID:38009759,Physics_Engineering,289,no_lawful_text_retained,no_lawful_text_retained,
PMID:33853380,Physics_Engineering,290,no_lawful_text_retained,no_lawful_text_retained,
PMID:40632267,Physics_Engineering,291,no_lawful_text_retained,no_lawful_text_retained,
PMID:37713443,Physics_Engineering,292,open_route_named_pending_listing,code_only_deposit,zenodo:7741580=every_listed_file_is_implementation_material
PMID:33781816,Physics_Engineering,293,no_lawful_text_retained,no_lawful_text_retained,
PMID:34274460,Physics_Engineering,294,no_lawful_text_retained,no_lawful_text_retained,
PMID:40701869,Physics_Engineering,295,no_lawful_text_retained,no_lawful_text_retained,
PMID:37750537,Physics_Engineering,296,no_lawful_text_retained,no_lawful_text_retained,
PMID:38469930,Physics_Engineering,297,no_lawful_text_retained,no_lawful_text_retained,
PMID:38862320,Physics_Engineering,298,no_lawful_text_retained,no_lawful_text_retained,
PMID:32348182,Physics_Engineering,299,no_lawful_text_retained,no_lawful_text_retained,
PMID:39561293,Physics_Engineering,300,no_deposit_named,no_deposit_named,
PMID:34235898,Physics_Engineering,301,code_only_deposit,code_only_deposit,
PMID:38693266,Physics_Engineering,302,no_lawful_text_retained,no_lawful_text_retained,
PMID:38676101,Physics_Engineering,303,code_only_deposit,code_only_deposit,
PMID:41365851,Physics_Engineering,304,supplement_only_unverified,supplement_only_unverified,
PMID:33114869,Physics_Engineering,305,no_lawful_text_retained,no_lawful_text_retained,
PMID:41173223,Physics_Engineering,306,no_lawful_text_retained,no_lawful_text_retained,
PMID:36634242,Physics_Engineering,307,no_lawful_text_retained,no_lawful_text_retained,
PMID:36148559,Physics_Engineering,308,no_lawful_text_retained,no_lawful_text_retained,
PMID:34286661,Physics_Engineering,309,no_deposit_named,no_deposit_named,
PMID:33215912,Physics_Engineering,310,no_lawful_text_retained,no_lawful_text_retained,
PMID:34726219,Physics_Engineering,311,no_lawful_text_retained,no_lawful_text_retained,
PMID:32281071,Physics_Engineering,312,no_lawful_text_retained,no_lawful_text_retained,
PMID:33018047,Physics_Engineering,313,no_lawful_text_retained,no_lawful_text_retained,
PMID:37459898,Physics_Engineering,314,no_lawful_text_retained,no_lawful_text_retained,
PMID:40187770,Physics_Engineering,315,no_deposit_named,no_deposit_named,
PMID:40701169,Physics_Engineering,316,no_lawful_text_retained,no_lawful_text_retained,
PMID:34708923,Physics_Engineering,317,no_deposit_named,no_deposit_named,
PMID:38381344,Physics_Engineering,318,no_lawful_text_retained,no_lawful_text_retained,
PMID:40040111,Physics_Engineering,319,no_lawful_text_retained,no_lawful_text_retained,
PMID:34185991,Physics_Engineering,320,no_lawful_text_retained,no_lawful_text_retained,
PMID:34612872,Physics_Engineering,321,no_lawful_text_retained,no_lawful_text_retained,
PMID:33833252,Physics_Engineering,322,author_request_only,author_request_only,
PMID:32160814,Physics_Engineering,323,no_lawful_text_retained,no_lawful_text_retained,
PMID:32925008,Physics_Engineering,324,no_lawful_text_retained,no_lawful_text_retained,
PMID:40390170,Physics_Engineering,325,no_lawful_text_retained,no_lawful_text_retained,
PMID:36112427,Physics_Engineering,326,no_lawful_text_retained,no_lawful_text_retained,
PMID:41161429,Physics_Engineering,327,no_lawful_text_retained,no_lawful_text_retained,
PMID:35438990,Physics_Engineering,328,no_lawful_text_retained,no_lawful_text_retained,
PMID:39433829,Physics_Engineering,329,author_request_only,author_request_only,
PMID:32394102,Physics_Engineering,330,no_lawful_text_retained,no_lawful_text_retained,
PMID:35729328,Physics_Engineering,331,no_lawful_text_retained,no_lawful_text_retained,
PMID:33393515,Physics_Engineering,332,no_lawful_text_retained,no_lawful_text_retained,
PMID:36213039,Physics_Engineering,333,no_deposit_named,no_deposit_named,
PMID:33672935,Physics_Engineering,334,no_deposit_named,no_deposit_named,
PMID:34143441,Physics_Engineering,335,no_lawful_text_retained,no_lawful_text_retained,
PMID:32423648,Physics_Engineering,336,no_lawful_text_retained,no_lawful_text_retained,
PMID:32504345,Physics_Engineering,337,no_lawful_text_retained,no_lawful_text_retained,
PMID:33382942,Physics_Engineering,338,no_deposit_named,no_deposit_named,
PMID:40858666,Physics_Engineering,339,author_request_only,author_request_only,
PMID:36563358,Physics_Engineering,340,no_lawful_text_retained,no_lawful_text_retained,
PMID:34172216,Physics_Engineering,341,no_lawful_text_retained,no_lawful_text_retained,
PMID:34028246,Physics_Engineering,342,no_deposit_named,no_deposit_named,
PMID:32271219,Physics_Engineering,343,no_lawful_text_retained,no_lawful_text_retained,
PMID:40363107,Physics_Engineering,344,author_request_only,author_request_only,
PMID:37256830,Physics_Engineering,345,no_deposit_named,no_deposit_named,
PMID:34592498,Physics_Engineering,346,no_lawful_text_retained,no_lawful_text_retained,
PMID:35751287,Physics_Engineering,347,no_lawful_text_retained,no_lawful_text_retained,
PMID:40424242,Physics_Engineering,348,no_deposit_named,no_deposit_named,
PMID:37703522,Physics_Engineering,349,no_lawful_text_retained,no_lawful_text_retained,
PMID:40719866,Physics_Engineering,350,no_lawful_text_retained,no_lawful_text_retained,
PMID:35630544,Physics_Engineering,351,no_deposit_named,no_deposit_named,
PMID:32232794,Physics_Engineering,352,no_lawful_text_retained,no_lawful_text_retained,
PMID:34882806,Physics_Engineering,353,no_lawful_text_retained,no_lawful_text_retained,
PMID:34069192,Physics_Engineering,354,author_request_only,author_request_only,
PMID:40996364,Physics_Engineering,355,author_request_only,author_request_only,
PMID:32225141,Physics_Engineering,356,no_lawful_text_retained,no_lawful_text_retained,
PMID:37074667,Physics_Engineering,357,no_lawful_text_retained,no_lawful_text_retained,
PMID:36888616,Physics_Engineering,358,no_deposit_named,no_deposit_named,
PMID:36470127,Physics_Engineering,359,no_deposit_named,no_deposit_named,
PMID:40615495,Physics_Engineering,360,author_request_only,author_request_only,
PMID:32519006,Physics_Engineering,361,no_lawful_text_retained,no_lawful_text_retained,
PMID:40644205,Physics_Engineering,362,no_lawful_text_retained,no_lawful_text_retained,
PMID:32715400,Physics_Engineering,363,supplement_only_unverified,supplement_only_unverified,
PMID:32091001,Physics_Engineering,364,no_lawful_text_retained,no_lawful_text_retained,
PMID:36934675,Physics_Engineering,365,application_required,application_required,
PMID:32881477,Physics_Engineering,366,no_lawful_text_retained,no_lawful_text_retained,
PMID:33093167,Physics_Engineering,367,no_lawful_text_retained,no_lawful_text_retained,
PMID:40234147,Physics_Engineering,368,no_lawful_text_retained,no_lawful_text_retained,
PMID:38802472,Physics_Engineering,369,supplement_only_unverified,supplement_only_unverified,
PMID:34595791,Physics_Engineering,370,no_deposit_named,no_deposit_named,
PMID:36640842,Physics_Engineering,371,no_lawful_text_retained,no_lawful_text_retained,
PMID:38851045,Physics_Engineering,372,no_lawful_text_retained,no_lawful_text_retained,
PMID:33730623,Physics_Engineering,373,no_lawful_text_retained,no_lawful_text_retained,
PMID:36759271,Physics_Engineering,374,no_lawful_text_retained,no_lawful_text_retained,
PMID:40040094,Physics_Engineering,375,no_lawful_text_retained,no_lawful_text_retained,
PMID:39018359,Physics_Engineering,376,open_route_named_pending_listing,,dryad:612jm64c2=anonymous_listing_with_sizes_within_caps
PMID:40270400,Physics_Engineering,377,no_lawful_text_retained,no_lawful_text_retained,
PMID:38551327,Physics_Engineering,378,no_lawful_text_retained,no_lawful_text_retained,
PMID:38884852,Physics_Engineering,379,no_lawful_text_retained,no_lawful_text_retained,
PMID:37426758,Physics_Engineering,380,open_route_named_pending_listing,code_only_deposit,zenodo:7906713=every_listed_file_is_implementation_material
PMID:36121200,Physics_Engineering,381,no_lawful_text_retained,no_lawful_text_retained,
PMID:40335461,Physics_Engineering,382,no_lawful_text_retained,no_lawful_text_retained,
PMID:41159368,Physics_Engineering,383,no_lawful_text_retained,no_lawful_text_retained,
PMID:40903498,Physics_Engineering,384,open_route_named_pending_listing,,zenodo:16287552=every_listed_file_is_implementation_material; zenodo:15866525=anonymous_listing_with_sizes_within_caps; zenodo:8341299=every_listed_file_is_implementation_material
PMID:36571837,Physics_Engineering,385,no_lawful_text_retained,no_lawful_text_retained,
PMID:36494351,Physics_Engineering,386,supplement_only_unverified,supplement_only_unverified,
PMID:37702529,Physics_Engineering,387,no_lawful_text_retained,no_lawful_text_retained,
PMID:32222219,Physics_Engineering,388,no_lawful_text_retained,no_lawful_text_retained,
PMID:37536316,Physics_Engineering,389,no_lawful_text_retained,no_lawful_text_retained,
PMID:32791415,Physics_Engineering,390,no_lawful_text_retained,no_lawful_text_retained,
PMID:33807789,Physics_Engineering,391,no_deposit_named,no_deposit_named,
PMID:32916351,Physics_Engineering,392,no_lawful_text_retained,no_lawful_text_retained,
PMID:34239931,Physics_Engineering,393,no_deposit_named,no_deposit_named,
PMID:35482309,Physics_Engineering,394,no_deposit_named,no_deposit_named,
PMID:37735143,Physics_Engineering,395,no_lawful_text_retained,no_lawful_text_retained,
PMID:32449705,Physics_Engineering,396,no_lawful_text_retained,no_lawful_text_retained,
PMID:33660460,Physics_Engineering,397,no_deposit_named,no_deposit_named,
PMID:36719561,Physics_Engineering,398,supplement_only_unverified,supplement_only_unverified,
PMID:37844100,Physics_Engineering,399,no_deposit_named,no_deposit_named,
PMID:39333142,Physics_Engineering,400,author_request_only,author_request_only,
PMID:39369195,Physics_Engineering,401,author_request_only,author_request_only,
PMID:32659659,Physics_Engineering,402,no_lawful_text_retained,no_lawful_text_retained,
PMID:40632332,Physics_Engineering,403,author_request_only,author_request_only,
PMID:34836975,Physics_Engineering,404,supplement_only_unverified,supplement_only_unverified,
PMID:38912214,Physics_Engineering,405,author_request_only,author_request_only,
PMID:38637949,Physics_Engineering,406,no_lawful_text_retained,no_lawful_text_retained,
PMID:35294716,Physics_Engineering,407,author_request_only,author_request_only,
PMID:36268675,Physics_Engineering,408,no_lawful_text_retained,no_lawful_text_retained,
PMID:35591145,Physics_Engineering,409,no_deposit_named,no_deposit_named,
PMID:33199224,Physics_Engineering,410,no_lawful_text_retained,no_lawful_text_retained,
PMID:40554000,Physics_Engineering,411,no_lawful_text_retained,no_lawful_text_retained,
PMID:36036765,Physics_Engineering,412,no_lawful_text_retained,no_lawful_text_retained,
PMID:36401988,Physics_Engineering,413,no_lawful_text_retained,no_lawful_text_retained,
PMID:37318894,Physics_Engineering,414,no_lawful_text_retained,no_lawful_text_retained,
PMID:40441948,Physics_Engineering,415,no_lawful_text_retained,no_lawful_text_retained,
PMID:36899597,Physics_Engineering,416,no_lawful_text_retained,no_lawful_text_retained,
PMID:41271712,Physics_Engineering,417,author_request_only,author_request_only,
PMID:36849611,Physics_Engineering,418,author_request_only,author_request_only,
PMID:41652685,Physics_Engineering,419,no_lawful_text_retained,no_lawful_text_retained,
PMID:34260353,Physics_Engineering,420,no_lawful_text_retained,no_lawful_text_retained,
PMID:32807877,Physics_Engineering,421,no_lawful_text_retained,no_lawful_text_retained,
PMID:36176108,Physics_Engineering,422,no_lawful_text_retained,no_lawful_text_retained,
PMID:36433600,Physics_Engineering,423,no_deposit_named,no_deposit_named,
PMID:35755739,Physics_Engineering,424,no_deposit_named,no_deposit_named,
PMID:40462021,Physics_Engineering,425,supplement_only_unverified,supplement_only_unverified,
PMID:39436588,Physics_Engineering,426,no_lawful_text_retained,no_lawful_text_retained,
PMID:38009467,Physics_Engineering,427,no_lawful_text_retained,no_lawful_text_retained,
PMID:40925121,Physics_Engineering,428,no_lawful_text_retained,no_lawful_text_retained,
PMID:40624172,Physics_Engineering,429,author_request_only,author_request_only,
PMID:41027259,Physics_Engineering,430,no_lawful_text_retained,no_lawful_text_retained,
PMID:37447637,Physics_Engineering,431,no_deposit_named,no_deposit_named,
PMID:36298118,Physics_Engineering,432,no_deposit_named,no_deposit_named,
PMID:33498106,Physics_Engineering,433,no_lawful_text_retained,no_lawful_text_retained,
PMID:40651767,Physics_Engineering,434,no_lawful_text_retained,no_lawful_text_retained,
PMID:33129743,Physics_Engineering,435,no_lawful_text_retained,no_lawful_text_retained,
PMID:32746321,Physics_Engineering,436,no_lawful_text_retained,no_lawful_text_retained,
PMID:40441174,Physics_Engineering,437,no_lawful_text_retained,no_lawful_text_retained,
PMID:33128649,Physics_Engineering,438,no_lawful_text_retained,no_lawful_text_retained,
PMID:35871501,Physics_Engineering,439,no_lawful_text_retained,no_lawful_text_retained,
PMID:37519215,Physics_Engineering,440,code_only_deposit,code_only_deposit,
PMID:37997246,Physics_Engineering,441,no_lawful_text_retained,no_lawful_text_retained,
PMID:34215132,Physics_Engineering,442,no_lawful_text_retained,no_lawful_text_retained,
PMID:33080714,Physics_Engineering,443,supplement_only_unverified,supplement_only_unverified,
PMID:33775546,Physics_Engineering,444,no_deposit_named,no_deposit_named,
PMID:36383843,Physics_Engineering,445,no_lawful_text_retained,no_lawful_text_retained,
PMID:38436149,Physics_Engineering,446,no_lawful_text_retained,no_lawful_text_retained,
PMID:36587647,Physics_Engineering,447,no_lawful_text_retained,no_lawful_text_retained,
PMID:40960150,Physics_Engineering,448,author_request_only,author_request_only,
PMID:32204386,Physics_Engineering,449,no_deposit_named,no_deposit_named,
PMID:39756083,Physics_Engineering,450,no_lawful_text_retained,no_lawful_text_retained,
PMID:32070624,Physics_Engineering,451,no_lawful_text_retained,no_lawful_text_retained,
PMID:35705072,Physics_Engineering,452,no_lawful_text_retained,no_lawful_text_retained,
PMID:40581521,Physics_Engineering,453,no_lawful_text_retained,no_lawful_text_retained,
PMID:35694850,Physics_Engineering,454,no_lawful_text_retained,no_lawful_text_retained,
PMID:34241471,Physics_Engineering,455,no_lawful_text_retained,no_lawful_text_retained,
PMID:40446719,Physics_Engineering,456,no_lawful_text_retained,no_lawful_text_retained,
PMID:34246973,Physics_Engineering,457,no_lawful_text_retained,no_lawful_text_retained,
PMID:33685593,Physics_Engineering,458,no_lawful_text_retained,no_lawful_text_retained,
PMID:40451663,Physics_Engineering,459,no_lawful_text_retained,no_lawful_text_retained,
PMID:39537077,Physics_Engineering,460,no_lawful_text_retained,no_lawful_text_retained,
PMID:38687467,Physics_Engineering,461,no_lawful_text_retained,no_lawful_text_retained,
PMID:35897996,Physics_Engineering,462,no_deposit_named,no_deposit_named,
PMID:41219609,Physics_Engineering,463,no_lawful_text_retained,no_lawful_text_retained,
PMID:35218549,Physics_Engineering,464,no_lawful_text_retained,no_lawful_text_retained,
PMID:35762802,Physics_Engineering,465,no_lawful_text_retained,no_lawful_text_retained,
PMID:36086262,Physics_Engineering,466,no_lawful_text_retained,no_lawful_text_retained,
PMID:41351182,Physics_Engineering,467,author_request_only,author_request_only,
PMID:39302784,Physics_Engineering,468,no_lawful_text_retained,no_lawful_text_retained,
PMID:41130256,Physics_Engineering,469,no_lawful_text_retained,no_lawful_text_retained,
PMID:40726067,Physics_Engineering,470,no_deposit_named,no_deposit_named,
PMID:37480787,Physics_Engineering,471,no_lawful_text_retained,no_lawful_text_retained,
PMID:36236831,Physics_Engineering,472,no_lawful_text_retained,no_lawful_text_retained,
PMID:34606906,Physics_Engineering,473,no_lawful_text_retained,no_lawful_text_retained,
PMID:38728424,Physics_Engineering,474,no_lawful_text_retained,no_lawful_text_retained,
PMID:35170258,Physics_Engineering,475,author_request_only,author_request_only,
PMID:41207468,Physics_Engineering,476,no_lawful_text_retained,no_lawful_text_retained,
PMID:36493448,Physics_Engineering,477,no_lawful_text_retained,no_lawful_text_retained,
PMID:40947078,Physics_Engineering,478,no_lawful_text_retained,no_lawful_text_retained,
PMID:37047813,Physics_Engineering,479,no_deposit_named,no_deposit_named,
PMID:40583286,Physics_Engineering,480,no_deposit_named,no_deposit_named,
PMID:39489204,Physics_Engineering,481,no_lawful_text_retained,no_lawful_text_retained,
PMID:35951545,Physics_Engineering,482,no_lawful_text_retained,no_lawful_text_retained,
PMID:36562198,Physics_Engineering,483,no_lawful_text_retained,no_lawful_text_retained,
PMID:41299071,Physics_Engineering,484,author_request_only,author_request_only,
PMID:35940717,Physics_Engineering,485,no_lawful_text_retained,no_lawful_text_retained,
PMID:41392149,Physics_Engineering,486,supplement_only_unverified,supplement_only_unverified,
PMID:32500146,Physics_Engineering,487,no_lawful_text_retained,no_lawful_text_retained,
PMID:38498747,Physics_Engineering,488,no_lawful_text_retained,no_lawful_text_retained,
PMID:36772640,Physics_Engineering,489,code_only_deposit,code_only_deposit,
PMID:37424221,Physics_Engineering,490,no_lawful_text_retained,no_lawful_text_retained,
PMID:35983612,Physics_Engineering,491,no_lawful_text_retained,no_lawful_text_retained,
PMID:34889672,Physics_Engineering,492,no_lawful_text_retained,no_lawful_text_retained,
PMID:36316403,Physics_Engineering,493,no_lawful_text_retained,no_lawful_text_retained,
PMID:33444268,Physics_Engineering,494,no_lawful_text_retained,no_lawful_text_retained,
PMID:39571016,Physics_Engineering,495,no_lawful_text_retained,no_lawful_text_retained,
PMID:32191894,Physics_Engineering,496,no_lawful_text_retained,no_lawful_text_retained,
PMID:36141675,Physics_Engineering,497,author_request_only,author_request_only,
PMID:39663281,Physics_Engineering,498,code_only_deposit,code_only_deposit,
PMID:37332060,Physics_Engineering,499,author_request_only,author_request_only,
PMID:40719971,Physics_Engineering,500,no_lawful_text_retained,no_lawful_text_retained,
PMID:36672153,Physics_Engineering,501,no_deposit_named,no_deposit_named,
PMID:40780508,Physics_Engineering,502,no_lawful_text_retained,no_lawful_text_retained,
PMID:32852711,Physics_Engineering,503,author_request_only,author_request_only,
PMID:35841056,Physics_Engineering,504,supplement_only_unverified,supplement_only_unverified,
PMID:40460508,Physics_Engineering,505,no_lawful_text_retained,no_lawful_text_retained,
PMID:36307233,Physics_Engineering,506,no_lawful_text_retained,no_lawful_text_retained,
PMID:33730569,Physics_Engineering,507,no_lawful_text_retained,no_lawful_text_retained,
PMID:40619616,Physics_Engineering,508,no_lawful_text_retained,no_lawful_text_retained,
PMID:40935304,Physics_Engineering,509,no_lawful_text_retained,no_lawful_text_retained,
PMID:36054551,Physics_Engineering,510,author_request_only,author_request_only,
PMID:38584207,Physics_Engineering,511,no_lawful_text_retained,no_lawful_text_retained,
PMID:36106571,Physics_Engineering,512,no_lawful_text_retained,no_lawful_text_retained,
PMID:40747716,Physics_Engineering,513,no_lawful_text_retained,no_lawful_text_retained,
PMID:40924530,Physics_Engineering,514,no_lawful_text_retained,no_lawful_text_retained,
PMID:37187132,Physics_Engineering,515,no_lawful_text_retained,no_lawful_text_retained,
PMID:35303027,Physics_Engineering,516,no_deposit_named,no_deposit_named,
PMID:40774873,Physics_Engineering,517,no_lawful_text_retained,no_lawful_text_retained,
PMID:37783073,Physics_Engineering,518,no_lawful_text_retained,no_lawful_text_retained,
PMID:32283902,Physics_Engineering,519,no_deposit_named,no_deposit_named,
PMID:36482708,Physics_Engineering,520,no_deposit_named,no_deposit_named,
PMID:34155926,Physics_Engineering,521,no_lawful_text_retained,no_lawful_text_retained,
PMID:41105150,Physics_Engineering,522,no_lawful_text_retained,no_lawful_text_retained,
PMID:40294481,Physics_Engineering,523,no_lawful_text_retained,no_lawful_text_retained,
PMID:33648174,Physics_Engineering,524,no_lawful_text_retained,no_lawful_text_retained,
PMID:32621827,Physics_Engineering,525,no_lawful_text_retained,no_lawful_text_retained,
PMID:34833707,Physics_Engineering,526,no_deposit_named,no_deposit_named,
PMID:40401554,Physics_Engineering,527,code_only_deposit,code_only_deposit,
PMID:32738529,Physics_Engineering,528,no_lawful_text_retained,no_lawful_text_retained,
PMID:36106725,Physics_Engineering,529,no_lawful_text_retained,no_lawful_text_retained,
PMID:35580580,Physics_Engineering,530,no_lawful_text_retained,no_lawful_text_retained,
PMID:41024592,Physics_Engineering,531,no_lawful_text_retained,no_lawful_text_retained,
PMID:33104327,Physics_Engineering,532,no_lawful_text_retained,no_lawful_text_retained,
PMID:32602431,Physics_Engineering,533,no_lawful_text_retained,no_lawful_text_retained,
PMID:36790819,Physics_Engineering,534,no_deposit_named,no_deposit_named,
PMID:33942840,Physics_Engineering,535,no_lawful_text_retained,no_lawful_text_retained,
PMID:34891301,Physics_Engineering,536,no_lawful_text_retained,no_lawful_text_retained,
PMID:35778196,Physics_Engineering,537,no_lawful_text_retained,no_lawful_text_retained,
PMID:37036165,Physics_Engineering,538,no_lawful_text_retained,no_lawful_text_retained,
PMID:40651115,Physics_Engineering,539,no_lawful_text_retained,no_lawful_text_retained,
PMID:35976573,Physics_Engineering,540,no_lawful_text_retained,no_lawful_text_retained,
PMID:37350041,Physics_Engineering,541,no_lawful_text_retained,no_lawful_text_retained,
PMID:38718973,Physics_Engineering,542,no_lawful_text_retained,no_lawful_text_retained,
PMID:35742461,Physics_Engineering,543,supplement_only_unverified,supplement_only_unverified,
PMID:40554975,Physics_Engineering,544,no_lawful_text_retained,no_lawful_text_retained,
PMID:36581646,Physics_Engineering,545,supplement_only_unverified,supplement_only_unverified,
PMID:32636258,Physics_Engineering,546,no_lawful_text_retained,no_lawful_text_retained,
PMID:38823884,Physics_Engineering,547,no_lawful_text_retained,no_lawful_text_retained,
PMID:39503882,Physics_Engineering,548,no_lawful_text_retained,no_lawful_text_retained,
PMID:41336606,Physics_Engineering,549,no_lawful_text_retained,no_lawful_text_retained,
PMID:40369496,Physics_Engineering,550,supplement_only_unverified,supplement_only_unverified,
PMID:34948883,Physics_Engineering,551,no_deposit_named,no_deposit_named,
PMID:34241474,Physics_Engineering,552,no_lawful_text_retained,no_lawful_text_retained,
PMID:36854992,Physics_Engineering,553,supplement_only_unverified,supplement_only_unverified,
PMID:34542534,Physics_Engineering,554,no_lawful_text_retained,no_lawful_text_retained,
PMID:38117429,Physics_Engineering,555,no_lawful_text_retained,no_lawful_text_retained,
PMID:40378764,Physics_Engineering,556,no_lawful_text_retained,no_lawful_text_retained,
PMID:36725540,Physics_Engineering,557,no_lawful_text_retained,no_lawful_text_retained,
PMID:32237258,Physics_Engineering,558,no_lawful_text_retained,no_lawful_text_retained,
PMID:33217251,Physics_Engineering,559,no_lawful_text_retained,no_lawful_text_retained,
PMID:38759114,Physics_Engineering,560,code_only_deposit,code_only_deposit,
PMID:32169362,Physics_Engineering,561,no_lawful_text_retained,no_lawful_text_retained,
PMID:41093966,Physics_Engineering,562,open_route_named_pending_listing,,dataverse:FHOO0Q=anonymous_listing_with_sizes_within_caps
PMID:40732499,Physics_Engineering,563,author_request_only,author_request_only,
PMID:39123822,Physics_Engineering,564,supplement_only_unverified,supplement_only_unverified,
PMID:37913567,Physics_Engineering,565,no_lawful_text_retained,no_lawful_text_retained,
PMID:39680489,Physics_Engineering,566,open_route_named_pending_listing,,osf:594jq=anonymous_listing_with_sizes_within_caps
PMID:40444435,Physics_Engineering,567,no_lawful_text_retained,no_lawful_text_retained,
PMID:39529403,Physics_Engineering,568,no_lawful_text_retained,no_lawful_text_retained,
PMID:33896320,Physics_Engineering,569,no_deposit_named,no_deposit_named,
PMID:34825481,Physics_Engineering,570,no_lawful_text_retained,no_lawful_text_retained,
PMID:40674412,Physics_Engineering,571,author_request_only,author_request_only,
PMID:35545019,Physics_Engineering,572,no_lawful_text_retained,no_lawful_text_retained,
PMID:40754681,Physics_Engineering,573,no_lawful_text_retained,no_lawful_text_retained,
PMID:35890767,Physics_Engineering,574,no_deposit_named,no_deposit_named,
PMID:35209226,Physics_Engineering,575,no_deposit_named,no_deposit_named,
PMID:35334382,Physics_Engineering,576,no_lawful_text_retained,no_lawful_text_retained,
PMID:38975766,Physics_Engineering,577,no_lawful_text_retained,no_lawful_text_retained,
PMID:32802031,Physics_Engineering,578,no_deposit_named,no_deposit_named,
PMID:37804745,Physics_Engineering,579,no_lawful_text_retained,no_lawful_text_retained,
PMID:39226373,Physics_Engineering,580,no_deposit_named,no_deposit_named,
PMID:34418205,Physics_Engineering,581,no_lawful_text_retained,no_lawful_text_retained,
PMID:33819698,Physics_Engineering,582,no_lawful_text_retained,no_lawful_text_retained,
PMID:37787542,Physics_Engineering,583,no_lawful_text_retained,no_lawful_text_retained,
PMID:35174703,Physics_Engineering,584,no_lawful_text_retained,no_lawful_text_retained,
PMID:32511790,Physics_Engineering,585,no_lawful_text_retained,no_lawful_text_retained,
PMID:36099276,Physics_Engineering,586,no_deposit_named,no_deposit_named,
PMID:40668695,Physics_Engineering,587,no_lawful_text_retained,no_lawful_text_retained,
PMID:38376739,Physics_Engineering,588,supplement_only_unverified,supplement_only_unverified,
PMID:34453067,Physics_Engineering,589,supplement_only_unverified,supplement_only_unverified,
PMID:32248134,Physics_Engineering,590,no_lawful_text_retained,no_lawful_text_retained,
PMID:33975082,Physics_Engineering,591,no_lawful_text_retained,no_lawful_text_retained,
PMID:41388109,Physics_Engineering,592,no_lawful_text_retained,no_lawful_text_retained,
PMID:41310660,Physics_Engineering,593,author_request_only,author_request_only,
PMID:37955514,Physics_Engineering,594,no_lawful_text_retained,no_lawful_text_retained,
PMID:38923373,Physics_Engineering,595,no_lawful_text_retained,no_lawful_text_retained,
PMID:38594600,Physics_Engineering,596,no_lawful_text_retained,no_lawful_text_retained,
PMID:35872224,Physics_Engineering,597,no_lawful_text_retained,no_lawful_text_retained,
PMID:40348989,Physics_Engineering,598,author_request_only,author_request_only,
PMID:35310185,Physics_Engineering,599,no_deposit_named,no_deposit_named,
PMID:37450732,Physics_Engineering,600,no_lawful_text_retained,no_lawful_text_retained,
PMID:35817122,Physics_Engineering,601,no_lawful_text_retained,no_lawful_text_retained,
PMID:35976837,Physics_Engineering,602,no_lawful_text_retained,no_lawful_text_retained,
PMID:39056155,Physics_Engineering,603,no_lawful_text_retained,no_lawful_text_retained,
PMID:33709454,Physics_Engineering,604,no_lawful_text_retained,no_lawful_text_retained,
PMID:37310559,Physics_Engineering,605,no_lawful_text_retained,no_lawful_text_retained,
PMID:36171213,Physics_Engineering,606,supplement_only_unverified,supplement_only_unverified,
PMID:40132047,Physics_Engineering,607,code_only_deposit,code_only_deposit,
PMID:34874386,Physics_Engineering,608,no_lawful_text_retained,no_lawful_text_retained,
PMID:34329150,Physics_Engineering,609,no_lawful_text_retained,no_lawful_text_retained,
PMID:36201184,Physics_Engineering,610,no_lawful_text_retained,no_lawful_text_retained,
PMID:32200920,Physics_Engineering,611,no_lawful_text_retained,no_lawful_text_retained,
PMID:37402207,Physics_Engineering,612,open_route_named_pending_listing,code_only_deposit,zenodo:2533369=every_listed_file_is_implementation_material
PMID:40571576,Physics_Engineering,613,no_deposit_named,no_deposit_named,
PMID:32359334,Physics_Engineering,614,no_lawful_text_retained,no_lawful_text_retained,
PMID:37930426,Physics_Engineering,615,no_lawful_text_retained,no_lawful_text_retained,
PMID:36857727,Physics_Engineering,616,no_lawful_text_retained,no_lawful_text_retained,
PMID:37395015,Physics_Engineering,617,no_lawful_text_retained,no_lawful_text_retained,
PMID:41516601,Physics_Engineering,618,author_request_only,author_request_only,
PMID:39154301,Physics_Engineering,619,no_lawful_text_retained,no_lawful_text_retained,
PMID:38630223,Physics_Engineering,620,no_lawful_text_retained,no_lawful_text_retained,
PMID:40522083,Physics_Engineering,621,open_route_named_pending_listing,above_cap,dryad:1vhhmgr1z=announced_sizes_exceed_amendment_caps
PMID:32348292,Physics_Engineering,622,no_deposit_named,no_deposit_named,
PMID:32919545,Physics_Engineering,623,no_lawful_text_retained,no_lawful_text_retained,
PMID:39529038,Physics_Engineering,624,author_request_only,author_request_only,
PMID:38082615,Physics_Engineering,625,no_lawful_text_retained,no_lawful_text_retained,
PMID:35194623,Physics_Engineering,626,no_lawful_text_retained,no_lawful_text_retained,
PMID:32100177,Physics_Engineering,627,supplement_only_unverified,supplement_only_unverified,
PMID:35612008,Physics_Engineering,628,no_lawful_text_retained,no_lawful_text_retained,
PMID:35440603,Physics_Engineering,629,supplement_only_unverified,supplement_only_unverified,
PMID:33017997,Physics_Engineering,630,no_lawful_text_retained,no_lawful_text_retained,
PMID:40588105,Physics_Engineering,631,no_lawful_text_retained,no_lawful_text_retained,
PMID:37845232,Physics_Engineering,632,code_only_deposit,code_only_deposit,
PMID:37178688,Physics_Engineering,633,no_lawful_text_retained,no_lawful_text_retained,
PMID:38083181,Physics_Engineering,634,no_lawful_text_retained,no_lawful_text_retained,
PMID:39379451,Physics_Engineering,635,application_required,application_required,
PMID:39079378,Physics_Engineering,636,no_lawful_text_retained,no_lawful_text_retained,
PMID:41443530,Physics_Engineering,637,no_lawful_text_retained,no_lawful_text_retained,
PMID:39425691,Physics_Engineering,638,no_deposit_named,no_deposit_named,
PMID:37998126,Physics_Engineering,639,author_request_only,author_request_only,
PMID:39401234,Physics_Engineering,640,no_deposit_named,no_deposit_named,
PMID:40604274,Physics_Engineering,641,open_route_named_pending_listing,,dryad:t1g1jwsxw=anonymous_listing_with_sizes_within_caps
PMID:32776518,Physics_Engineering,642,no_lawful_text_retained,no_lawful_text_retained,
PMID:38413654,Physics_Engineering,643,author_request_only,author_request_only,
PMID:37703884,Physics_Engineering,644,no_lawful_text_retained,no_lawful_text_retained,
PMID:37337069,Physics_Engineering,645,open_route_named_pending_listing,,figshare:22700377=anonymous_listing_with_sizes_within_caps
PMID:33003536,Physics_Engineering,646,no_deposit_named,no_deposit_named,
PMID:33478693,Physics_Engineering,647,no_lawful_text_retained,no_lawful_text_retained,
PMID:33885696,Physics_Engineering,648,no_lawful_text_retained,no_lawful_text_retained,
PMID:32597204,Physics_Engineering,649,no_lawful_text_retained,no_lawful_text_retained,
PMID:41066652,Physics_Engineering,650,no_lawful_text_retained,no_lawful_text_retained,
PMID:37079748,Physics_Engineering,651,no_lawful_text_retained,no_lawful_text_retained,
PMID:38755496,Physics_Engineering,652,supplement_only_unverified,supplement_only_unverified,
PMID:36806630,Physics_Engineering,653,no_lawful_text_retained,no_lawful_text_retained,
PMID:35991147,Physics_Engineering,654,no_deposit_named,no_deposit_named,
PMID:35355201,Physics_Engineering,655,no_lawful_text_retained,no_lawful_text_retained,
PMID:38396060,Physics_Engineering,656,author_request_only,author_request_only,
PMID:32959956,Physics_Engineering,657,no_deposit_named,no_deposit_named,
PMID:40304912,Physics_Engineering,658,no_lawful_text_retained,no_lawful_text_retained,
PMID:37919887,Physics_Engineering,659,no_deposit_named,no_deposit_named,
PMID:33803770,Physics_Engineering,660,no_deposit_named,no_deposit_named,
PMID:39266331,Physics_Engineering,661,no_lawful_text_retained,no_lawful_text_retained,
PMID:38693333,Physics_Engineering,662,no_lawful_text_retained,no_lawful_text_retained,
PMID:35583143,Physics_Engineering,663,no_lawful_text_retained,no_lawful_text_retained,
PMID:39278576,Physics_Engineering,664,no_lawful_text_retained,no_lawful_text_retained,
PMID:40413838,Physics_Engineering,665,no_lawful_text_retained,no_lawful_text_retained,
PMID:35851843,Physics_Engineering,666,no_lawful_text_retained,no_lawful_text_retained,
PMID:39936825,Physics_Engineering,667,no_lawful_text_retained,no_lawful_text_retained,
PMID:35373857,Physics_Engineering,668,no_lawful_text_retained,no_lawful_text_retained,
PMID:32341543,Physics_Engineering,669,no_lawful_text_retained,no_lawful_text_retained,
PMID:34022787,Physics_Engineering,670,code_only_deposit,code_only_deposit,
PMID:35496048,Physics_Engineering,671,no_deposit_named,no_deposit_named,
PMID:37382230,Physics_Engineering,672,no_lawful_text_retained,no_lawful_text_retained,
PMID:41330392,Physics_Engineering,673,no_lawful_text_retained,no_lawful_text_retained,
PMID:34416444,Physics_Engineering,674,no_lawful_text_retained,no_lawful_text_retained,
PMID:34770485,Physics_Engineering,675,no_deposit_named,no_deposit_named,
PMID:40801189,Physics_Engineering,676,no_lawful_text_retained,no_lawful_text_retained,
PMID:39743133,Physics_Engineering,677,no_lawful_text_retained,no_lawful_text_retained,
PMID:38685793,Physics_Engineering,678,no_lawful_text_retained,no_lawful_text_retained,
PMID:38502613,Physics_Engineering,679,no_lawful_text_retained,no_lawful_text_retained,
PMID:41726495,Physics_Engineering,680,no_lawful_text_retained,no_lawful_text_retained,
PMID:39383691,Physics_Engineering,681,no_lawful_text_retained,no_lawful_text_retained,
PMID:41335979,Physics_Engineering,682,no_lawful_text_retained,no_lawful_text_retained,
PMID:40681721,Physics_Engineering,683,author_request_only,author_request_only,
PMID:37595081,Physics_Engineering,684,no_lawful_text_retained,no_lawful_text_retained,
PMID:36788742,Physics_Engineering,685,no_lawful_text_retained,no_lawful_text_retained,
PMID:34344490,Physics_Engineering,686,author_request_only,author_request_only,
PMID:40874348,Physics_Engineering,687,no_deposit_named,no_deposit_named,
PMID:37748017,Physics_Engineering,688,no_lawful_text_retained,no_lawful_text_retained,
PMID:33043542,Physics_Engineering,689,no_lawful_text_retained,no_lawful_text_retained,
PMID:37737694,Physics_Engineering,690,no_lawful_text_retained,no_lawful_text_retained,
PMID:40267323,Physics_Engineering,691,no_lawful_text_retained,no_lawful_text_retained,
PMID:34891495,Physics_Engineering,692,no_lawful_text_retained,no_lawful_text_retained,
PMID:35436184,Physics_Engineering,693,no_lawful_text_retained,no_lawful_text_retained,
PMID:40597561,Physics_Engineering,694,no_lawful_text_retained,no_lawful_text_retained,
PMID:39581125,Physics_Engineering,695,no_lawful_text_retained,no_lawful_text_retained,
PMID:39577097,Physics_Engineering,696,no_lawful_text_retained,no_lawful_text_retained,
PMID:41201739,Physics_Engineering,697,no_lawful_text_retained,no_lawful_text_retained,
PMID:35387621,Physics_Engineering,698,author_request_only,author_request_only,
PMID:40644086,Physics_Engineering,699,no_lawful_text_retained,no_lawful_text_retained,
PMID:34235223,Physics_Engineering,700,supplement_only_unverified,supplement_only_unverified,
PMID:37792541,Physics_Engineering,701,no_lawful_text_retained,no_lawful_text_retained,
PMID:36086667,Physics_Engineering,702,no_lawful_text_retained,no_lawful_text_retained,
PMID:37005598,Physics_Engineering,703,author_request_only,author_request_only,
PMID:38844072,Physics_Engineering,704,no_lawful_text_retained,no_lawful_text_retained,
PMID:33516949,Physics_Engineering,705,no_lawful_text_retained,no_lawful_text_retained,
PMID:41071486,Physics_Engineering,706,no_lawful_text_retained,no_lawful_text_retained,
PMID:35882107,Physics_Engineering,707,no_lawful_text_retained,no_lawful_text_retained,
PMID:38485754,Physics_Engineering,708,no_lawful_text_retained,no_lawful_text_retained,
PMID:34056850,Physics_Engineering,709,author_request_only,author_request_only,
PMID:38653343,Physics_Engineering,710,no_lawful_text_retained,no_lawful_text_retained,
PMID:32840869,Physics_Engineering,711,no_lawful_text_retained,no_lawful_text_retained,
PMID:38478076,Physics_Engineering,712,no_lawful_text_retained,no_lawful_text_retained,
PMID:41075650,Physics_Engineering,713,no_lawful_text_retained,no_lawful_text_retained,
PMID:40864724,Physics_Engineering,714,no_deposit_named,no_deposit_named,
PMID:39018376,Physics_Engineering,715,no_lawful_text_retained,no_lawful_text_retained,
PMID:36170279,Physics_Engineering,716,no_deposit_named,no_deposit_named,
PMID:35244446,Physics_Engineering,717,no_lawful_text_retained,no_lawful_text_retained,
PMID:40402348,Physics_Engineering,718,no_lawful_text_retained,no_lawful_text_retained,
PMID:40665857,Physics_Engineering,719,no_deposit_named,no_deposit_named,
PMID:37186378,Physics_Engineering,720,no_deposit_named,no_deposit_named,
PMID:34419590,Physics_Engineering,721,no_lawful_text_retained,no_lawful_text_retained,
PMID:39474363,Physics_Engineering,722,author_request_only,author_request_only,
PMID:40991459,Physics_Engineering,723,no_lawful_text_retained,no_lawful_text_retained,
PMID:37288577,Physics_Engineering,724,no_lawful_text_retained,no_lawful_text_retained,
PMID:38693352,Physics_Engineering,725,author_request_only,author_request_only,
PMID:32870799,Physics_Engineering,726,no_deposit_named,no_deposit_named,
PMID:35236862,Physics_Engineering,727,author_request_only,author_request_only,
PMID:36495487,Physics_Engineering,728,no_lawful_text_retained,no_lawful_text_retained,
PMID:38980625,Physics_Engineering,729,open_route_named_pending_listing,listing_unavailable,mendeley:fycj3648bh.1=listing_not_machine_readable
PMID:40039060,Physics_Engineering,730,no_lawful_text_retained,no_lawful_text_retained,
PMID:39017672,Physics_Engineering,731,no_lawful_text_retained,no_lawful_text_retained,
PMID:38438336,Physics_Engineering,732,no_lawful_text_retained,no_lawful_text_retained,
PMID:33179969,Physics_Engineering,733,no_lawful_text_retained,no_lawful_text_retained,
PMID:40540366,Physics_Engineering,734,no_lawful_text_retained,no_lawful_text_retained,
PMID:37820003,Physics_Engineering,735,no_lawful_text_retained,no_lawful_text_retained,
PMID:33706178,Physics_Engineering,736,no_lawful_text_retained,no_lawful_text_retained,
PMID:32111697,Physics_Engineering,737,no_lawful_text_retained,no_lawful_text_retained,
PMID:35920467,Physics_Engineering,738,no_deposit_named,no_deposit_named,
PMID:39004882,Physics_Engineering,739,no_deposit_named,no_deposit_named,
PMID:35829696,Physics_Engineering,740,no_lawful_text_retained,no_lawful_text_retained,
PMID:39299302,Physics_Engineering,741,no_lawful_text_retained,no_lawful_text_retained,
PMID:33098009,Physics_Engineering,742,no_lawful_text_retained,no_lawful_text_retained,
PMID:34876556,Physics_Engineering,743,author_request_only,author_request_only,
PMID:35366348,Physics_Engineering,744,no_lawful_text_retained,no_lawful_text_retained,
PMID:34360798,Physics_Engineering,745,no_deposit_named,no_deposit_named,
PMID:37204949,Physics_Engineering,746,no_lawful_text_retained,no_lawful_text_retained,
PMID:39088341,Physics_Engineering,747,no_lawful_text_retained,no_lawful_text_retained,
PMID:32148207,Physics_Engineering,748,no_lawful_text_retained,no_lawful_text_retained,
PMID:36617153,Physics_Engineering,749,author_request_only,author_request_only,
PMID:34502684,Physics_Engineering,750,no_deposit_named,no_deposit_named,
PMID:40039514,Physics_Engineering,751,no_lawful_text_retained,no_lawful_text_retained,
PMID:35884309,Physics_Engineering,752,author_request_only,author_request_only,
PMID:35486130,Physics_Engineering,753,supplement_only_unverified,supplement_only_unverified,
PMID:38448626,Physics_Engineering,754,no_lawful_text_retained,no_lawful_text_retained,
PMID:32720869,Physics_Engineering,755,no_lawful_text_retained,no_lawful_text_retained,
PMID:32747925,Physics_Engineering,756,no_lawful_text_retained,no_lawful_text_retained,
PMID:32611133,Physics_Engineering,757,no_lawful_text_retained,no_lawful_text_retained,
PMID:32893791,Physics_Engineering,758,no_lawful_text_retained,no_lawful_text_retained,
PMID:40526747,Physics_Engineering,759,no_deposit_named,no_deposit_named,
PMID:41318361,Physics_Engineering,760,no_lawful_text_retained,no_lawful_text_retained,
PMID:36904821,Physics_Engineering,761,author_request_only,author_request_only,
PMID:36538249,Physics_Engineering,762,no_lawful_text_retained,no_lawful_text_retained,
PMID:38624005,Physics_Engineering,763,no_lawful_text_retained,no_lawful_text_retained,
PMID:40539376,Physics_Engineering,764,no_deposit_named,no_deposit_named,
PMID:32657251,Physics_Engineering,765,no_deposit_named,no_deposit_named,
PMID:41094934,Physics_Engineering,766,no_deposit_named,no_deposit_named,
PMID:34610337,Physics_Engineering,767,no_lawful_text_retained,no_lawful_text_retained,
PMID:35364898,Physics_Engineering,768,no_lawful_text_retained,no_lawful_text_retained,
PMID:34892784,Physics_Engineering,769,no_lawful_text_retained,no_lawful_text_retained,
PMID:33960214,Physics_Engineering,770,no_lawful_text_retained,no_lawful_text_retained,
PMID:36423418,Physics_Engineering,771,no_lawful_text_retained,no_lawful_text_retained,
PMID:34139495,Physics_Engineering,772,no_lawful_text_retained,no_lawful_text_retained,
PMID:38626840,Physics_Engineering,773,no_lawful_text_retained,no_lawful_text_retained,
PMID:35590899,Physics_Engineering,774,no_deposit_named,no_deposit_named,
PMID:34702192,Physics_Engineering,775,supplement_only_unverified,supplement_only_unverified,
PMID:40145867,Physics_Engineering,776,no_lawful_text_retained,no_lawful_text_retained,
PMID:36580546,Physics_Engineering,777,no_lawful_text_retained,no_lawful_text_retained,
PMID:35614116,Physics_Engineering,778,supplement_only_unverified,supplement_only_unverified,
PMID:34847431,Physics_Engineering,779,no_lawful_text_retained,no_lawful_text_retained,
PMID:41240821,Physics_Engineering,780,no_lawful_text_retained,no_lawful_text_retained,
PMID:36129993,Physics_Engineering,781,no_lawful_text_retained,no_lawful_text_retained,
PMID:39672662,Physics_Engineering,782,no_lawful_text_retained,no_lawful_text_retained,
PMID:41076217,Physics_Engineering,783,no_lawful_text_retained,no_lawful_text_retained,
PMID:34785116,Physics_Engineering,784,no_lawful_text_retained,no_lawful_text_retained,
PMID:38670247,Physics_Engineering,785,no_deposit_named,no_deposit_named,
PMID:39285622,Physics_Engineering,786,code_only_deposit,code_only_deposit,
PMID:32752773,Physics_Engineering,787,no_lawful_text_retained,no_lawful_text_retained,
PMID:39172512,Physics_Engineering,788,no_deposit_named,no_deposit_named,
PMID:41336201,Physics_Engineering,789,no_lawful_text_retained,no_lawful_text_retained,
PMID:34673105,Physics_Engineering,790,no_lawful_text_retained,no_lawful_text_retained,
PMID:40039051,Physics_Engineering,791,no_lawful_text_retained,no_lawful_text_retained,
PMID:33274844,Physics_Engineering,792,no_lawful_text_retained,no_lawful_text_retained,
PMID:32732281,Physics_Engineering,793,no_lawful_text_retained,no_lawful_text_retained,
PMID:34570150,Physics_Engineering,794,no_lawful_text_retained,no_lawful_text_retained,
PMID:32634727,Physics_Engineering,795,no_lawful_text_retained,no_lawful_text_retained,
PMID:36236694,Physics_Engineering,796,no_deposit_named,no_deposit_named,
PMID:35913623,Physics_Engineering,797,no_lawful_text_retained,no_lawful_text_retained,
PMID:36455242,Physics_Engineering,798,no_lawful_text_retained,no_lawful_text_retained,
PMID:32317527,Physics_Engineering,799,no_lawful_text_retained,no_lawful_text_retained,
PMID:41052110,Physics_Engineering,800,no_deposit_named,no_deposit_named,
PMID:36867892,Physics_Engineering,801,no_lawful_text_retained,no_lawful_text_retained,
PMID:38767657,Physics_Engineering,802,no_lawful_text_retained,no_lawful_text_retained,
PMID:32479068,Physics_Engineering,803,no_lawful_text_retained,no_lawful_text_retained,
PMID:40280515,Physics_Engineering,804,no_lawful_text_retained,no_lawful_text_retained,
PMID:33303782,Physics_Engineering,805,code_only_deposit,code_only_deposit,
PMID:32470854,Physics_Engineering,806,no_lawful_text_retained,no_lawful_text_retained,
PMID:33158614,Physics_Engineering,807,no_lawful_text_retained,no_lawful_text_retained,
PMID:36468536,Physics_Engineering,808,application_required,application_required,
PMID:34481691,Physics_Engineering,809,no_lawful_text_retained,no_lawful_text_retained,
PMID:40926522,Physics_Engineering,810,no_deposit_named,no_deposit_named,
PMID:36443603,Physics_Engineering,811,no_lawful_text_retained,no_lawful_text_retained,
PMID:41137937,Physics_Engineering,812,supplement_only_unverified,supplement_only_unverified,
PMID:36906206,Physics_Engineering,813,no_lawful_text_retained,no_lawful_text_retained,
PMID:39182104,Physics_Engineering,814,supplement_only_unverified,supplement_only_unverified,
PMID:35819536,Physics_Engineering,815,no_lawful_text_retained,no_lawful_text_retained,
PMID:40738975,Physics_Engineering,816,no_lawful_text_retained,no_lawful_text_retained,
PMID:36595139,Physics_Engineering,817,no_lawful_text_retained,no_lawful_text_retained,
PMID:40708319,Physics_Engineering,818,author_request_only,author_request_only,
PMID:37836929,Physics_Engineering,819,no_deposit_named,no_deposit_named,
PMID:40113943,Physics_Engineering,820,author_request_only,author_request_only,
PMID:32149470,Physics_Engineering,821,no_lawful_text_retained,no_lawful_text_retained,
PMID:33221451,Physics_Engineering,822,no_lawful_text_retained,no_lawful_text_retained,
PMID:33080230,Physics_Engineering,823,no_lawful_text_retained,no_lawful_text_retained,
PMID:34960544,Physics_Engineering,824,code_only_deposit,code_only_deposit,
PMID:36916320,Physics_Engineering,825,no_lawful_text_retained,no_lawful_text_retained,
PMID:40700430,Physics_Engineering,826,no_deposit_named,no_deposit_named,
PMID:35751705,Physics_Engineering,827,no_lawful_text_retained,no_lawful_text_retained,
PMID:35619773,Physics_Engineering,828,no_deposit_named,no_deposit_named,
PMID:41248148,Physics_Engineering,829,no_deposit_named,no_deposit_named,
PMID:36068322,Physics_Engineering,830,author_request_only,author_request_only,
PMID:34284161,Physics_Engineering,831,no_lawful_text_retained,no_lawful_text_retained,
PMID:37299973,Physics_Engineering,832,no_deposit_named,no_deposit_named,
PMID:36801585,Physics_Engineering,833,no_lawful_text_retained,no_lawful_text_retained,
PMID:36535357,Physics_Engineering,834,no_lawful_text_retained,no_lawful_text_retained,
PMID:34489019,Physics_Engineering,835,no_lawful_text_retained,no_lawful_text_retained,
PMID:39085539,Physics_Engineering,836,author_request_only,author_request_only,
PMID:35922632,Physics_Engineering,837,no_lawful_text_retained,no_lawful_text_retained,
PMID:39462608,Physics_Engineering,838,no_lawful_text_retained,no_lawful_text_retained,
PMID:35882551,Physics_Engineering,839,no_lawful_text_retained,no_lawful_text_retained,
PMID:33895428,Physics_Engineering,840,no_lawful_text_retained,no_lawful_text_retained,
PMID:37267749,Physics_Engineering,841,no_lawful_text_retained,no_lawful_text_retained,
PMID:36410266,Physics_Engineering,842,no_lawful_text_retained,no_lawful_text_retained,
PMID:39243576,Physics_Engineering,843,no_lawful_text_retained,no_lawful_text_retained,
PMID:35800697,Physics_Engineering,844,author_request_only,author_request_only,
PMID:32924809,Physics_Engineering,845,no_deposit_named,no_deposit_named,
PMID:40210036,Physics_Engineering,846,no_lawful_text_retained,no_lawful_text_retained,
PMID:36747228,Physics_Engineering,847,author_request_only,author_request_only,
PMID:40862976,Physics_Engineering,848,no_deposit_named,no_deposit_named,
PMID:32947837,Physics_Engineering,849,no_deposit_named,no_deposit_named,
PMID:39120868,Physics_Engineering,850,no_lawful_text_retained,no_lawful_text_retained,
PMID:35972352,Physics_Engineering,851,code_only_deposit,code_only_deposit,
PMID:32847395,Physics_Engineering,852,no_lawful_text_retained,no_lawful_text_retained,
PMID:34130263,Physics_Engineering,853,no_lawful_text_retained,no_lawful_text_retained,
PMID:35267905,Physics_Engineering,854,no_deposit_named,no_deposit_named,
PMID:32196972,Physics_Engineering,855,no_lawful_text_retained,no_lawful_text_retained,
PMID:33003837,Physics_Engineering,856,no_lawful_text_retained,no_lawful_text_retained,
PMID:32797248,Physics_Engineering,857,supplement_only_unverified,supplement_only_unverified,
PMID:39489001,Physics_Engineering,858,no_lawful_text_retained,no_lawful_text_retained,
PMID:35677605,Physics_Engineering,859,open_route_named_pending_listing,size_unannounced,osf:4qgp2=some_or_all_files_without_announced_size; osf:xuqah=some_or_all_files_without_announced_size
PMID:32507670,Physics_Engineering,860,no_lawful_text_retained,no_lawful_text_retained,
PMID:36478060,Physics_Engineering,861,no_lawful_text_retained,no_lawful_text_retained,
PMID:32101366,Physics_Engineering,862,no_lawful_text_retained,no_lawful_text_retained,
PMID:40716403,Physics_Engineering,863,no_lawful_text_retained,no_lawful_text_retained,
PMID:38663999,Physics_Engineering,864,code_only_deposit,code_only_deposit,
PMID:39044611,Physics_Engineering,865,no_lawful_text_retained,no_lawful_text_retained,
PMID:33914621,Physics_Engineering,866,no_lawful_text_retained,no_lawful_text_retained,
PMID:39260199,Physics_Engineering,867,no_lawful_text_retained,no_lawful_text_retained,
PMID:34963204,Physics_Engineering,868,no_lawful_text_retained,no_lawful_text_retained,
PMID:40801439,Physics_Engineering,869,author_request_only,author_request_only,
PMID:39645095,Physics_Engineering,870,no_lawful_text_retained,no_lawful_text_retained,
PMID:39062546,Physics_Engineering,871,no_deposit_named,no_deposit_named,
PMID:32238600,Physics_Engineering,872,no_lawful_text_retained,no_lawful_text_retained,
PMID:40987014,Physics_Engineering,873,no_lawful_text_retained,no_lawful_text_retained,
PMID:35737663,Physics_Engineering,874,no_deposit_named,no_deposit_named,
PMID:33749674,Physics_Engineering,875,no_lawful_text_retained,no_lawful_text_retained,
PMID:34747171,Physics_Engineering,876,no_lawful_text_retained,no_lawful_text_retained,
PMID:32878041,Physics_Engineering,877,no_deposit_named,no_deposit_named,
PMID:36524290,Physics_Engineering,878,no_lawful_text_retained,no_lawful_text_retained,
PMID:36194949,Physics_Engineering,879,author_request_only,author_request_only,
PMID:39587762,Physics_Engineering,880,no_deposit_named,no_deposit_named,
PMID:34042869,Physics_Engineering,881,no_lawful_text_retained,no_lawful_text_retained,
PMID:35314742,Physics_Engineering,882,supplement_only_unverified,supplement_only_unverified,
PMID:35229096,Physics_Engineering,883,no_lawful_text_retained,no_lawful_text_retained,
PMID:37029144,Physics_Engineering,884,author_request_only,author_request_only,
PMID:39393655,Physics_Engineering,885,no_lawful_text_retained,no_lawful_text_retained,
PMID:35780690,Physics_Engineering,886,no_lawful_text_retained,no_lawful_text_retained,
PMID:39000830,Physics_Engineering,887,no_deposit_named,no_deposit_named,
PMID:35349542,Physics_Engineering,888,no_deposit_named,no_deposit_named,
PMID:40707971,Physics_Engineering,889,supplement_only_unverified,supplement_only_unverified,
PMID:32546178,Physics_Engineering,890,author_request_only,author_request_only,
PMID:39710859,Physics_Engineering,891,open_route_named_pending_listing,,zenodo:592960=anonymous_listing_with_sizes_within_caps
PMID:34821647,Physics_Engineering,892,no_deposit_named,no_deposit_named,
PMID:40292805,Physics_Engineering,893,author_request_only,author_request_only,
PMID:32706589,Physics_Engineering,894,no_lawful_text_retained,no_lawful_text_retained,
PMID:40101746,Physics_Engineering,895,author_request_only,author_request_only,
PMID:32938398,Physics_Engineering,896,code_only_deposit,code_only_deposit,
PMID:33975232,Physics_Engineering,897,no_deposit_named,no_deposit_named,
PMID:40199928,Physics_Engineering,898,supplement_only_unverified,supplement_only_unverified,
PMID:36472577,Physics_Engineering,899,no_lawful_text_retained,no_lawful_text_retained,
PMID:40218770,Physics_Engineering,900,no_deposit_named,no_deposit_named,
PMID:41266647,Physics_Engineering,901,supplement_only_unverified,supplement_only_unverified,
PMID:32093072,Physics_Engineering,902,no_deposit_named,no_deposit_named,
PMID:33875104,Physics_Engineering,903,no_lawful_text_retained,no_lawful_text_retained,
PMID:36536040,Physics_Engineering,904,author_request_only,author_request_only,
PMID:41219412,Physics_Engineering,905,open_route_named_pending_listing,,zenodo:15692302=anonymous_listing_with_sizes_within_caps; zenodo:5573294=every_listed_file_is_implementation_material; zenodo:5535250=every_listed_file_is_implementation_material
PMID:39401618,Physics_Engineering,906,no_lawful_text_retained,no_lawful_text_retained,
PMID:38517689,Physics_Engineering,907,no_lawful_text_retained,no_lawful_text_retained,
PMID:34006873,Physics_Engineering,908,open_route_named_pending_listing,code_only_deposit,zenodo:1133336=every_listed_file_is_implementation_material
PMID:32470958,Physics_Engineering,909,no_lawful_text_retained,no_lawful_text_retained,
PMID:34325225,Physics_Engineering,910,no_lawful_text_retained,no_lawful_text_retained,
PMID:40413819,Physics_Engineering,911,no_lawful_text_retained,no_lawful_text_retained,
PMID:41356553,Physics_Engineering,912,no_deposit_named,no_deposit_named,
PMID:33757184,Physics_Engineering,913,no_lawful_text_retained,no_lawful_text_retained,
PMID:32710272,Physics_Engineering,914,supplement_only_unverified,supplement_only_unverified,
PMID:32568251,Physics_Engineering,915,no_lawful_text_retained,no_lawful_text_retained,
PMID:32590901,Physics_Engineering,916,no_lawful_text_retained,no_lawful_text_retained,
PMID:38913663,Physics_Engineering,917,no_deposit_named,no_deposit_named,
PMID:37544238,Physics_Engineering,918,no_lawful_text_retained,no_lawful_text_retained,
PMID:32910301,Physics_Engineering,919,no_lawful_text_retained,no_lawful_text_retained,
PMID:36256185,Physics_Engineering,920,no_lawful_text_retained,no_lawful_text_retained,
PMID:35815986,Physics_Engineering,921,no_lawful_text_retained,no_lawful_text_retained,
PMID:33658597,Physics_Engineering,922,supplement_only_unverified,supplement_only_unverified,
PMID:37125946,Physics_Engineering,923,no_lawful_text_retained,no_lawful_text_retained,
PMID:32641761,Physics_Engineering,924,open_route_named_pending_listing,code_only_deposit,zenodo:3237542=every_listed_file_is_implementation_material
PMID:32191429,Physics_Engineering,925,no_lawful_text_retained,no_lawful_text_retained,
PMID:38392030,Physics_Engineering,926,no_deposit_named,no_deposit_named,
PMID:33198325,Physics_Engineering,927,no_deposit_named,no_deposit_named,
PMID:40929993,Physics_Engineering,928,no_lawful_text_retained,no_lawful_text_retained,
PMID:40776373,Physics_Engineering,929,no_lawful_text_retained,no_lawful_text_retained,
PMID:38668656,Physics_Engineering,930,no_deposit_named,no_deposit_named,
PMID:32164547,Physics_Engineering,931,code_only_deposit,code_only_deposit,
PMID:40408200,Physics_Engineering,932,no_lawful_text_retained,no_lawful_text_retained,
PMID:39686302,Physics_Engineering,933,no_deposit_named,no_deposit_named,
PMID:34046963,Physics_Engineering,934,no_lawful_text_retained,no_lawful_text_retained,
PMID:37981125,Physics_Engineering,935,no_lawful_text_retained,no_lawful_text_retained,
PMID:32332805,Physics_Engineering,936,supplement_only_unverified,supplement_only_unverified,
PMID:39098140,Physics_Engineering,937,no_lawful_text_retained,no_lawful_text_retained,
PMID:40609181,Physics_Engineering,938,no_lawful_text_retained,no_lawful_text_retained,
PMID:36042357,Physics_Engineering,939,supplement_only_unverified,supplement_only_unverified,
PMID:32492692,Physics_Engineering,940,no_lawful_text_retained,no_lawful_text_retained,
PMID:36409357,Physics_Engineering,941,no_lawful_text_retained,no_lawful_text_retained,
PMID:32076132,Physics_Engineering,942,no_lawful_text_retained,no_lawful_text_retained,
PMID:33214315,Physics_Engineering,943,no_deposit_named,no_deposit_named,
PMID:37018263,Physics_Engineering,944,no_lawful_text_retained,no_lawful_text_retained,
PMID:36807458,Physics_Engineering,945,no_lawful_text_retained,no_lawful_text_retained,
PMID:37279042,Physics_Engineering,946,no_deposit_named,no_deposit_named,
PMID:36112834,Physics_Engineering,947,no_lawful_text_retained,no_lawful_text_retained,
PMID:38135045,Physics_Engineering,948,no_lawful_text_retained,no_lawful_text_retained,
PMID:34201553,Physics_Engineering,949,author_request_only,author_request_only,
PMID:32284403,Physics_Engineering,950,no_deposit_named,no_deposit_named,
PMID:39147519,Physics_Engineering,951,no_lawful_text_retained,no_lawful_text_retained,
PMID:41212711,Physics_Engineering,952,no_lawful_text_retained,no_lawful_text_retained,
PMID:34543913,Physics_Engineering,953,no_lawful_text_retained,no_lawful_text_retained,
PMID:32756051,Physics_Engineering,954,no_lawful_text_retained,no_lawful_text_retained,
PMID:32486033,Physics_Engineering,955,no_deposit_named,no_deposit_named,
PMID:38858005,Physics_Engineering,956,no_lawful_text_retained,no_lawful_text_retained,
PMID:36912723,Physics_Engineering,957,no_lawful_text_retained,no_lawful_text_retained,
PMID:39542934,Physics_Engineering,958,supplement_only_unverified,supplement_only_unverified,
PMID:32094499,Physics_Engineering,959,supplement_only_unverified,supplement_only_unverified,
PMID:38982947,Physics_Engineering,960,no_lawful_text_retained,no_lawful_text_retained,
PMID:34961542,Physics_Engineering,961,author_request_only,author_request_only,
PMID:35983817,Physics_Engineering,962,no_lawful_text_retained,no_lawful_text_retained,
PMID:38619929,Physics_Engineering,963,no_lawful_text_retained,no_lawful_text_retained,
PMID:40264191,Physics_Engineering,964,supplement_only_unverified,supplement_only_unverified,
PMID:35575961,Physics_Engineering,965,no_lawful_text_retained,no_lawful_text_retained,
PMID:39238086,Physics_Engineering,966,no_lawful_text_retained,no_lawful_text_retained,
PMID:41197748,Physics_Engineering,967,no_lawful_text_retained,no_lawful_text_retained,
PMID:38763668,Physics_Engineering,968,no_lawful_text_retained,no_lawful_text_retained,
PMID:38839046,Physics_Engineering,969,no_deposit_named,no_deposit_named,
PMID:41243371,Physics_Engineering,970,no_deposit_named,no_deposit_named,
PMID:33858371,Physics_Engineering,971,author_request_only,author_request_only,
PMID:39541716,Physics_Engineering,972,no_lawful_text_retained,no_lawful_text_retained,
PMID:41396810,Physics_Engineering,973,author_request_only,author_request_only,
PMID:41026566,Physics_Engineering,974,no_lawful_text_retained,no_lawful_text_retained,
PMID:34940245,Physics_Engineering,975,no_deposit_named,no_deposit_named,
PMID:35462162,Physics_Engineering,976,no_lawful_text_retained,no_lawful_text_retained,
PMID:33115480,Physics_Engineering,977,author_request_only,author_request_only,
PMID:37130309,Physics_Engineering,978,no_lawful_text_retained,no_lawful_text_retained,
PMID:32622812,Physics_Engineering,979,no_lawful_text_retained,no_lawful_text_retained,
PMID:32663391,Physics_Engineering,980,no_lawful_text_retained,no_lawful_text_retained,
PMID:32382843,Physics_Engineering,981,no_lawful_text_retained,no_lawful_text_retained,
PMID:39136049,Physics_Engineering,982,author_request_only,author_request_only,
PMID:38430560,Physics_Engineering,983,no_lawful_text_retained,no_lawful_text_retained,
PMID:34806105,Physics_Engineering,984,no_lawful_text_retained,no_lawful_text_retained,
PMID:36028369,Physics_Engineering,985,no_lawful_text_retained,no_lawful_text_retained,
PMID:34154202,Physics_Engineering,986,no_lawful_text_retained,no_lawful_text_retained,
PMID:36433677,Physics_Engineering,987,no_deposit_named,no_deposit_named,
PMID:35167576,Physics_Engineering,988,no_lawful_text_retained,no_lawful_text_retained,
PMID:34883782,Physics_Engineering,989,no_deposit_named,no_deposit_named,
PMID:38920570,Physics_Engineering,990,no_deposit_named,no_deposit_named,
PMID:41275529,Physics_Engineering,991,no_lawful_text_retained,no_lawful_text_retained,
PMID:32556806,Physics_Engineering,992,no_lawful_text_retained,no_lawful_text_retained,
PMID:33019342,Physics_Engineering,993,no_lawful_text_retained,no_lawful_text_retained,
PMID:41032904,Physics_Engineering,994,no_lawful_text_retained,no_lawful_text_retained,
PMID:34351960,Physics_Engineering,995,no_deposit_named,no_deposit_named,
PMID:39267819,Physics_Engineering,996,open_route_named_pending_listing,,zenodo:7975639=anonymous_listing_with_sizes_within_caps; zenodo:7955094=anonymous_listing_with_sizes_within_caps; zenodo:7955064=anonymous_listing_with_sizes_within_caps; zenodo:7954711=anonymous_listing_with_sizes_within_caps
PMID:37428796,Physics_Engineering,997,no_deposit_named,no_deposit_named,
PMID:38959683,Physics_Engineering,998,no_lawful_text_retained,no_lawful_text_retained,
PMID:35851692,Physics_Engineering,999,no_lawful_text_retained,no_lawful_text_retained,
PMID:35421187,Physics_Engineering,1000,no_deposit_named,no_deposit_named,
PMID:32154525,Physics_Engineering,1001,no_lawful_text_retained,no_lawful_text_retained,
PMID:41171604,Physics_Engineering,1002,no_deposit_named,no_deposit_named,
PMID:33728034,Physics_Engineering,1003,no_deposit_named,no_deposit_named,
PMID:32632653,Physics_Engineering,1004,supplement_only_unverified,supplement_only_unverified,
PMID:41198479,Physics_Engineering,1005,no_lawful_text_retained,no_lawful_text_retained,
PMID:34030142,Physics_Engineering,1006,no_lawful_text_retained,no_lawful_text_retained,
PMID:38401276,Physics_Engineering,1007,no_lawful_text_retained,no_lawful_text_retained,
PMID:32406083,Physics_Engineering,1008,no_lawful_text_retained,no_lawful_text_retained,
PMID:36229301,Physics_Engineering,1009,no_lawful_text_retained,no_lawful_text_retained,
PMID:34151341,Physics_Engineering,1010,no_lawful_text_retained,no_lawful_text_retained,
PMID:34374153,Physics_Engineering,1011,no_lawful_text_retained,no_lawful_text_retained,
PMID:36413907,Physics_Engineering,1012,no_lawful_text_retained,no_lawful_text_retained,
PMID:32562617,Physics_Engineering,1013,no_lawful_text_retained,no_lawful_text_retained,
PMID:38989958,Physics_Engineering,1014,no_lawful_text_retained,no_lawful_text_retained,
PMID:37672538,Physics_Engineering,1015,no_deposit_named,no_deposit_named,
PMID:33950844,Physics_Engineering,1016,no_lawful_text_retained,no_lawful_text_retained,
PMID:36442134,Physics_Engineering,1017,supplement_only_unverified,supplement_only_unverified,
PMID:36174273,Physics_Engineering,1018,no_deposit_named,no_deposit_named,
PMID:32408359,Physics_Engineering,1019,no_lawful_text_retained,no_lawful_text_retained,
PMID:36501796,Physics_Engineering,1020,no_deposit_named,no_deposit_named,
PMID:36322502,Physics_Engineering,1021,no_deposit_named,no_deposit_named,
PMID:38938092,Physics_Engineering,1022,no_lawful_text_retained,no_lawful_text_retained,
PMID:34007306,Physics_Engineering,1023,supplement_only_unverified,supplement_only_unverified,
PMID:34702869,Physics_Engineering,1024,supplement_only_unverified,supplement_only_unverified,
PMID:33969123,Physics_Engineering,1025,no_deposit_named,no_deposit_named,
PMID:39508340,Physics_Engineering,1026,no_deposit_named,no_deposit_named,
PMID:36525637,Physics_Engineering,1027,no_lawful_text_retained,no_lawful_text_retained,
PMID:37030706,Physics_Engineering,1028,no_lawful_text_retained,no_lawful_text_retained,
PMID:32246779,Physics_Engineering,1029,no_deposit_named,no_deposit_named,
PMID:37635306,Physics_Engineering,1030,no_lawful_text_retained,no_lawful_text_retained,
PMID:40782914,Physics_Engineering,1031,no_lawful_text_retained,no_lawful_text_retained,
PMID:34875577,Physics_Engineering,1032,no_lawful_text_retained,no_lawful_text_retained,
PMID:33725030,Physics_Engineering,1033,no_lawful_text_retained,no_lawful_text_retained,
PMID:35528349,Physics_Engineering,1034,author_request_only,author_request_only,
PMID:35751130,Physics_Engineering,1035,no_lawful_text_retained,no_lawful_text_retained,
PMID:38889883,Physics_Engineering,1036,no_lawful_text_retained,no_lawful_text_retained,
PMID:40882481,Physics_Engineering,1037,no_lawful_text_retained,no_lawful_text_retained,
PMID:32706126,Physics_Engineering,1038,no_lawful_text_retained,no_lawful_text_retained,
PMID:35189409,Physics_Engineering,1039,no_lawful_text_retained,no_lawful_text_retained,
PMID:34455323,Physics_Engineering,1040,no_lawful_text_retained,no_lawful_text_retained,
PMID:35415974,Physics_Engineering,1041,no_lawful_text_retained,no_lawful_text_retained,
PMID:36058196,Physics_Engineering,1042,no_lawful_text_retained,no_lawful_text_retained,
PMID:32519521,Physics_Engineering,1043,no_deposit_named,no_deposit_named,
PMID:34180916,Physics_Engineering,1044,no_lawful_text_retained,no_lawful_text_retained,
PMID:39138102,Physics_Engineering,1045,no_lawful_text_retained,no_lawful_text_retained,
PMID:36599714,Physics_Engineering,1046,no_lawful_text_retained,no_lawful_text_retained,
PMID:40238190,Physics_Engineering,1047,no_deposit_named,no_deposit_named,
PMID:40039033,Physics_Engineering,1048,no_lawful_text_retained,no_lawful_text_retained,
PMID:34645854,Physics_Engineering,1049,supplement_only_unverified,supplement_only_unverified,
PMID:34582983,Physics_Engineering,1050,no_lawful_text_retained,no_lawful_text_retained,
PMID:32397665,Physics_Engineering,1051,no_deposit_named,no_deposit_named,
PMID:33054845,Physics_Engineering,1052,author_request_only,author_request_only,
PMID:37254710,Physics_Engineering,1053,no_lawful_text_retained,no_lawful_text_retained,
PMID:38420933,Physics_Engineering,1054,no_lawful_text_retained,no_lawful_text_retained,
PMID:39593603,Physics_Engineering,1055,no_lawful_text_retained,no_lawful_text_retained,
PMID:34892399,Physics_Engineering,1056,no_lawful_text_retained,no_lawful_text_retained,
PMID:32078964,Physics_Engineering,1057,no_lawful_text_retained,no_lawful_text_retained,
PMID:37976535,Physics_Engineering,1058,no_lawful_text_retained,no_lawful_text_retained,
PMID:32500228,Physics_Engineering,1059,supplement_only_unverified,supplement_only_unverified,
PMID:36098894,Physics_Engineering,1060,no_lawful_text_retained,no_lawful_text_retained,
PMID:36362036,Physics_Engineering,1061,no_deposit_named,no_deposit_named,
PMID:37632091,Physics_Engineering,1062,no_deposit_named,no_deposit_named,
PMID:34883972,Physics_Engineering,1063,no_deposit_named,no_deposit_named,
PMID:37349296,Physics_Engineering,1064,author_request_only,author_request_only,
PMID:32383730,Physics_Engineering,1065,no_deposit_named,no_deposit_named,
PMID:37447912,Physics_Engineering,1066,no_deposit_named,no_deposit_named,
PMID:35947582,Physics_Engineering,1067,no_deposit_named,no_deposit_named,
PMID:38947346,Physics_Engineering,1068,no_deposit_named,no_deposit_named,
PMID:32602938,Physics_Engineering,1069,no_lawful_text_retained,no_lawful_text_retained,
PMID:32580397,Physics_Engineering,1070,no_deposit_named,no_deposit_named,
PMID:34374517,Physics_Engineering,1071,no_lawful_text_retained,no_lawful_text_retained,
PMID:38565729,Physics_Engineering,1072,supplement_only_unverified,supplement_only_unverified,
PMID:32630609,Physics_Engineering,1073,no_deposit_named,no_deposit_named,
PMID:34403278,Physics_Engineering,1074,no_lawful_text_retained,no_lawful_text_retained,
PMID:41355337,Physics_Engineering,1075,supplement_only_unverified,supplement_only_unverified,
PMID:33346191,Physics_Engineering,1076,no_lawful_text_retained,no_lawful_text_retained,
PMID:32184083,Physics_Engineering,1077,no_lawful_text_retained,no_lawful_text_retained,
PMID:37797529,Physics_Engineering,1078,no_lawful_text_retained,no_lawful_text_retained,
PMID:39175109,Physics_Engineering,1079,open_route_named_pending_listing,above_cap,figshare:25780350=announced_sizes_exceed_amendment_caps
PMID:33339963,Physics_Engineering,1080,supplement_only_unverified,supplement_only_unverified,
PMID:36176156,Physics_Engineering,1081,no_lawful_text_retained,no_lawful_text_retained,
PMID:34008660,Physics_Engineering,1082,no_lawful_text_retained,no_lawful_text_retained,
PMID:33927757,Physics_Engineering,1083,author_request_only,author_request_only,
PMID:34481238,Physics_Engineering,1084,no_lawful_text_retained,no_lawful_text_retained,
PMID:35420614,Physics_Engineering,1085,no_lawful_text_retained,no_lawful_text_retained,
PMID:41039867,Physics_Engineering,1086,author_request_only,author_request_only,
PMID:35744799,Physics_Engineering,1087,no_deposit_named,no_deposit_named,
PMID:35338486,Physics_Engineering,1088,no_lawful_text_retained,no_lawful_text_retained,
PMID:40714408,Physics_Engineering,1089,no_lawful_text_retained,no_lawful_text_retained,
PMID:35416598,Physics_Engineering,1090,supplement_only_unverified,supplement_only_unverified,
PMID:40737523,Physics_Engineering,1091,no_deposit_named,no_deposit_named,
PMID:33685768,Physics_Engineering,1092,no_lawful_text_retained,no_lawful_text_retained,
PMID:32857865,Physics_Engineering,1093,no_lawful_text_retained,no_lawful_text_retained,
PMID:40259871,Physics_Engineering,1094,no_deposit_named,no_deposit_named,
PMID:38852727,Physics_Engineering,1095,no_lawful_text_retained,no_lawful_text_retained,
PMID:39481614,Physics_Engineering,1096,no_lawful_text_retained,no_lawful_text_retained,
PMID:41097343,Physics_Engineering,1097,supplement_only_unverified,supplement_only_unverified,
PMID:35613603,Physics_Engineering,1098,no_lawful_text_retained,no_lawful_text_retained,
PMID:33364082,Physics_Engineering,1099,no_deposit_named,no_deposit_named,
PMID:41310334,Physics_Engineering,1100,author_request_only,author_request_only,
PMID:35759599,Physics_Engineering,1101,no_lawful_text_retained,no_lawful_text_retained,
PMID:36881304,Physics_Engineering,1102,no_lawful_text_retained,no_lawful_text_retained,
PMID:32580172,Physics_Engineering,1103,no_lawful_text_retained,no_lawful_text_retained,
PMID:38501558,Physics_Engineering,1104,no_lawful_text_retained,no_lawful_text_retained,
PMID:37038798,Physics_Engineering,1105,no_deposit_named,no_deposit_named,
PMID:38739557,Physics_Engineering,1106,open_route_named_pending_listing,,dryad:18931zd31=anonymous_listing_with_sizes_within_caps
PMID:36454704,Physics_Engineering,1107,no_lawful_text_retained,no_lawful_text_retained,
PMID:32581285,Physics_Engineering,1108,open_route_named_pending_listing,,figshare:12378218=anonymous_listing_with_sizes_within_caps
PMID:32364743,Physics_Engineering,1109,no_lawful_text_retained,no_lawful_text_retained,
PMID:34185078,Physics_Engineering,1110,no_lawful_text_retained,no_lawful_text_retained,
PMID:39359109,Physics_Engineering,1111,no_deposit_named,no_deposit_named,
PMID:32248042,Physics_Engineering,1112,no_lawful_text_retained,no_lawful_text_retained,
PMID:37157023,Physics_Engineering,1113,no_lawful_text_retained,no_lawful_text_retained,
PMID:33753274,Physics_Engineering,1114,no_lawful_text_retained,no_lawful_text_retained,
PMID:41186813,Physics_Engineering,1115,no_lawful_text_retained,no_lawful_text_retained,
PMID:40935952,Physics_Engineering,1116,no_lawful_text_retained,no_lawful_text_retained,
PMID:38547098,Physics_Engineering,1117,no_deposit_named,no_deposit_named,
PMID:41087363,Physics_Engineering,1118,open_route_named_pending_listing,,zenodo:16017079=anonymous_listing_with_sizes_within_caps; figshare:29559218=anonymous_listing_with_sizes_within_caps
PMID:36590690,Physics_Engineering,1119,open_route_named_pending_listing,,figshare:21259287=anonymous_listing_with_sizes_within_caps; figshare:21259422=announced_sizes_exceed_amendment_caps; figshare:21259464=anonymous_listing_with_sizes_within_caps; figshare:21259398=anonymous_listing_with_sizes_within_caps
PMID:32097642,Physics_Engineering,1120,no_lawful_text_retained,no_lawful_text_retained,
PMID:33131296,Physics_Engineering,1121,no_lawful_text_retained,no_lawful_text_retained,
PMID:33755444,Physics_Engineering,1122,no_lawful_text_retained,no_lawful_text_retained,
PMID:38704071,Physics_Engineering,1123,no_lawful_text_retained,no_lawful_text_retained,
PMID:41318682,Physics_Engineering,1124,author_request_only,author_request_only,
PMID:41074284,Physics_Engineering,1125,no_lawful_text_retained,no_lawful_text_retained,
PMID:38083175,Physics_Engineering,1126,no_lawful_text_retained,no_lawful_text_retained,
PMID:34628256,Physics_Engineering,1127,no_lawful_text_retained,no_lawful_text_retained,
PMID:38096439,Physics_Engineering,1128,no_lawful_text_retained,no_lawful_text_retained,
PMID:38936367,Physics_Engineering,1129,no_lawful_text_retained,no_lawful_text_retained,
PMID:39320184,Physics_Engineering,1130,no_lawful_text_retained,no_lawful_text_retained,
PMID:32972777,Physics_Engineering,1131,no_lawful_text_retained,no_lawful_text_retained,
PMID:38913534,Physics_Engineering,1132,no_lawful_text_retained,no_lawful_text_retained,
PMID:36566795,Physics_Engineering,1133,no_lawful_text_retained,no_lawful_text_retained,
PMID:36525868,Physics_Engineering,1134,no_lawful_text_retained,no_lawful_text_retained,
PMID:36502234,Physics_Engineering,1135,code_only_deposit,code_only_deposit,
PMID:36355780,Physics_Engineering,1136,open_route_named_pending_listing,,dataverse:CC355J=anonymous_listing_with_sizes_within_caps
PMID:38718505,Physics_Engineering,1137,no_lawful_text_retained,no_lawful_text_retained,
PMID:41336067,Physics_Engineering,1138,no_lawful_text_retained,no_lawful_text_retained,
PMID:41349592,Physics_Engineering,1139,no_lawful_text_retained,no_lawful_text_retained,
PMID:37754123,Physics_Engineering,1140,no_deposit_named,no_deposit_named,
PMID:39318716,Physics_Engineering,1141,open_route_named_pending_listing,,zenodo:10622975=anonymous_listing_with_sizes_within_caps
PMID:40215147,Physics_Engineering,1142,no_lawful_text_retained,no_lawful_text_retained,
PMID:35839330,Physics_Engineering,1143,no_lawful_text_retained,no_lawful_text_retained,
PMID:33029517,Physics_Engineering,1144,application_required,application_required,
PMID:40906798,Physics_Engineering,1145,no_deposit_named,no_deposit_named,
PMID:32651424,Physics_Engineering,1146,author_request_only,author_request_only,
PMID:41157333,Physics_Engineering,1147,open_route_named_pending_listing,code_only_deposit,zenodo:13388053=every_listed_file_is_implementation_material
PMID:34153788,Physics_Engineering,1148,no_lawful_text_retained,no_lawful_text_retained,
PMID:38949935,Physics_Engineering,1149,no_lawful_text_retained,no_lawful_text_retained,
PMID:35526355,Physics_Engineering,1150,no_lawful_text_retained,no_lawful_text_retained,
PMID:32130594,Physics_Engineering,1151,supplement_only_unverified,supplement_only_unverified,
PMID:35524587,Physics_Engineering,1152,no_lawful_text_retained,no_lawful_text_retained,
PMID:39020069,Physics_Engineering,1153,author_request_only,author_request_only,
PMID:36617019,Physics_Engineering,1154,no_deposit_named,no_deposit_named,
PMID:32239126,Physics_Engineering,1155,code_only_deposit,code_only_deposit,
PMID:37518526,Physics_Engineering,1156,no_lawful_text_retained,no_lawful_text_retained,
PMID:35603406,Physics_Engineering,1157,no_lawful_text_retained,no_lawful_text_retained,
PMID:38912802,Physics_Engineering,1158,no_lawful_text_retained,no_lawful_text_retained,
PMID:41411052,Physics_Engineering,1159,no_lawful_text_retained,no_lawful_text_retained,
PMID:33661383,Physics_Engineering,1160,no_lawful_text_retained,no_lawful_text_retained,
PMID:32833112,Physics_Engineering,1161,no_lawful_text_retained,no_lawful_text_retained,
PMID:32630429,Physics_Engineering,1162,no_deposit_named,no_deposit_named,
PMID:38771431,Physics_Engineering,1163,no_lawful_text_retained,no_lawful_text_retained,
PMID:34214394,Physics_Engineering,1164,no_deposit_named,no_deposit_named,
PMID:34625247,Physics_Engineering,1165,no_lawful_text_retained,no_lawful_text_retained,
PMID:34770933,Physics_Engineering,1166,no_deposit_named,no_deposit_named,
PMID:39174108,Physics_Engineering,1167,no_lawful_text_retained,no_lawful_text_retained,
PMID:32293191,Physics_Engineering,1168,no_lawful_text_retained,no_lawful_text_retained,
PMID:33249218,Physics_Engineering,1169,no_lawful_text_retained,no_lawful_text_retained,
PMID:35819846,Physics_Engineering,1170,no_lawful_text_retained,no_lawful_text_retained,
PMID:41336446,Physics_Engineering,1171,no_lawful_text_retained,no_lawful_text_retained,
PMID:33756303,Physics_Engineering,1172,no_lawful_text_retained,no_lawful_text_retained,
PMID:36449630,Physics_Engineering,1173,no_lawful_text_retained,no_lawful_text_retained,
PMID:40337917,Physics_Engineering,1174,no_lawful_text_retained,no_lawful_text_retained,
PMID:32653207,Physics_Engineering,1175,no_lawful_text_retained,no_lawful_text_retained,
PMID:33980254,Physics_Engineering,1176,supplement_only_unverified,supplement_only_unverified,
PMID:35525922,Physics_Engineering,1177,open_route_named_pending_listing,,osf:u6w39=anonymous_listing_with_sizes_within_caps
PMID:40398349,Physics_Engineering,1178,no_lawful_text_retained,no_lawful_text_retained,
PMID:32913233,Physics_Engineering,1179,author_request_only,author_request_only,
PMID:40394045,Physics_Engineering,1180,open_route_named_pending_listing,above_cap,zenodo:11504938=announced_sizes_exceed_amendment_caps; zenodo:15050728=announced_sizes_exceed_amendment_caps
PMID:34689430,Physics_Engineering,1181,no_lawful_text_retained,no_lawful_text_retained,
PMID:37508481,Physics_Engineering,1182,author_request_only,author_request_only,
PMID:34577421,Physics_Engineering,1183,code_only_deposit,code_only_deposit,
PMID:36298184,Physics_Engineering,1184,author_request_only,author_request_only,
PMID:36154253,Physics_Engineering,1185,no_lawful_text_retained,no_lawful_text_retained,
PMID:41461781,Physics_Engineering,1186,author_request_only,author_request_only,
PMID:37245187,Physics_Engineering,1187,author_request_only,author_request_only,
PMID:34384310,Physics_Engineering,1188,no_lawful_text_retained,no_lawful_text_retained,
PMID:35689363,Physics_Engineering,1189,author_request_only,author_request_only,
PMID:33846388,Physics_Engineering,1190,supplement_only_unverified,supplement_only_unverified,
PMID:40472505,Physics_Engineering,1191,no_lawful_text_retained,no_lawful_text_retained,
PMID:32217351,Physics_Engineering,1192,no_lawful_text_retained,no_lawful_text_retained,
PMID:41391607,Physics_Engineering,1193,no_lawful_text_retained,no_lawful_text_retained,
PMID:38642628,Physics_Engineering,1194,no_lawful_text_retained,no_lawful_text_retained,
PMID:40039441,Physics_Engineering,1195,no_lawful_text_retained,no_lawful_text_retained,
PMID:35006867,Physics_Engineering,1196,no_lawful_text_retained,no_lawful_text_retained,
PMID:38849632,Physics_Engineering,1197,no_lawful_text_retained,no_lawful_text_retained,
PMID:35277318,Physics_Engineering,1198,no_lawful_text_retained,no_lawful_text_retained,
PMID:35477834,Physics_Engineering,1199,no_lawful_text_retained,no_lawful_text_retained,
PMID:35635469,Physics_Engineering,1200,no_lawful_text_retained,no_lawful_text_retained,
PMID:35635708,Physics_Engineering,1201,no_lawful_text_retained,no_lawful_text_retained,
PMID:36356344,Physics_Engineering,1202,no_lawful_text_retained,no_lawful_text_retained,
PMID:39609442,Physics_Engineering,1203,code_only_deposit,code_only_deposit,
PMID:36598410,Physics_Engineering,1204,no_lawful_text_retained,no_lawful_text_retained,
PMID:32306252,Physics_Engineering,1205,no_lawful_text_retained,no_lawful_text_retained,
PMID:32505964,Physics_Engineering,1206,no_lawful_text_retained,no_lawful_text_retained,
PMID:35964350,Physics_Engineering,1207,no_lawful_text_retained,no_lawful_text_retained,
PMID:40039597,Physics_Engineering,1208,no_lawful_text_retained,no_lawful_text_retained,
PMID:32495510,Physics_Engineering,1209,no_deposit_named,no_deposit_named,
PMID:33002654,Physics_Engineering,1210,no_lawful_text_retained,no_lawful_text_retained,
PMID:33018788,Physics_Engineering,1211,no_lawful_text_retained,no_lawful_text_retained,
PMID:37943021,Physics_Engineering,1212,author_request_only,author_request_only,
PMID:40829439,Physics_Engineering,1213,no_lawful_text_retained,no_lawful_text_retained,
PMID:33295996,Physics_Engineering,1214,no_lawful_text_retained,no_lawful_text_retained,
PMID:32516484,Physics_Engineering,1215,no_lawful_text_retained,no_lawful_text_retained,
PMID:32344755,Physics_Engineering,1216,no_deposit_named,no_deposit_named,
PMID:37667430,Physics_Engineering,1217,no_lawful_text_retained,no_lawful_text_retained,
PMID:38950772,Physics_Engineering,1218,no_lawful_text_retained,no_lawful_text_retained,
PMID:34412590,Physics_Engineering,1219,supplement_only_unverified,supplement_only_unverified,
PMID:40039587,Physics_Engineering,1220,no_lawful_text_retained,no_lawful_text_retained,
PMID:32339581,Physics_Engineering,1221,no_lawful_text_retained,no_lawful_text_retained,
PMID:41379880,Physics_Engineering,1222,no_deposit_named,no_deposit_named,
PMID:33444282,Physics_Engineering,1223,no_lawful_text_retained,no_lawful_text_retained,
PMID:35200842,Physics_Engineering,1224,no_lawful_text_retained,no_lawful_text_retained,
PMID:38522324,Physics_Engineering,1225,no_lawful_text_retained,no_lawful_text_retained,
PMID:32562855,Physics_Engineering,1226,no_lawful_text_retained,no_lawful_text_retained,
PMID:36859134,Physics_Engineering,1227,no_lawful_text_retained,no_lawful_text_retained,
PMID:38920601,Physics_Engineering,1228,supplement_only_unverified,supplement_only_unverified,
PMID:34454998,Physics_Engineering,1229,no_lawful_text_retained,no_lawful_text_retained,
PMID:32979919,Physics_Engineering,1230,author_request_only,author_request_only,
PMID:41336244,Physics_Engineering,1231,no_lawful_text_retained,no_lawful_text_retained,
PMID:41052087,Physics_Engineering,1232,no_lawful_text_retained,no_lawful_text_retained,
PMID:32549497,Physics_Engineering,1233,no_lawful_text_retained,no_lawful_text_retained,
PMID:33683444,Physics_Engineering,1234,no_lawful_text_retained,no_lawful_text_retained,
PMID:41117063,Physics_Engineering,1235,no_lawful_text_retained,no_lawful_text_retained,
PMID:34252488,Physics_Engineering,1236,no_lawful_text_retained,no_lawful_text_retained,
PMID:36015817,Physics_Engineering,1237,no_deposit_named,no_deposit_named,
PMID:41365112,Physics_Engineering,1238,no_lawful_text_retained,no_lawful_text_retained,
PMID:41324476,Physics_Engineering,1239,no_lawful_text_retained,no_lawful_text_retained,
PMID:37149968,Physics_Engineering,1240,no_lawful_text_retained,no_lawful_text_retained,
PMID:33130031,Physics_Engineering,1241,no_lawful_text_retained,no_lawful_text_retained,
PMID:36512939,Physics_Engineering,1242,code_only_deposit,code_only_deposit,
PMID:34537423,Physics_Engineering,1243,no_lawful_text_retained,no_lawful_text_retained,
PMID:34472067,Physics_Engineering,1244,no_lawful_text_retained,no_lawful_text_retained,
PMID:38753152,Physics_Engineering,1245,no_lawful_text_retained,no_lawful_text_retained,
PMID:32803852,Physics_Engineering,1246,no_lawful_text_retained,no_lawful_text_retained,
PMID:32151368,Physics_Engineering,1247,no_lawful_text_retained,no_lawful_text_retained,
PMID:33291441,Physics_Engineering,1248,no_deposit_named,no_deposit_named,
PMID:34807625,Physics_Engineering,1249,no_lawful_text_retained,no_lawful_text_retained,
PMID:32597220,Physics_Engineering,1250,no_lawful_text_retained,no_lawful_text_retained,
PMID:37831612,Physics_Engineering,1251,no_lawful_text_retained,no_lawful_text_retained,
PMID:37168235,Physics_Engineering,1252,no_deposit_named,no_deposit_named,
PMID:33973472,Physics_Engineering,1253,no_lawful_text_retained,no_lawful_text_retained,
PMID:35568823,Physics_Engineering,1254,author_request_only,author_request_only,
PMID:33103886,Physics_Engineering,1255,no_lawful_text_retained,no_lawful_text_retained,
PMID:36154371,Physics_Engineering,1256,no_lawful_text_retained,no_lawful_text_retained,
PMID:32143201,Physics_Engineering,1257,no_lawful_text_retained,no_lawful_text_retained,
PMID:38431948,Physics_Engineering,1258,no_deposit_named,no_deposit_named,
PMID:35778213,Physics_Engineering,1259,no_lawful_text_retained,no_lawful_text_retained,
PMID:40279825,Physics_Engineering,1260,no_lawful_text_retained,no_lawful_text_retained,
PMID:40942843,Physics_Engineering,1261,author_request_only,author_request_only,
PMID:40768564,Physics_Engineering,1262,no_deposit_named,no_deposit_named,
PMID:32881124,Physics_Engineering,1263,no_lawful_text_retained,no_lawful_text_retained,
PMID:33288382,Physics_Engineering,1264,no_lawful_text_retained,no_lawful_text_retained,
PMID:34892623,Physics_Engineering,1265,no_lawful_text_retained,no_lawful_text_retained,
PMID:32441767,Physics_Engineering,1266,no_lawful_text_retained,no_lawful_text_retained,
PMID:41343819,Physics_Engineering,1267,no_lawful_text_retained,no_lawful_text_retained,
PMID:34575970,Physics_Engineering,1268,author_request_only,author_request_only,
PMID:39625197,Physics_Engineering,1269,no_lawful_text_retained,no_lawful_text_retained,
PMID:33050089,Physics_Engineering,1270,no_deposit_named,no_deposit_named,
PMID:37787599,Physics_Engineering,1271,no_lawful_text_retained,no_lawful_text_retained,
PMID:36410396,Physics_Engineering,1272,open_route_named_pending_listing,code_only_deposit,zenodo:7113393=every_listed_file_is_implementation_material
PMID:37815364,Physics_Engineering,1273,no_lawful_text_retained,no_lawful_text_retained,
PMID:35764456,Physics_Engineering,1274,no_lawful_text_retained,no_lawful_text_retained,
PMID:33873091,Physics_Engineering,1275,no_lawful_text_retained,no_lawful_text_retained,
PMID:34079048,Physics_Engineering,1276,supplement_only_unverified,supplement_only_unverified,
PMID:40234017,Physics_Engineering,1277,no_lawful_text_retained,no_lawful_text_retained,
PMID:40435585,Physics_Engineering,1278,no_lawful_text_retained,no_lawful_text_retained,
PMID:35226231,Physics_Engineering,1279,open_route_named_pending_listing,,geo:GSE72512=anonymous_listing_with_sizes_within_caps; geo:GSE31899=anonymous_listing_with_sizes_within_caps; geo:GSE17285=anonymous_listing_with_sizes_within_caps
PMID:32977277,Physics_Engineering,1280,no_lawful_text_retained,no_lawful_text_retained,
PMID:34695964,Physics_Engineering,1281,no_deposit_named,no_deposit_named,
PMID:37595095,Physics_Engineering,1282,no_lawful_text_retained,no_lawful_text_retained,
PMID:32511911,Physics_Engineering,1283,no_lawful_text_retained,no_lawful_text_retained,
PMID:33992611,Physics_Engineering,1284,no_lawful_text_retained,no_lawful_text_retained,
PMID:40850620,Physics_Engineering,1285,no_lawful_text_retained,no_lawful_text_retained,
PMID:33113947,Physics_Engineering,1286,no_deposit_named,no_deposit_named,
PMID:33648296,Physics_Engineering,1287,no_lawful_text_retained,no_lawful_text_retained,
PMID:40885360,Physics_Engineering,1288,no_lawful_text_retained,no_lawful_text_retained,
PMID:35396532,Physics_Engineering,1289,supplement_only_unverified,supplement_only_unverified,
PMID:33918524,Physics_Engineering,1290,no_deposit_named,no_deposit_named,
PMID:41337405,Physics_Engineering,1291,no_lawful_text_retained,no_lawful_text_retained,
PMID:37114845,Physics_Engineering,1292,author_request_only,author_request_only,
PMID:36287394,Physics_Engineering,1293,no_lawful_text_retained,no_lawful_text_retained,
PMID:33984726,Physics_Engineering,1294,no_lawful_text_retained,no_lawful_text_retained,
PMID:37224667,Physics_Engineering,1295,no_lawful_text_retained,no_lawful_text_retained,
PMID:34833527,Physics_Engineering,1296,no_deposit_named,no_deposit_named,
PMID:35688839,Physics_Engineering,1297,author_request_only,author_request_only,
PMID:41006951,Physics_Engineering,1298,author_request_only,author_request_only,
PMID:38912781,Physics_Engineering,1299,no_lawful_text_retained,no_lawful_text_retained,
PMID:34770125,Physics_Engineering,1300,no_deposit_named,no_deposit_named,
PMID:39392711,Physics_Engineering,1301,no_lawful_text_retained,no_lawful_text_retained,
PMID:36656464,Physics_Engineering,1302,no_lawful_text_retained,no_lawful_text_retained,
PMID:34431669,Physics_Engineering,1303,no_lawful_text_retained,no_lawful_text_retained,
PMID:34344902,Physics_Engineering,1304,author_request_only,author_request_only,
PMID:36298088,Physics_Engineering,1305,author_request_only,author_request_only,
PMID:36772650,Physics_Engineering,1306,no_deposit_named,no_deposit_named,
PMID:40157051,Physics_Engineering,1307,no_lawful_text_retained,no_lawful_text_retained,
PMID:37902334,Physics_Engineering,1308,no_lawful_text_retained,no_lawful_text_retained,
PMID:36050179,Physics_Engineering,1309,no_lawful_text_retained,no_lawful_text_retained,
PMID:35404946,Physics_Engineering,1310,no_deposit_named,no_deposit_named,
PMID:41337335,Physics_Engineering,1311,no_lawful_text_retained,no_lawful_text_retained,
PMID:34883893,Physics_Engineering,1312,author_request_only,author_request_only,
PMID:35940115,Physics_Engineering,1313,no_lawful_text_retained,no_lawful_text_retained,
PMID:41336144,Physics_Engineering,1314,no_lawful_text_retained,no_lawful_text_retained,
PMID:35709391,Physics_Engineering,1315,no_lawful_text_retained,no_lawful_text_retained,
PMID:36412200,Physics_Engineering,1316,no_lawful_text_retained,no_lawful_text_retained,
PMID:38418419,Physics_Engineering,1317,no_lawful_text_retained,no_lawful_text_retained,
PMID:36326599,Physics_Engineering,1318,no_lawful_text_retained,no_lawful_text_retained,
PMID:35790146,Physics_Engineering,1319,no_lawful_text_retained,no_lawful_text_retained,
PMID:40462677,Physics_Engineering,1320,no_lawful_text_retained,no_lawful_text_retained,
PMID:34426586,Physics_Engineering,1321,author_request_only,author_request_only,
PMID:38087270,Physics_Engineering,1322,author_request_only,author_request_only,
PMID:35654867,Physics_Engineering,1323,no_lawful_text_retained,no_lawful_text_retained,
PMID:32174485,Physics_Engineering,1324,no_lawful_text_retained,no_lawful_text_retained,
PMID:34738800,Physics_Engineering,1325,no_lawful_text_retained,no_lawful_text_retained,
PMID:35449844,Physics_Engineering,1326,author_request_only,author_request_only,
PMID:36825567,Physics_Engineering,1327,no_lawful_text_retained,no_lawful_text_retained,
PMID:32669641,Physics_Engineering,1328,supplement_only_unverified,supplement_only_unverified,
PMID:40039515,Physics_Engineering,1329,no_lawful_text_retained,no_lawful_text_retained,
PMID:34883984,Physics_Engineering,1330,no_deposit_named,no_deposit_named,
PMID:37867383,Physics_Engineering,1331,no_lawful_text_retained,no_lawful_text_retained,
PMID:33781134,Physics_Engineering,1332,no_lawful_text_retained,no_lawful_text_retained,
PMID:36517307,Physics_Engineering,1333,no_lawful_text_retained,no_lawful_text_retained,
PMID:40488870,Physics_Engineering,1334,no_lawful_text_retained,no_lawful_text_retained,
PMID:37161718,Physics_Engineering,1335,no_lawful_text_retained,no_lawful_text_retained,
PMID:33345362,Physics_Engineering,1336,no_lawful_text_retained,no_lawful_text_retained,
PMID:37243886,Physics_Engineering,1337,no_lawful_text_retained,no_lawful_text_retained,
PMID:32931274,Physics_Engineering,1338,no_lawful_text_retained,no_lawful_text_retained,
PMID:33865563,Physics_Engineering,1339,no_lawful_text_retained,no_lawful_text_retained,
PMID:35176148,Physics_Engineering,1340,no_lawful_text_retained,no_lawful_text_retained,
PMID:37843622,Physics_Engineering,1341,no_lawful_text_retained,no_lawful_text_retained,
PMID:38521391,Physics_Engineering,1342,no_deposit_named,no_deposit_named,
PMID:36579612,Physics_Engineering,1343,no_deposit_named,no_deposit_named,
PMID:38619840,Physics_Engineering,1344,no_deposit_named,no_deposit_named,
PMID:33900065,Physics_Engineering,1345,no_deposit_named,no_deposit_named,
PMID:36210602,Physics_Engineering,1346,no_lawful_text_retained,no_lawful_text_retained,
PMID:32578974,Physics_Engineering,1347,no_lawful_text_retained,no_lawful_text_retained,
PMID:38669288,Physics_Engineering,1348,no_deposit_named,no_deposit_named,
PMID:35948818,Physics_Engineering,1349,no_lawful_text_retained,no_lawful_text_retained,
PMID:32072490,Physics_Engineering,1350,no_lawful_text_retained,no_lawful_text_retained,
PMID:39657516,Physics_Engineering,1351,no_lawful_text_retained,no_lawful_text_retained,
PMID:41123475,Physics_Engineering,1352,supplement_only_unverified,supplement_only_unverified,
PMID:33295341,Physics_Engineering,1353,no_lawful_text_retained,no_lawful_text_retained,
PMID:36101011,Physics_Engineering,1354,no_lawful_text_retained,no_lawful_text_retained,
PMID:40257880,Physics_Engineering,1355,no_lawful_text_retained,no_lawful_text_retained,
PMID:40107369,Physics_Engineering,1356,no_lawful_text_retained,no_lawful_text_retained,
PMID:32865824,Physics_Engineering,1357,no_lawful_text_retained,no_lawful_text_retained,
PMID:35882225,Physics_Engineering,1358,no_lawful_text_retained,no_lawful_text_retained,
PMID:36609672,Physics_Engineering,1359,author_request_only,author_request_only,
PMID:35532150,Physics_Engineering,1360,no_deposit_named,no_deposit_named,
PMID:32611147,Physics_Engineering,1361,no_lawful_text_retained,no_lawful_text_retained,
PMID:39117017,Physics_Engineering,1362,no_lawful_text_retained,no_lawful_text_retained,
PMID:41072126,Physics_Engineering,1363,no_lawful_text_retained,no_lawful_text_retained,
PMID:38942378,Physics_Engineering,1364,no_lawful_text_retained,no_lawful_text_retained,
PMID:40617999,Physics_Engineering,1365,no_lawful_text_retained,no_lawful_text_retained,
PMID:37718354,Physics_Engineering,1366,no_lawful_text_retained,no_lawful_text_retained,
PMID:40774487,Physics_Engineering,1367,no_lawful_text_retained,no_lawful_text_retained,
PMID:32744518,Physics_Engineering,1368,no_lawful_text_retained,no_lawful_text_retained,
PMID:37069042,Physics_Engineering,1369,no_lawful_text_retained,no_lawful_text_retained,
PMID:34502773,Physics_Engineering,1370,no_deposit_named,no_deposit_named,
PMID:35216161,Physics_Engineering,1371,no_deposit_named,no_deposit_named,
PMID:35591123,Physics_Engineering,1372,author_request_only,author_request_only,
PMID:41336515,Physics_Engineering,1373,no_lawful_text_retained,no_lawful_text_retained,
PMID:37012744,Physics_Engineering,1374,no_lawful_text_retained,no_lawful_text_retained,
PMID:33015740,Physics_Engineering,1375,no_lawful_text_retained,no_lawful_text_retained,
PMID:39078765,Physics_Engineering,1376,no_lawful_text_retained,no_lawful_text_retained,
PMID:37455181,Physics_Engineering,1377,no_lawful_text_retained,no_lawful_text_retained,
PMID:40548735,Physics_Engineering,1378,code_only_deposit,code_only_deposit,
PMID:32166793,Physics_Engineering,1379,no_lawful_text_retained,no_lawful_text_retained,
PMID:41016969,Physics_Engineering,1380,author_request_only,author_request_only,
PMID:38899549,Physics_Engineering,1381,open_route_named_pending_listing,code_only_deposit,zenodo:6856482=every_listed_file_is_implementation_material
PMID:35238944,Physics_Engineering,1382,no_deposit_named,no_deposit_named,
PMID:39515697,Physics_Engineering,1383,no_lawful_text_retained,no_lawful_text_retained,
PMID:32714381,Physics_Engineering,1384,no_deposit_named,no_deposit_named,
PMID:39441858,Physics_Engineering,1385,no_deposit_named,no_deposit_named,
PMID:33076082,Physics_Engineering,1386,no_lawful_text_retained,no_lawful_text_retained,
PMID:36882594,Physics_Engineering,1387,supplement_only_unverified,supplement_only_unverified,
PMID:35213861,Physics_Engineering,1388,no_lawful_text_retained,no_lawful_text_retained,
PMID:36480582,Physics_Engineering,1389,no_lawful_text_retained,no_lawful_text_retained,
PMID:39517862,Physics_Engineering,1390,open_route_named_pending_listing,,zenodo:11366389=anonymous_listing_with_sizes_within_caps
PMID:40984621,Physics_Engineering,1391,no_lawful_text_retained,no_lawful_text_retained,
PMID:34399289,Physics_Engineering,1392,no_lawful_text_retained,no_lawful_text_retained,
PMID:40541072,Physics_Engineering,1393,no_lawful_text_retained,no_lawful_text_retained,
PMID:41085891,Physics_Engineering,1394,no_lawful_text_retained,no_lawful_text_retained,
PMID:40694412,Physics_Engineering,1395,open_route_named_pending_listing,,bioproject:PRJNA1190462=anonymous_listing_with_sizes_within_caps; zenodo:14194699=anonymous_listing_with_sizes_within_caps
PMID:32227670,Physics_Engineering,1396,no_deposit_named,no_deposit_named,
PMID:34229794,Physics_Engineering,1397,no_lawful_text_retained,no_lawful_text_retained,
PMID:37667840,Physics_Engineering,1398,open_route_named_pending_listing,,zenodo:8223050=anonymous_listing_with_sizes_within_caps
PMID:33637707,Physics_Engineering,1399,author_request_only,author_request_only,
PMID:37960688,Physics_Engineering,1400,code_only_deposit,code_only_deposit,
PMID:40935110,Physics_Engineering,1401,no_lawful_text_retained,no_lawful_text_retained,
PMID:40402697,Physics_Engineering,1402,no_lawful_text_retained,no_lawful_text_retained,
PMID:35779258,Physics_Engineering,1403,no_deposit_named,no_deposit_named,
PMID:39119819,Physics_Engineering,1404,no_lawful_text_retained,no_lawful_text_retained,
PMID:35759415,Physics_Engineering,1405,no_lawful_text_retained,no_lawful_text_retained,
PMID:40915920,Physics_Engineering,1406,no_deposit_named,no_deposit_named,
PMID:39353350,Physics_Engineering,1407,no_lawful_text_retained,no_lawful_text_retained,
PMID:34891990,Physics_Engineering,1408,no_lawful_text_retained,no_lawful_text_retained,
PMID:32198050,Physics_Engineering,1409,code_only_deposit,code_only_deposit,
PMID:38606390,Physics_Engineering,1410,no_deposit_named,no_deposit_named,
PMID:34787133,Physics_Engineering,1411,no_lawful_text_retained,no_lawful_text_retained,
PMID:40810465,Physics_Engineering,1412,no_lawful_text_retained,no_lawful_text_retained,
PMID:34022461,Physics_Engineering,1413,no_lawful_text_retained,no_lawful_text_retained,
PMID:35978252,Physics_Engineering,1414,supplement_only_unverified,supplement_only_unverified,
PMID:38965779,Physics_Engineering,1415,no_lawful_text_retained,no_lawful_text_retained,
PMID:32740825,Physics_Engineering,1416,no_deposit_named,no_deposit_named,
PMID:40295627,Physics_Engineering,1417,author_request_only,author_request_only,
PMID:41083557,Physics_Engineering,1418,author_request_only,author_request_only,
PMID:36615511,Physics_Engineering,1419,author_request_only,author_request_only,
PMID:32970823,Physics_Engineering,1420,no_lawful_text_retained,no_lawful_text_retained,
PMID:37774710,Physics_Engineering,1421,no_lawful_text_retained,no_lawful_text_retained,
PMID:36528322,Physics_Engineering,1422,no_lawful_text_retained,no_lawful_text_retained,
PMID:39660782,Physics_Engineering,1423,no_lawful_text_retained,no_lawful_text_retained,
PMID:41445340,Social_Behavioral,1,no_lawful_text_retained,no_lawful_text_retained,
PMID:41831936,Social_Behavioral,2,no_lawful_text_retained,no_lawful_text_retained,
PMID:35654511,Social_Behavioral,3,no_lawful_text_retained,no_lawful_text_retained,
PMID:33574863,Social_Behavioral,4,no_deposit_named,no_deposit_named,
PMID:34213460,Social_Behavioral,5,no_lawful_text_retained,no_lawful_text_retained,
PMID:40496022,Social_Behavioral,6,no_deposit_named,no_deposit_named,
PMID:36701571,Social_Behavioral,7,no_lawful_text_retained,no_lawful_text_retained,
PMID:35017324,Social_Behavioral,8,no_lawful_text_retained,no_lawful_text_retained,
PMID:34974093,Social_Behavioral,9,no_lawful_text_retained,no_lawful_text_retained,
PMID:41497311,Social_Behavioral,10,author_request_only,author_request_only,
PMID:38252604,Social_Behavioral,11,no_lawful_text_retained,no_lawful_text_retained,
PMID:33584682,Social_Behavioral,12,supplement_only_unverified,supplement_only_unverified,
PMID:41602020,Social_Behavioral,13,no_deposit_named,no_deposit_named,
PMID:38156798,Social_Behavioral,14,no_lawful_text_retained,no_lawful_text_retained,
PMID:38138279,Social_Behavioral,15,author_request_only,author_request_only,
PMID:41462404,Social_Behavioral,16,supplement_only_unverified,supplement_only_unverified,
PMID:33385680,Social_Behavioral,17,no_lawful_text_retained,no_lawful_text_retained,
PMID:38504849,Social_Behavioral,18,no_deposit_named,no_deposit_named,
PMID:41716487,Social_Behavioral,19,application_required,application_required,
PMID:40224823,Social_Behavioral,20,no_deposit_named,no_deposit_named,
PMID:36608101,Social_Behavioral,21,no_deposit_named,no_deposit_named,
PMID:38156840,Social_Behavioral,22,no_deposit_named,no_deposit_named,
PMID:35238355,Social_Behavioral,23,no_deposit_named,no_deposit_named,
PMID:39752762,Social_Behavioral,24,no_lawful_text_retained,no_lawful_text_retained,
PMID:34962559,Social_Behavioral,25,application_required,application_required,
PMID:33779286,Social_Behavioral,26,no_lawful_text_retained,no_lawful_text_retained,
PMID:41662735,Social_Behavioral,27,no_deposit_named,no_deposit_named,
PMID:35075444,Social_Behavioral,28,no_lawful_text_retained,no_lawful_text_retained,
PMID:36634553,Social_Behavioral,29,no_lawful_text_retained,no_lawful_text_retained,
PMID:35092871,Social_Behavioral,30,no_lawful_text_retained,no_lawful_text_retained,
PMID:37585066,Social_Behavioral,31,no_lawful_text_retained,no_lawful_text_retained,
PMID:38715202,Social_Behavioral,32,no_lawful_text_retained,no_lawful_text_retained,
PMID:39774352,Social_Behavioral,33,no_lawful_text_retained,no_lawful_text_retained,
PMID:33598082,Social_Behavioral,34,no_deposit_named,no_deposit_named,
PMID:41452942,Social_Behavioral,35,no_lawful_text_retained,no_lawful_text_retained,
PMID:39816057,Social_Behavioral,36,author_request_only,author_request_only,
PMID:36660283,Social_Behavioral,37,no_lawful_text_retained,no_lawful_text_retained,
PMID:39811176,Social_Behavioral,38,no_lawful_text_retained,no_lawful_text_retained,
PMID:39897183,Social_Behavioral,39,supplement_only_unverified,supplement_only_unverified,
PMID:36589806,Social_Behavioral,40,no_deposit_named,no_deposit_named,
PMID:38158155,Social_Behavioral,41,no_lawful_text_retained,no_lawful_text_retained,
PMID:33390564,Social_Behavioral,42,no_lawful_text_retained,no_lawful_text_retained,
PMID:34974367,Social_Behavioral,43,no_lawful_text_retained,no_lawful_text_retained,
PMID:39740540,Social_Behavioral,44,no_lawful_text_retained,no_lawful_text_retained,
PMID:33558196,Social_Behavioral,45,no_lawful_text_retained,no_lawful_text_retained,
PMID:41671452,Social_Behavioral,46,no_lawful_text_retained,no_lawful_text_retained,
PMID:33883846,Social_Behavioral,47,no_deposit_named,no_deposit_named,
PMID:39023589,Social_Behavioral,48,no_lawful_text_retained,no_lawful_text_retained,
PMID:39744359,Social_Behavioral,49,supplement_only_unverified,supplement_only_unverified,
PMID:33412452,Social_Behavioral,50,no_lawful_text_retained,no_lawful_text_retained,
PMID:34961536,Social_Behavioral,51,supplement_only_unverified,supplement_only_unverified,
PMID:41442112,Social_Behavioral,52,no_lawful_text_retained,no_lawful_text_retained,
PMID:41456118,Social_Behavioral,53,no_lawful_text_retained,no_lawful_text_retained,
PMID:33775088,Social_Behavioral,54,no_lawful_text_retained,no_lawful_text_retained,
PMID:36621211,Social_Behavioral,55,no_lawful_text_retained,no_lawful_text_retained,
PMID:38736066,Social_Behavioral,56,no_lawful_text_retained,no_lawful_text_retained,
PMID:38214244,Social_Behavioral,57,no_lawful_text_retained,no_lawful_text_retained,
PMID:34969215,Social_Behavioral,58,no_lawful_text_retained,no_lawful_text_retained,
PMID:35136578,Social_Behavioral,59,open_route_named_pending_listing,,figshare:15148851=anonymous_listing_with_sizes_within_caps; figshare:16617511=anonymous_listing_with_sizes_within_caps
PMID:33543912,Social_Behavioral,60,no_lawful_text_retained,no_lawful_text_retained,
PMID:33445924,Social_Behavioral,61,no_lawful_text_retained,no_lawful_text_retained,
PMID:39998545,Social_Behavioral,62,no_lawful_text_retained,no_lawful_text_retained,
PMID:38150974,Social_Behavioral,63,no_lawful_text_retained,no_lawful_text_retained,
PMID:33431210,Social_Behavioral,64,no_lawful_text_retained,no_lawful_text_retained,
PMID:36789812,Social_Behavioral,65,no_lawful_text_retained,no_lawful_text_retained,
PMID:38143153,Social_Behavioral,66,no_lawful_text_retained,no_lawful_text_retained,
PMID:41457451,Social_Behavioral,67,no_lawful_text_retained,no_lawful_text_retained,
PMID:41451719,Social_Behavioral,68,no_lawful_text_retained,no_lawful_text_retained,
PMID:36580415,Social_Behavioral,69,no_deposit_named,no_deposit_named,
PMID:39739951,Social_Behavioral,70,author_request_only,author_request_only,
PMID:39845663,Social_Behavioral,71,supplement_only_unverified,supplement_only_unverified,
PMID:39806738,Social_Behavioral,72,author_request_only,author_request_only,
PMID:40151862,Social_Behavioral,73,no_lawful_text_retained,no_lawful_text_retained,
PMID:33416611,Social_Behavioral,74,no_lawful_text_retained,no_lawful_text_retained,
PMID:36800835,Social_Behavioral,75,no_lawful_text_retained,no_lawful_text_retained,
PMID:40549599,Social_Behavioral,76,no_lawful_text_retained,no_lawful_text_retained,
PMID:33376181,Social_Behavioral,77,no_deposit_named,no_deposit_named,
PMID:41444790,Social_Behavioral,78,author_request_only,author_request_only,
PMID:38289779,Social_Behavioral,79,no_deposit_named,no_deposit_named,
PMID:41478696,Social_Behavioral,80,no_lawful_text_retained,no_lawful_text_retained,
PMID:39770374,Social_Behavioral,81,supplement_only_unverified,supplement_only_unverified,
PMID:35036641,Social_Behavioral,82,no_deposit_named,no_deposit_named,
PMID:33384016,Social_Behavioral,83,no_lawful_text_retained,no_lawful_text_retained,
PMID:38155949,Social_Behavioral,84,no_deposit_named,no_deposit_named,
PMID:39806638,Social_Behavioral,85,author_request_only,author_request_only,
PMID:39906403,Social_Behavioral,86,no_deposit_named,no_deposit_named,
PMID:38725212,Social_Behavioral,87,no_lawful_text_retained,no_lawful_text_retained,
PMID:35028319,Social_Behavioral,88,author_request_only,author_request_only,
PMID:33385586,Social_Behavioral,89,no_lawful_text_retained,no_lawful_text_retained,
PMID:39752921,Social_Behavioral,90,no_lawful_text_retained,no_lawful_text_retained,
PMID:33381119,Social_Behavioral,91,no_deposit_named,no_deposit_named,
PMID:38282767,Social_Behavioral,92,no_deposit_named,no_deposit_named,
PMID:36777779,Social_Behavioral,93,no_deposit_named,no_deposit_named,
PMID:39734220,Social_Behavioral,94,supplement_only_unverified,supplement_only_unverified,
PMID:40445070,Social_Behavioral,95,no_lawful_text_retained,no_lawful_text_retained,
PMID:41786413,Social_Behavioral,96,no_lawful_text_retained,no_lawful_text_retained,
PMID:38149448,Social_Behavioral,97,no_lawful_text_retained,no_lawful_text_retained,
PMID:34177052,Social_Behavioral,98,no_deposit_named,no_deposit_named,
PMID:33388270,Social_Behavioral,99,no_lawful_text_retained,no_lawful_text_retained,
PMID:36600939,Social_Behavioral,100,no_deposit_named,no_deposit_named,
PMID:41478149,Social_Behavioral,101,no_lawful_text_retained,no_lawful_text_retained,
PMID:37114311,Social_Behavioral,102,no_lawful_text_retained,no_lawful_text_retained,
PMID:41470096,Social_Behavioral,103,no_deposit_named,no_deposit_named,
PMID:41519025,Social_Behavioral,104,no_lawful_text_retained,no_lawful_text_retained,
PMID:39918366,Social_Behavioral,105,no_lawful_text_retained,no_lawful_text_retained,
PMID:35175215,Social_Behavioral,106,no_deposit_named,no_deposit_named,
PMID:33438654,Social_Behavioral,107,no_lawful_text_retained,no_lawful_text_retained,
PMID:41640533,Social_Behavioral,108,author_request_only,author_request_only,
PMID:41462506,Social_Behavioral,109,author_request_only,author_request_only,
PMID:39099516,Social_Behavioral,110,no_deposit_named,no_deposit_named,
PMID:33416763,Social_Behavioral,111,no_lawful_text_retained,no_lawful_text_retained,
PMID:38219448,Social_Behavioral,112,no_deposit_named,no_deposit_named,
PMID:39998529,Social_Behavioral,113,no_lawful_text_retained,no_lawful_text_retained,
PMID:34035902,Social_Behavioral,114,no_deposit_named,no_deposit_named,
PMID:38145673,Social_Behavioral,115,no_lawful_text_retained,no_lawful_text_retained,
PMID:36584894,Social_Behavioral,116,no_lawful_text_retained,no_lawful_text_retained,
PMID:39810349,Social_Behavioral,117,no_lawful_text_retained,no_lawful_text_retained,
PMID:33413812,Social_Behavioral,118,no_deposit_named,no_deposit_named,
PMID:36580949,Social_Behavioral,119,no_deposit_named,no_deposit_named,
PMID:36817069,Social_Behavioral,120,no_deposit_named,no_deposit_named,
PMID:39886997,Social_Behavioral,121,no_lawful_text_retained,no_lawful_text_retained,
PMID:39882132,Social_Behavioral,122,supplement_only_unverified,supplement_only_unverified,
PMID:41442705,Social_Behavioral,123,author_request_only,author_request_only,
PMID:39732617,Social_Behavioral,124,no_lawful_text_retained,no_lawful_text_retained,
PMID:41786416,Social_Behavioral,125,no_lawful_text_retained,no_lawful_text_retained,
PMID:39806677,Social_Behavioral,126,author_request_only,author_request_only,
PMID:36721734,Social_Behavioral,127,no_deposit_named,no_deposit_named,
PMID:39744632,Social_Behavioral,128,supplement_only_unverified,supplement_only_unverified,
PMID:35095890,Social_Behavioral,129,no_deposit_named,no_deposit_named,
PMID:39736740,Social_Behavioral,130,author_request_only,author_request_only,
PMID:34971901,Social_Behavioral,131,no_lawful_text_retained,no_lawful_text_retained,
PMID:40412940,Social_Behavioral,132,no_lawful_text_retained,no_lawful_text_retained,
PMID:41475328,Social_Behavioral,133,no_lawful_text_retained,no_lawful_text_retained,
PMID:35032377,Social_Behavioral,134,no_lawful_text_retained,no_lawful_text_retained,
PMID:41595847,Social_Behavioral,135,no_deposit_named,no_deposit_named,
PMID:38248521,Social_Behavioral,136,no_deposit_named,no_deposit_named,
PMID:33641847,Social_Behavioral,137,no_lawful_text_retained,no_lawful_text_retained,
PMID:41459518,Social_Behavioral,138,no_deposit_named,no_deposit_named,
PMID:40167269,Social_Behavioral,139,no_lawful_text_retained,no_lawful_text_retained,
PMID:33416669,Social_Behavioral,140,no_lawful_text_retained,no_lawful_text_retained,
PMID:41450512,Social_Behavioral,141,no_deposit_named,no_deposit_named,
PMID:41465286,Social_Behavioral,142,supplement_only_unverified,supplement_only_unverified,
PMID:41468704,Social_Behavioral,143,no_lawful_text_retained,no_lawful_text_retained,
PMID:36945987,Social_Behavioral,144,no_deposit_named,no_deposit_named,
PMID:38203048,Social_Behavioral,145,no_deposit_named,no_deposit_named,
PMID:38376292,Social_Behavioral,146,no_lawful_text_retained,no_lawful_text_retained,
PMID:40224888,Social_Behavioral,147,author_request_only,author_request_only,
PMID:37336608,Social_Behavioral,148,no_lawful_text_retained,no_lawful_text_retained,
PMID:33383268,Social_Behavioral,149,no_lawful_text_retained,no_lawful_text_retained,
PMID:38249415,Social_Behavioral,150,supplement_only_unverified,supplement_only_unverified,
PMID:39788575,Social_Behavioral,151,author_request_only,author_request_only,
PMID:37010222,Social_Behavioral,152,no_lawful_text_retained,no_lawful_text_retained,
PMID:33388261,Social_Behavioral,153,no_lawful_text_retained,no_lawful_text_retained,
PMID:33563411,Social_Behavioral,154,no_lawful_text_retained,no_lawful_text_retained,
PMID:33549432,Social_Behavioral,155,no_lawful_text_retained,no_lawful_text_retained,
PMID:39806688,Social_Behavioral,156,author_request_only,author_request_only,
PMID:36930026,Social_Behavioral,157,no_deposit_named,no_deposit_named,
PMID:41457241,Social_Behavioral,158,author_request_only,author_request_only,
PMID:41472241,Social_Behavioral,159,supplement_only_unverified,supplement_only_unverified,
PMID:34964101,Social_Behavioral,160,no_lawful_text_retained,no_lawful_text_retained,
PMID:39739159,Social_Behavioral,161,no_lawful_text_retained,no_lawful_text_retained,
PMID:34961396,Social_Behavioral,162,no_lawful_text_retained,no_lawful_text_retained,
PMID:33383422,Social_Behavioral,163,no_lawful_text_retained,no_lawful_text_retained,
PMID:38269550,Social_Behavioral,164,no_lawful_text_retained,no_lawful_text_retained,
PMID:33448567,Social_Behavioral,165,no_lawful_text_retained,no_lawful_text_retained,
PMID:35010996,Social_Behavioral,166,author_request_only,author_request_only,
PMID:41443313,Social_Behavioral,167,no_lawful_text_retained,no_lawful_text_retained,
PMID:38153382,Social_Behavioral,168,no_lawful_text_retained,no_lawful_text_retained,
PMID:41487643,Social_Behavioral,169,no_deposit_named,no_deposit_named,
PMID:33617043,Social_Behavioral,170,no_lawful_text_retained,no_lawful_text_retained,
PMID:41459529,Social_Behavioral,171,supplement_only_unverified,supplement_only_unverified,
PMID:40602873,Social_Behavioral,172,no_lawful_text_retained,no_lawful_text_retained,
PMID:36607945,Social_Behavioral,173,no_lawful_text_retained,no_lawful_text_retained,
PMID:34960300,Social_Behavioral,174,author_request_only,author_request_only,
PMID:36068103,Social_Behavioral,175,no_lawful_text_retained,no_lawful_text_retained,
PMID:33397611,Social_Behavioral,176,no_lawful_text_retained,no_lawful_text_retained,
PMID:34982977,Social_Behavioral,177,no_lawful_text_retained,no_lawful_text_retained,
PMID:34096204,Social_Behavioral,178,no_lawful_text_retained,no_lawful_text_retained,
PMID:38143328,Social_Behavioral,179,no_lawful_text_retained,no_lawful_text_retained,
PMID:34968085,Social_Behavioral,180,no_lawful_text_retained,no_lawful_text_retained,
PMID:36621160,Social_Behavioral,181,no_lawful_text_retained,no_lawful_text_retained,
PMID:38154415,Social_Behavioral,182,no_lawful_text_retained,no_lawful_text_retained,
PMID:38147144,Social_Behavioral,183,supplement_only_unverified,supplement_only_unverified,
PMID:36730153,Social_Behavioral,184,no_lawful_text_retained,no_lawful_text_retained,
PMID:36583431,Social_Behavioral,185,no_deposit_named,no_deposit_named,
PMID:33418433,Social_Behavioral,186,no_lawful_text_retained,no_lawful_text_retained,
PMID:33396257,Social_Behavioral,187,author_request_only,author_request_only,
PMID:34973356,Social_Behavioral,188,no_deposit_named,no_deposit_named,
PMID:35019021,Social_Behavioral,189,no_lawful_text_retained,no_lawful_text_retained,
PMID:33412834,Social_Behavioral,190,no_lawful_text_retained,no_lawful_text_retained,
PMID:34018884,Social_Behavioral,191,no_lawful_text_retained,no_lawful_text_retained,
PMID:39832245,Social_Behavioral,192,no_lawful_text_retained,no_lawful_text_retained,
PMID:34965802,Social_Behavioral,193,no_lawful_text_retained,no_lawful_text_retained,
PMID:41455914,Social_Behavioral,194,author_request_only,author_request_only,
PMID:35037753,Social_Behavioral,195,no_deposit_named,no_deposit_named,
PMID:34670709,Social_Behavioral,196,no_lawful_text_retained,no_lawful_text_retained,
PMID:40177024,Social_Behavioral,197,open_route_named_pending_listing,,figshare:25892764=anonymous_listing_with_sizes_within_caps
PMID:38241941,Social_Behavioral,198,no_lawful_text_retained,no_lawful_text_retained,
PMID:41640562,Social_Behavioral,199,author_request_only,author_request_only,
PMID:34995040,Social_Behavioral,200,no_deposit_named,no_deposit_named,
PMID:36612848,Social_Behavioral,201,author_request_only,author_request_only,
PMID:33422824,Social_Behavioral,202,no_lawful_text_retained,no_lawful_text_retained,
PMID:39733967,Social_Behavioral,203,no_lawful_text_retained,no_lawful_text_retained,
PMID:34966965,Social_Behavioral,204,no_lawful_text_retained,no_lawful_text_retained,
PMID:33463760,Social_Behavioral,205,no_deposit_named,no_deposit_named,
PMID:39742980,Social_Behavioral,206,no_lawful_text_retained,no_lawful_text_retained,
PMID:39809177,Social_Behavioral,207,author_request_only,author_request_only,
PMID:40190426,Social_Behavioral,208,no_deposit_named,no_deposit_named,
PMID:37543889,Social_Behavioral,209,no_deposit_named,no_deposit_named,
PMID:41443551,Social_Behavioral,210,no_lawful_text_retained,no_lawful_text_retained,
PMID:38406932,Social_Behavioral,211,no_lawful_text_retained,no_lawful_text_retained,
PMID:33740807,Social_Behavioral,212,no_lawful_text_retained,no_lawful_text_retained,
PMID:36584142,Social_Behavioral,213,author_request_only,author_request_only,
PMID:39959592,Social_Behavioral,214,no_deposit_named,no_deposit_named,
PMID:38159681,Social_Behavioral,215,no_lawful_text_retained,no_lawful_text_retained,
PMID:41469611,Social_Behavioral,216,supplement_only_unverified,supplement_only_unverified,
PMID:38314547,Social_Behavioral,217,no_lawful_text_retained,no_lawful_text_retained,
PMID:41486033,Social_Behavioral,218,no_lawful_text_retained,no_lawful_text_retained,
PMID:36583305,Social_Behavioral,219,no_deposit_named,no_deposit_named,
PMID:34484829,Social_Behavioral,220,no_deposit_named,no_deposit_named,
PMID:39742891,Social_Behavioral,221,no_lawful_text_retained,no_lawful_text_retained,
PMID:37355941,Social_Behavioral,222,no_lawful_text_retained,no_lawful_text_retained,
PMID:38161054,Social_Behavioral,223,no_lawful_text_retained,no_lawful_text_retained,
PMID:35368573,Social_Behavioral,224,no_lawful_text_retained,no_lawful_text_retained,
PMID:40156782,Social_Behavioral,225,no_lawful_text_retained,no_lawful_text_retained,
PMID:33706491,Social_Behavioral,226,no_lawful_text_retained,no_lawful_text_retained,
PMID:38416929,Social_Behavioral,227,no_lawful_text_retained,no_lawful_text_retained,
PMID:33380658,Social_Behavioral,228,no_lawful_text_retained,no_lawful_text_retained,
PMID:39959325,Social_Behavioral,229,no_deposit_named,no_deposit_named,
PMID:38167182,Social_Behavioral,230,no_lawful_text_retained,no_lawful_text_retained,
PMID:36586761,Social_Behavioral,231,no_lawful_text_retained,no_lawful_text_retained,
PMID:39741885,Social_Behavioral,232,no_deposit_named,no_deposit_named,
PMID:41458543,Social_Behavioral,233,no_deposit_named,no_deposit_named,
PMID:36612948,Social_Behavioral,234,author_request_only,author_request_only,
PMID:34969477,Social_Behavioral,235,no_lawful_text_retained,no_lawful_text_retained,
PMID:41486016,Social_Behavioral,236,no_lawful_text_retained,no_lawful_text_retained,
PMID:35948015,Social_Behavioral,237,no_lawful_text_retained,no_lawful_text_retained,
PMID:41669923,Social_Behavioral,238,author_request_only,author_request_only,
PMID:36728666,Social_Behavioral,239,no_lawful_text_retained,no_lawful_text_retained,
PMID:37585169,Social_Behavioral,240,no_lawful_text_retained,no_lawful_text_retained,
PMID:38149333,Social_Behavioral,241,no_lawful_text_retained,no_lawful_text_retained,
PMID:36613023,Social_Behavioral,242,no_deposit_named,no_deposit_named,
PMID:35435434,Social_Behavioral,243,no_lawful_text_retained,no_lawful_text_retained,
PMID:40772434,Social_Behavioral,244,author_request_only,author_request_only,
PMID:38149094,Social_Behavioral,245,application_required,application_required,
PMID:39832248,Social_Behavioral,246,no_lawful_text_retained,no_lawful_text_retained,
PMID:39989483,Social_Behavioral,247,no_lawful_text_retained,no_lawful_text_retained,
PMID:35685983,Social_Behavioral,248,no_deposit_named,no_deposit_named,
PMID:36600384,Social_Behavioral,249,author_request_only,author_request_only,
PMID:33375840,Social_Behavioral,250,no_lawful_text_retained,no_lawful_text_retained,
PMID:35500952,Social_Behavioral,251,no_lawful_text_retained,no_lawful_text_retained,
PMID:34364712,Social_Behavioral,252,no_lawful_text_retained,no_lawful_text_retained,
PMID:39772123,Social_Behavioral,253,no_deposit_named,no_deposit_named,
PMID:38289809,Social_Behavioral,254,no_deposit_named,no_deposit_named,
PMID:37013296,Social_Behavioral,255,no_lawful_text_retained,no_lawful_text_retained,
PMID:39072454,Social_Behavioral,256,no_lawful_text_retained,no_lawful_text_retained,
PMID:35011063,Social_Behavioral,257,author_request_only,author_request_only,
PMID:38163589,Social_Behavioral,258,no_lawful_text_retained,no_lawful_text_retained,
PMID:34506376,Social_Behavioral,259,no_deposit_named,no_deposit_named,
PMID:41478239,Social_Behavioral,260,no_lawful_text_retained,no_lawful_text_retained,
PMID:39815960,Social_Behavioral,261,no_lawful_text_retained,no_lawful_text_retained,
PMID:36711339,Social_Behavioral,262,no_deposit_named,no_deposit_named,
PMID:35569023,Social_Behavioral,263,no_lawful_text_retained,no_lawful_text_retained,
PMID:39959312,Social_Behavioral,264,no_deposit_named,no_deposit_named,
PMID:38313168,Social_Behavioral,265,no_deposit_named,no_deposit_named,
PMID:38149370,Social_Behavioral,266,no_lawful_text_retained,no_lawful_text_retained,
PMID:41832646,Social_Behavioral,267,no_lawful_text_retained,no_lawful_text_retained,
PMID:41473733,Social_Behavioral,268,no_deposit_named,no_deposit_named,
PMID:35121883,Social_Behavioral,269,no_lawful_text_retained,no_lawful_text_retained,
PMID:41453275,Social_Behavioral,270,no_lawful_text_retained,no_lawful_text_retained,
PMID:36586749,Social_Behavioral,271,no_lawful_text_retained,no_lawful_text_retained,
PMID:41453821,Social_Behavioral,272,no_lawful_text_retained,no_lawful_text_retained,
PMID:38159942,Social_Behavioral,273,no_deposit_named,no_deposit_named,
PMID:38325320,Social_Behavioral,274,no_lawful_text_retained,no_lawful_text_retained,
PMID:41470200,Social_Behavioral,275,author_request_only,author_request_only,
PMID:40104222,Social_Behavioral,276,no_deposit_named,no_deposit_named,
PMID:38169653,Social_Behavioral,277,supplement_only_unverified,supplement_only_unverified,
PMID:33601726,Social_Behavioral,278,no_lawful_text_retained,no_lawful_text_retained,
PMID:38176175,Social_Behavioral,279,no_lawful_text_retained,no_lawful_text_retained,
PMID:39807744,Social_Behavioral,280,no_lawful_text_retained,no_lawful_text_retained,
PMID:35125191,Social_Behavioral,281,no_lawful_text_retained,no_lawful_text_retained,
PMID:36612391,Social_Behavioral,282,no_deposit_named,no_deposit_named,
PMID:36599193,Social_Behavioral,283,no_lawful_text_retained,no_lawful_text_retained,
PMID:41583491,Social_Behavioral,284,supplement_only_unverified,supplement_only_unverified,
PMID:39806661,Social_Behavioral,285,no_deposit_named,no_deposit_named,
PMID:39737486,Social_Behavioral,286,no_lawful_text_retained,no_lawful_text_retained,
PMID:38763575,Social_Behavioral,287,no_lawful_text_retained,no_lawful_text_retained,
PMID:34962134,Social_Behavioral,288,no_deposit_named,no_deposit_named,
PMID:34962652,Social_Behavioral,289,no_lawful_text_retained,no_lawful_text_retained,
PMID:39912687,Social_Behavioral,290,author_request_only,author_request_only,
PMID:33444208,Social_Behavioral,291,no_deposit_named,no_deposit_named,
PMID:33412926,Social_Behavioral,292,no_lawful_text_retained,no_lawful_text_retained,
PMID:41452880,Social_Behavioral,293,open_route_named_pending_listing,,zenodo:17073723=every_listed_file_is_implementation_material; zenodo:17073818=anonymous_listing_with_sizes_within_caps
PMID:41462323,Social_Behavioral,294,author_request_only,author_request_only,
PMID:39742367,Social_Behavioral,295,author_request_only,author_request_only,
PMID:39742702,Social_Behavioral,296,no_lawful_text_retained,no_lawful_text_retained,
PMID:38148418,Social_Behavioral,297,no_lawful_text_retained,no_lawful_text_retained,
PMID:35150512,Social_Behavioral,298,no_lawful_text_retained,no_lawful_text_retained,
PMID:41485311,Social_Behavioral,299,no_lawful_text_retained,no_lawful_text_retained,
PMID:41710138,Social_Behavioral,300,no_deposit_named,no_deposit_named,
PMID:36715597,Social_Behavioral,301,no_lawful_text_retained,no_lawful_text_retained,
PMID:38700305,Social_Behavioral,302,no_lawful_text_retained,no_lawful_text_retained,
PMID:33455352,Social_Behavioral,303,no_lawful_text_retained,no_lawful_text_retained,
PMID:33579418,Social_Behavioral,304,no_lawful_text_retained,no_lawful_text_retained,
PMID:41453010,Social_Behavioral,305,no_deposit_named,no_deposit_named,
PMID:36960598,Social_Behavioral,306,no_deposit_named,no_deposit_named,
PMID:37339132,Social_Behavioral,307,no_lawful_text_retained,no_lawful_text_retained,
PMID:34974088,Social_Behavioral,308,no_lawful_text_retained,no_lawful_text_retained,
PMID:40039923,Social_Behavioral,309,no_lawful_text_retained,no_lawful_text_retained,
PMID:41607905,Social_Behavioral,310,no_deposit_named,no_deposit_named,
PMID:35029554,Social_Behavioral,311,no_lawful_text_retained,no_lawful_text_retained,
PMID:41726483,Social_Behavioral,312,no_lawful_text_retained,no_lawful_text_retained,
PMID:40072542,Social_Behavioral,313,open_route_named_pending_listing,code_only_deposit,zenodo:13947868=every_listed_file_is_implementation_material
PMID:36612337,Social_Behavioral,314,no_deposit_named,no_deposit_named,
PMID:33379078,Social_Behavioral,315,no_lawful_text_retained,no_lawful_text_retained,
PMID:41461750,Social_Behavioral,316,author_request_only,author_request_only,
PMID:41457526,Social_Behavioral,317,no_lawful_text_retained,no_lawful_text_retained,
PMID:33385414,Social_Behavioral,318,no_lawful_text_retained,no_lawful_text_retained,
PMID:33520918,Social_Behavioral,319,open_route_named_pending_listing,listing_unavailable,mendeley:9s6fm7vdbc.1=listing_not_machine_readable; osf:8nq47=identifier_is_a_preprint_not_a_data_deposit
PMID:33397061,Social_Behavioral,320,no_lawful_text_retained,no_lawful_text_retained,
PMID:34991007,Social_Behavioral,321,no_lawful_text_retained,no_lawful_text_retained,
PMID:33425842,Social_Behavioral,322,supplement_only_unverified,supplement_only_unverified,
PMID:41497487,Social_Behavioral,323,author_request_only,author_request_only,
PMID:34969592,Social_Behavioral,324,no_lawful_text_retained,no_lawful_text_retained,
PMID:36646602,Social_Behavioral,325,no_lawful_text_retained,no_lawful_text_retained,
PMID:41726488,Social_Behavioral,326,no_lawful_text_retained,no_lawful_text_retained,
PMID:35126309,Social_Behavioral,327,open_route_named_pending_listing,,bioproject:PRJNA777658=anonymous_listing_with_sizes_within_caps
PMID:40418025,Social_Behavioral,328,no_lawful_text_retained,no_lawful_text_retained,
PMID:38170847,Social_Behavioral,329,author_request_only,author_request_only,
PMID:36748512,Social_Behavioral,330,open_route_named_pending_listing,above_cap,bioproject:PRJNA818081=announced_sizes_exceed_amendment_caps
PMID:41457886,Social_Behavioral,331,no_lawful_text_retained,no_lawful_text_retained,
PMID:38670672,Social_Behavioral,332,no_lawful_text_retained,no_lawful_text_retained,
PMID:38221343,Social_Behavioral,333,no_lawful_text_retained,no_lawful_text_retained,
PMID:38139296,Social_Behavioral,334,author_request_only,author_request_only,
PMID:35004598,Social_Behavioral,335,no_deposit_named,no_deposit_named,
PMID:36612393,Social_Behavioral,336,no_deposit_named,no_deposit_named,
PMID:38145737,Social_Behavioral,337,no_lawful_text_retained,no_lawful_text_retained,
PMID:38181483,Social_Behavioral,338,no_lawful_text_retained,no_lawful_text_retained,
PMID:36705210,Social_Behavioral,339,no_deposit_named,no_deposit_named,
PMID:35032854,Social_Behavioral,340,no_lawful_text_retained,no_lawful_text_retained,
PMID:33478708,Social_Behavioral,341,no_deposit_named,no_deposit_named,
PMID:34968754,Social_Behavioral,342,no_lawful_text_retained,no_lawful_text_retained,
PMID:36585982,Social_Behavioral,343,author_request_only,author_request_only,
PMID:41479551,Social_Behavioral,344,no_deposit_named,no_deposit_named,
PMID:37123155,Social_Behavioral,345,no_lawful_text_retained,no_lawful_text_retained,
PMID:40777944,Social_Behavioral,346,author_request_only,author_request_only,
PMID:34504355,Social_Behavioral,347,no_deposit_named,no_deposit_named,
PMID:39895948,Social_Behavioral,348,open_route_named_pending_listing,,figshare:23684778=anonymous_listing_with_sizes_within_caps; figshare:23684859=anonymous_listing_with_sizes_within_caps
PMID:36600617,Social_Behavioral,349,no_lawful_text_retained,no_lawful_text_retained,
PMID:38232244,Social_Behavioral,350,no_deposit_named,no_deposit_named,
PMID:38160504,Social_Behavioral,351,no_lawful_text_retained,no_lawful_text_retained,
PMID:33401048,Social_Behavioral,352,no_lawful_text_retained,no_lawful_text_retained,
PMID:36729670,Social_Behavioral,353,no_lawful_text_retained,no_lawful_text_retained,
PMID:33618469,Social_Behavioral,354,no_lawful_text_retained,no_lawful_text_retained,
PMID:40039064,Social_Behavioral,355,no_lawful_text_retained,no_lawful_text_retained,
PMID:41455100,Social_Behavioral,356,no_lawful_text_retained,no_lawful_text_retained,
PMID:35266742,Social_Behavioral,357,no_lawful_text_retained,no_lawful_text_retained,
PMID:39767550,Social_Behavioral,358,no_deposit_named,no_deposit_named,
PMID:41484024,Social_Behavioral,359,no_lawful_text_retained,no_lawful_text_retained,
PMID:33476998,Social_Behavioral,360,no_deposit_named,no_deposit_named,
PMID:39740256,Social_Behavioral,361,no_lawful_text_retained,no_lawful_text_retained,
PMID:35007976,Social_Behavioral,362,no_lawful_text_retained,no_lawful_text_retained,
PMID:36691167,Social_Behavioral,363,no_deposit_named,no_deposit_named,
PMID:35074151,Social_Behavioral,364,no_lawful_text_retained,no_lawful_text_retained,
PMID:36648264,Social_Behavioral,365,no_lawful_text_retained,no_lawful_text_retained,
PMID:34964295,Social_Behavioral,366,open_route_named_pending_listing,above_cap,bioproject:PRJNA763206=announced_sizes_exceed_amendment_caps; zenodo:3384841=every_listed_file_is_implementation_material
PMID:39733475,Social_Behavioral,367,no_lawful_text_retained,no_lawful_text_retained,
PMID:38217931,Social_Behavioral,368,no_lawful_text_retained,no_lawful_text_retained,
PMID:39859019,Social_Behavioral,369,author_request_only,author_request_only,
PMID:38251236,Social_Behavioral,370,no_deposit_named,no_deposit_named,
PMID:39936061,Social_Behavioral,371,no_deposit_named,no_deposit_named,
PMID:33396798,Social_Behavioral,372,no_deposit_named,no_deposit_named,
PMID:36579992,Social_Behavioral,373,author_request_only,author_request_only,
PMID:38228476,Social_Behavioral,374,no_lawful_text_retained,no_lawful_text_retained,
PMID:35129420,Social_Behavioral,375,no_lawful_text_retained,no_lawful_text_retained,
PMID:38141845,Social_Behavioral,376,no_lawful_text_retained,no_lawful_text_retained,
PMID:38309979,Social_Behavioral,377,no_lawful_text_retained,no_lawful_text_retained,
PMID:39741410,Social_Behavioral,378,no_lawful_text_retained,no_lawful_text_retained,
PMID:41471156,Social_Behavioral,379,no_deposit_named,no_deposit_named,
PMID:39736195,Social_Behavioral,380,no_lawful_text_retained,no_lawful_text_retained,
PMID:38155137,Social_Behavioral,381,no_lawful_text_retained,no_lawful_text_retained,
PMID:33384396,Social_Behavioral,382,no_deposit_named,no_deposit_named,
PMID:39733771,Social_Behavioral,383,no_lawful_text_retained,no_lawful_text_retained,
PMID:36944043,Social_Behavioral,384,no_lawful_text_retained,no_lawful_text_retained,
PMID:39765200,Social_Behavioral,385,no_lawful_text_retained,no_lawful_text_retained,
PMID:41531406,Social_Behavioral,386,no_deposit_named,no_deposit_named,
PMID:39855798,Social_Behavioral,387,no_lawful_text_retained,no_lawful_text_retained,
PMID:40599457,Social_Behavioral,388,no_lawful_text_retained,no_lawful_text_retained,
PMID:33667129,Social_Behavioral,389,no_lawful_text_retained,no_lawful_text_retained,
PMID:36595771,Social_Behavioral,390,author_request_only,author_request_only,
PMID:39732150,Social_Behavioral,391,no_lawful_text_retained,no_lawful_text_retained,
PMID:34991261,Social_Behavioral,392,no_lawful_text_retained,no_lawful_text_retained,
PMID:36866166,Social_Behavioral,393,supplement_only_unverified,supplement_only_unverified,
PMID:41538618,Social_Behavioral,394,no_lawful_text_retained,no_lawful_text_retained,
PMID:35070159,Social_Behavioral,395,no_deposit_named,no_deposit_named,
PMID:41451956,Social_Behavioral,396,author_request_only,author_request_only,
PMID:36595858,Social_Behavioral,397,no_deposit_named,no_deposit_named,
PMID:36791699,Social_Behavioral,398,no_lawful_text_retained,no_lawful_text_retained,
PMID:41467675,Social_Behavioral,399,no_lawful_text_retained,no_lawful_text_retained,
PMID:34990930,Social_Behavioral,400,no_lawful_text_retained,no_lawful_text_retained,
PMID:36609074,Social_Behavioral,401,no_lawful_text_retained,no_lawful_text_retained,
PMID:33425138,Social_Behavioral,402,no_deposit_named,no_deposit_named,
PMID:33399136,Social_Behavioral,403,no_lawful_text_retained,no_lawful_text_retained,
PMID:38147619,Social_Behavioral,404,no_lawful_text_retained,no_lawful_text_retained,
PMID:41669135,Social_Behavioral,405,no_deposit_named,no_deposit_named,
PMID:41561849,Social_Behavioral,406,no_deposit_named,no_deposit_named,
PMID:39849690,Social_Behavioral,407,no_lawful_text_retained,no_lawful_text_retained,
PMID:38159466,Social_Behavioral,408,no_lawful_text_retained,no_lawful_text_retained,
PMID:33561059,Social_Behavioral,409,no_deposit_named,no_deposit_named,
PMID:39883493,Social_Behavioral,410,no_lawful_text_retained,no_lawful_text_retained,
PMID:39981137,Social_Behavioral,411,supplement_only_unverified,supplement_only_unverified,
PMID:39181664,Social_Behavioral,412,no_lawful_text_retained,no_lawful_text_retained,
PMID:39739365,Social_Behavioral,413,no_lawful_text_retained,no_lawful_text_retained,
PMID:33381254,Social_Behavioral,414,no_deposit_named,no_deposit_named,
PMID:35108250,Social_Behavioral,415,no_lawful_text_retained,no_lawful_text_retained,
PMID:41471256,Social_Behavioral,416,supplement_only_unverified,supplement_only_unverified,
PMID:33377129,Social_Behavioral,417,author_request_only,author_request_only,
PMID:33420776,Social_Behavioral,418,no_lawful_text_retained,no_lawful_text_retained,
PMID:41456466,Social_Behavioral,419,no_lawful_text_retained,no_lawful_text_retained,
PMID:36787759,Social_Behavioral,420,no_lawful_text_retained,no_lawful_text_retained,
PMID:39732661,Social_Behavioral,421,open_route_named_pending_listing,,zenodo:7982217=anonymous_listing_with_sizes_within_caps; bioproject:PRJNA865023=anonymous_listing_with_sizes_within_caps
PMID:33380267,Social_Behavioral,422,no_lawful_text_retained,no_lawful_text_retained,
PMID:39800535,Social_Behavioral,423,no_lawful_text_retained,no_lawful_text_retained,
PMID:41515245,Social_Behavioral,424,author_request_only,author_request_only,
PMID:41448373,Social_Behavioral,425,no_deposit_named,no_deposit_named,
PMID:41443549,Social_Behavioral,426,no_lawful_text_retained,no_lawful_text_retained,
PMID:36579737,Social_Behavioral,427,no_lawful_text_retained,no_lawful_text_retained,
PMID:39815927,Social_Behavioral,428,no_lawful_text_retained,no_lawful_text_retained,
PMID:36729513,Social_Behavioral,429,no_lawful_text_retained,no_lawful_text_retained,
PMID:36695439,Social_Behavioral,430,code_only_deposit,code_only_deposit,
PMID:33399731,Social_Behavioral,431,no_lawful_text_retained,no_lawful_text_retained,
PMID:34964194,Social_Behavioral,432,no_lawful_text_retained,no_lawful_text_retained,
PMID:39735751,Social_Behavioral,433,no_deposit_named,no_deposit_named,
PMID:41556248,Social_Behavioral,434,no_deposit_named,no_deposit_named,
PMID:34973371,Social_Behavioral,435,no_lawful_text_retained,no_lawful_text_retained,
PMID:33558093,Social_Behavioral,436,no_lawful_text_retained,no_lawful_text_retained,
PMID:38279498,Social_Behavioral,437,no_lawful_text_retained,no_lawful_text_retained,
PMID:40039081,Social_Behavioral,438,no_lawful_text_retained,no_lawful_text_retained,
PMID:40178163,Social_Behavioral,439,no_lawful_text_retained,no_lawful_text_retained,
PMID:36947756,Social_Behavioral,440,no_lawful_text_retained,no_lawful_text_retained,
PMID:41879705,Social_Behavioral,441,no_lawful_text_retained,no_lawful_text_retained,
PMID:36589398,Social_Behavioral,442,no_deposit_named,no_deposit_named,
PMID:35130220,Social_Behavioral,443,no_lawful_text_retained,no_lawful_text_retained,
PMID:36580937,Social_Behavioral,444,no_deposit_named,no_deposit_named,
PMID:36640580,Social_Behavioral,445,no_lawful_text_retained,no_lawful_text_retained,
PMID:39736402,Social_Behavioral,446,no_lawful_text_retained,no_lawful_text_retained,
PMID:35063230,Social_Behavioral,447,no_lawful_text_retained,no_lawful_text_retained,
PMID:38157999,Social_Behavioral,448,no_lawful_text_retained,no_lawful_text_retained,
PMID:39738056,Social_Behavioral,449,application_required,application_required,
PMID:39736552,Social_Behavioral,450,supplement_only_unverified,supplement_only_unverified,
PMID:41455259,Social_Behavioral,451,no_lawful_text_retained,no_lawful_text_retained,
PMID:41601627,Social_Behavioral,452,supplement_only_unverified,supplement_only_unverified,
PMID:34968817,Social_Behavioral,453,no_lawful_text_retained,no_lawful_text_retained,
PMID:39732834,Social_Behavioral,454,supplement_only_unverified,supplement_only_unverified,
PMID:34506394,Social_Behavioral,455,no_deposit_named,no_deposit_named,
PMID:36711389,Social_Behavioral,456,no_deposit_named,no_deposit_named,
PMID:39952764,Social_Behavioral,457,no_lawful_text_retained,no_lawful_text_retained,
PMID:38205765,Social_Behavioral,458,no_lawful_text_retained,no_lawful_text_retained,
PMID:41443599,Social_Behavioral,459,open_route_named_pending_listing,above_cap,bioproject:PRJEB80330=announced_sizes_exceed_amendment_caps
PMID:36676644,Social_Behavioral,460,author_request_only,author_request_only,
PMID:39735264,Social_Behavioral,461,supplement_only_unverified,supplement_only_unverified,
PMID:41468756,Social_Behavioral,462,no_lawful_text_retained,no_lawful_text_retained,
PMID:38158824,Social_Behavioral,463,no_lawful_text_retained,no_lawful_text_retained,
PMID:38153113,Social_Behavioral,464,no_lawful_text_retained,no_lawful_text_retained,
PMID:41477935,Social_Behavioral,465,no_lawful_text_retained,no_lawful_text_retained,
PMID:33479946,Social_Behavioral,466,no_lawful_text_retained,no_lawful_text_retained,
PMID:41765544,Social_Behavioral,467,no_lawful_text_retained,no_lawful_text_retained,
PMID:36661868,Social_Behavioral,468,no_lawful_text_retained,no_lawful_text_retained,
PMID:35087264,Social_Behavioral,469,no_deposit_named,no_deposit_named,
PMID:38143236,Social_Behavioral,470,no_lawful_text_retained,no_lawful_text_retained,
PMID:39787029,Social_Behavioral,471,no_deposit_named,no_deposit_named,
PMID:36580030,Social_Behavioral,472,no_lawful_text_retained,no_lawful_text_retained,
PMID:34077103,Social_Behavioral,473,no_lawful_text_retained,no_lawful_text_retained,
PMID:38525632,Social_Behavioral,474,no_lawful_text_retained,no_lawful_text_retained,
PMID:41482179,Social_Behavioral,475,no_lawful_text_retained,no_lawful_text_retained,
PMID:38408821,Social_Behavioral,476,no_lawful_text_retained,no_lawful_text_retained,
PMID:34165093,Social_Behavioral,477,no_lawful_text_retained,no_lawful_text_retained,
PMID:36725001,Social_Behavioral,478,no_lawful_text_retained,no_lawful_text_retained,
PMID:40303175,Social_Behavioral,479,no_deposit_named,no_deposit_named,
PMID:34969596,Social_Behavioral,480,no_lawful_text_retained,no_lawful_text_retained,
PMID:37017158,Social_Behavioral,481,no_lawful_text_retained,no_lawful_text_retained,
PMID:35024729,Social_Behavioral,482,no_deposit_named,no_deposit_named,
PMID:33383773,Social_Behavioral,483,author_request_only,author_request_only,
PMID:40602881,Social_Behavioral,484,no_lawful_text_retained,no_lawful_text_retained,
PMID:33630476,Social_Behavioral,485,no_deposit_named,no_deposit_named,
PMID:36947506,Social_Behavioral,486,no_lawful_text_retained,no_lawful_text_retained,
PMID:41518790,Social_Behavioral,487,no_lawful_text_retained,no_lawful_text_retained,
PMID:38404073,Social_Behavioral,488,no_lawful_text_retained,no_lawful_text_retained,
PMID:39840060,Social_Behavioral,489,supplement_only_unverified,supplement_only_unverified,
PMID:38147027,Social_Behavioral,490,no_lawful_text_retained,no_lawful_text_retained,
PMID:38882713,Social_Behavioral,491,open_route_named_pending_listing,,figshare:24195030=anonymous_listing_with_sizes_within_caps; figshare:23699505=anonymous_listing_with_sizes_within_caps
PMID:35372974,Social_Behavioral,492,no_lawful_text_retained,no_lawful_text_retained,
PMID:36596391,Social_Behavioral,493,no_lawful_text_retained,no_lawful_text_retained,
PMID:39742979,Social_Behavioral,494,no_lawful_text_retained,no_lawful_text_retained,
PMID:35199762,Social_Behavioral,495,no_deposit_named,no_deposit_named,
PMID:38180942,Social_Behavioral,496,no_lawful_text_retained,no_lawful_text_retained,
PMID:33720001,Social_Behavioral,497,no_deposit_named,no_deposit_named,
PMID:35071170,Social_Behavioral,498,no_deposit_named,no_deposit_named,
PMID:40411198,Social_Behavioral,499,no_lawful_text_retained,no_lawful_text_retained,
PMID:41447901,Social_Behavioral,500,no_lawful_text_retained,no_lawful_text_retained,
PMID:41453661,Social_Behavioral,501,no_lawful_text_retained,no_lawful_text_retained,
PMID:39787562,Social_Behavioral,502,no_lawful_text_retained,no_lawful_text_retained,
PMID:36753155,Social_Behavioral,503,no_lawful_text_retained,no_lawful_text_retained,
PMID:39752920,Social_Behavioral,504,no_lawful_text_retained,no_lawful_text_retained,
PMID:35030540,Social_Behavioral,505,no_lawful_text_retained,no_lawful_text_retained,
PMID:35613392,Social_Behavioral,506,no_lawful_text_retained,no_lawful_text_retained,
PMID:33377392,Social_Behavioral,507,no_lawful_text_retained,no_lawful_text_retained,
PMID:39731871,Social_Behavioral,508,no_deposit_named,no_deposit_named,
PMID:33518129,Social_Behavioral,509,no_deposit_named,no_deposit_named,
PMID:34969561,Social_Behavioral,510,no_lawful_text_retained,no_lawful_text_retained,
PMID:34964266,Social_Behavioral,511,no_deposit_named,no_deposit_named,
PMID:39796824,Social_Behavioral,512,author_request_only,author_request_only,
PMID:36612569,Social_Behavioral,513,author_request_only,author_request_only,
PMID:36709535,Social_Behavioral,514,no_lawful_text_retained,no_lawful_text_retained,
PMID:37128379,Social_Behavioral,515,no_lawful_text_retained,no_lawful_text_retained,
PMID:38305727,Social_Behavioral,516,no_lawful_text_retained,no_lawful_text_retained,
PMID:41584161,Social_Behavioral,517,supplement_only_unverified,supplement_only_unverified,
PMID:41470203,Social_Behavioral,518,author_request_only,author_request_only,
PMID:36612755,Social_Behavioral,519,no_deposit_named,no_deposit_named,
PMID:39791438,Social_Behavioral,520,no_lawful_text_retained,no_lawful_text_retained,
PMID:39927339,Social_Behavioral,521,no_deposit_named,no_deposit_named,
PMID:35340263,Social_Behavioral,522,no_lawful_text_retained,no_lawful_text_retained,
PMID:33541721,Social_Behavioral,523,no_deposit_named,no_deposit_named,
PMID:41452660,Social_Behavioral,524,no_lawful_text_retained,no_lawful_text_retained,
PMID:39806614,Social_Behavioral,525,no_deposit_named,no_deposit_named,
PMID:34961376,Social_Behavioral,526,no_lawful_text_retained,no_lawful_text_retained,
PMID:33417521,Social_Behavioral,527,no_lawful_text_retained,no_lawful_text_retained,
PMID:33415901,Social_Behavioral,528,no_lawful_text_retained,no_lawful_text_retained,
PMID:33598078,Social_Behavioral,529,no_deposit_named,no_deposit_named,
PMID:40292072,Social_Behavioral,530,no_lawful_text_retained,no_lawful_text_retained,
PMID:33454672,Social_Behavioral,531,no_lawful_text_retained,no_lawful_text_retained,
PMID:39830509,Social_Behavioral,532,open_route_named_pending_listing,,geo:GSE152042=anonymous_listing_with_sizes_within_caps
PMID:33471673,Social_Behavioral,533,no_lawful_text_retained,no_lawful_text_retained,
PMID:33438750,Social_Behavioral,534,no_lawful_text_retained,no_lawful_text_retained,
PMID:38163955,Social_Behavioral,535,no_lawful_text_retained,no_lawful_text_retained,
PMID:38174338,Social_Behavioral,536,no_deposit_named,no_deposit_named,
PMID:39763252,Social_Behavioral,537,no_lawful_text_retained,no_lawful_text_retained,
PMID:41474715,Social_Behavioral,538,no_deposit_named,no_deposit_named,
PMID:38160116,Social_Behavioral,539,no_lawful_text_retained,no_lawful_text_retained,
PMID:35157661,Social_Behavioral,540,no_lawful_text_retained,no_lawful_text_retained,
PMID:41448389,Social_Behavioral,541,no_lawful_text_retained,no_lawful_text_retained,
PMID:41672827,Social_Behavioral,542,no_lawful_text_retained,no_lawful_text_retained,
PMID:39770370,Social_Behavioral,543,supplement_only_unverified,supplement_only_unverified,
PMID:38549472,Social_Behavioral,544,no_lawful_text_retained,no_lawful_text_retained,
PMID:38141732,Social_Behavioral,545,no_lawful_text_retained,no_lawful_text_retained,
PMID:35977159,Social_Behavioral,546,no_deposit_named,no_deposit_named,
PMID:35026817,Social_Behavioral,547,no_lawful_text_retained,no_lawful_text_retained,
PMID:37194886,Social_Behavioral,548,no_lawful_text_retained,no_lawful_text_retained,
PMID:41606905,Social_Behavioral,549,no_lawful_text_retained,no_lawful_text_retained,
PMID:33633519,Social_Behavioral,550,no_lawful_text_retained,no_lawful_text_retained,
PMID:39754846,Social_Behavioral,551,no_lawful_text_retained,no_lawful_text_retained,
PMID:38320976,Social_Behavioral,552,no_lawful_text_retained,no_lawful_text_retained,
PMID:41477653,Social_Behavioral,553,open_route_named_pending_listing,,figshare:26130826=anonymous_listing_with_sizes_within_caps; figshare:27134763=anonymous_listing_with_sizes_within_caps; figshare:27135054=anonymous_listing_with_sizes_within_caps
PMID:41778434,Social_Behavioral,554,no_deposit_named,no_deposit_named,
PMID:41050236,Social_Behavioral,555,no_deposit_named,no_deposit_named,
PMID:41563087,Social_Behavioral,556,open_route_named_pending_listing,,figshare:30161449=anonymous_listing_with_sizes_within_caps
PMID:41477235,Social_Behavioral,557,supplement_only_unverified,supplement_only_unverified,
PMID:41486732,Social_Behavioral,558,author_request_only,author_request_only,
PMID:35308921,Social_Behavioral,559,no_lawful_text_retained,no_lawful_text_retained,
PMID:41626651,Social_Behavioral,560,no_lawful_text_retained,no_lawful_text_retained,
PMID:36591780,Social_Behavioral,561,no_lawful_text_retained,no_lawful_text_retained,
PMID:33911825,Social_Behavioral,562,no_deposit_named,no_deposit_named,
PMID:33653571,Social_Behavioral,563,no_lawful_text_retained,no_lawful_text_retained,
PMID:37073939,Social_Behavioral,564,no_lawful_text_retained,no_lawful_text_retained,
PMID:38140650,Social_Behavioral,565,author_request_only,author_request_only,
PMID:38157733,Social_Behavioral,566,no_deposit_named,no_deposit_named,
PMID:39764858,Social_Behavioral,567,no_lawful_text_retained,no_lawful_text_retained,
PMID:33395661,Social_Behavioral,568,no_lawful_text_retained,no_lawful_text_retained,
PMID:36624704,Social_Behavioral,569,no_lawful_text_retained,no_lawful_text_retained,
PMID:33383345,Social_Behavioral,570,no_lawful_text_retained,no_lawful_text_retained,
PMID:35198130,Social_Behavioral,571,author_request_only,author_request_only,
PMID:38149693,Social_Behavioral,572,no_lawful_text_retained,no_lawful_text_retained,
PMID:39766837,Social_Behavioral,573,supplement_only_unverified,supplement_only_unverified,
PMID:36723312,Social_Behavioral,574,no_lawful_text_retained,no_lawful_text_retained,
PMID:34972139,Social_Behavioral,575,open_route_named_pending_listing,,dryad:5dv41ns79=anonymous_listing_with_sizes_within_caps
PMID:41461683,Social_Behavioral,576,supplement_only_unverified,supplement_only_unverified,
PMID:33391605,Social_Behavioral,577,no_lawful_text_retained,no_lawful_text_retained,
PMID:41465438,Social_Behavioral,578,no_deposit_named,no_deposit_named,
PMID:38157666,Social_Behavioral,579,no_lawful_text_retained,no_lawful_text_retained,
PMID:37534708,Social_Behavioral,580,no_lawful_text_retained,no_lawful_text_retained,
PMID:38150984,Social_Behavioral,581,no_lawful_text_retained,no_lawful_text_retained,
PMID:35135227,Social_Behavioral,582,no_lawful_text_retained,no_lawful_text_retained,
PMID:35781161,Social_Behavioral,583,no_lawful_text_retained,no_lawful_text_retained,
PMID:33411554,Social_Behavioral,584,no_lawful_text_retained,no_lawful_text_retained,
PMID:39739024,Social_Behavioral,585,supplement_only_unverified,supplement_only_unverified,
PMID:36579921,Social_Behavioral,586,no_lawful_text_retained,no_lawful_text_retained,
PMID:41460017,Social_Behavioral,587,no_lawful_text_retained,no_lawful_text_retained,
PMID:39806602,Social_Behavioral,588,author_request_only,author_request_only,
PMID:36686445,Social_Behavioral,589,supplement_only_unverified,supplement_only_unverified,
PMID:36585580,Social_Behavioral,590,author_request_only,author_request_only,
PMID:38408830,Social_Behavioral,591,no_lawful_text_retained,no_lawful_text_retained,
PMID:34960105,Social_Behavioral,592,author_request_only,author_request_only,
PMID:36699974,Social_Behavioral,593,no_deposit_named,no_deposit_named,
PMID:33936453,Social_Behavioral,594,no_lawful_text_retained,no_lawful_text_retained,
PMID:37579350,Social_Behavioral,595,no_deposit_named,no_deposit_named,
PMID:36581429,Social_Behavioral,596,no_deposit_named,no_deposit_named,
PMID:41438746,Social_Behavioral,597,supplement_only_unverified,supplement_only_unverified,
PMID:36942139,Social_Behavioral,598,no_deposit_named,no_deposit_named,
PMID:41443481,Social_Behavioral,599,no_lawful_text_retained,no_lawful_text_retained,
PMID:38160671,Social_Behavioral,600,author_request_only,author_request_only,
PMID:41597338,Social_Behavioral,601,author_request_only,author_request_only,
PMID:41455156,Social_Behavioral,602,no_lawful_text_retained,no_lawful_text_retained,
PMID:33383411,Social_Behavioral,603,no_lawful_text_retained,no_lawful_text_retained,
PMID:41454807,Social_Behavioral,604,no_deposit_named,no_deposit_named,
PMID:35041335,Social_Behavioral,605,no_lawful_text_retained,no_lawful_text_retained,
PMID:39834608,Social_Behavioral,606,author_request_only,author_request_only,
PMID:34979112,Social_Behavioral,607,no_lawful_text_retained,no_lawful_text_retained,
PMID:41635660,Social_Behavioral,608,no_deposit_named,no_deposit_named,
PMID:33618475,Social_Behavioral,609,no_lawful_text_retained,no_lawful_text_retained,
PMID:41637613,Social_Behavioral,610,no_deposit_named,no_deposit_named,
PMID:38465739,Social_Behavioral,611,no_lawful_text_retained,no_lawful_text_retained,
PMID:33508822,Social_Behavioral,612,no_lawful_text_retained,no_lawful_text_retained,
PMID:38292380,Social_Behavioral,613,no_deposit_named,no_deposit_named,
PMID:38150916,Social_Behavioral,614,no_lawful_text_retained,no_lawful_text_retained,
PMID:38150376,Social_Behavioral,615,no_deposit_named,no_deposit_named,
PMID:38152661,Social_Behavioral,616,supplement_only_unverified,supplement_only_unverified,
PMID:34018960,Social_Behavioral,617,no_lawful_text_retained,no_lawful_text_retained,
PMID:36620249,Social_Behavioral,618,no_deposit_named,no_deposit_named,
PMID:36899572,Social_Behavioral,619,no_lawful_text_retained,no_lawful_text_retained,
PMID:36728934,Social_Behavioral,620,no_lawful_text_retained,no_lawful_text_retained,
PMID:39831502,Social_Behavioral,621,no_lawful_text_retained,no_lawful_text_retained,
PMID:33468411,Social_Behavioral,622,no_lawful_text_retained,no_lawful_text_retained,
PMID:33480004,Social_Behavioral,623,no_lawful_text_retained,no_lawful_text_retained,
PMID:33509416,Social_Behavioral,624,no_lawful_text_retained,no_lawful_text_retained,
PMID:39754751,Social_Behavioral,625,no_lawful_text_retained,no_lawful_text_retained,
PMID:35010516,Social_Behavioral,626,author_request_only,author_request_only,
PMID:35033403,Social_Behavioral,627,no_deposit_named,no_deposit_named,
PMID:33581706,Social_Behavioral,628,no_lawful_text_retained,no_lawful_text_retained,
PMID:33377591,Social_Behavioral,629,no_lawful_text_retained,no_lawful_text_retained,
PMID:35126376,Social_Behavioral,630,no_deposit_named,no_deposit_named,
PMID:39808074,Social_Behavioral,631,no_lawful_text_retained,no_lawful_text_retained,
PMID:33796171,Social_Behavioral,632,no_deposit_named,no_deposit_named,
PMID:38151483,Social_Behavioral,633,no_lawful_text_retained,no_lawful_text_retained,
PMID:40009531,Social_Behavioral,634,no_lawful_text_retained,no_lawful_text_retained,
PMID:33536732,Social_Behavioral,635,no_lawful_text_retained,no_lawful_text_retained,
PMID:33509447,Social_Behavioral,636,no_lawful_text_retained,no_lawful_text_retained,
PMID:33622499,Social_Behavioral,637,no_lawful_text_retained,no_lawful_text_retained,
PMID:41475055,Social_Behavioral,638,no_lawful_text_retained,no_lawful_text_retained,
PMID:39848008,Social_Behavioral,639,no_lawful_text_retained,no_lawful_text_retained,
PMID:38267827,Social_Behavioral,640,no_lawful_text_retained,no_lawful_text_retained,
PMID:33485583,Social_Behavioral,641,no_deposit_named,no_deposit_named,
PMID:39748620,Social_Behavioral,642,no_lawful_text_retained,no_lawful_text_retained,
PMID:41736709,Social_Behavioral,643,no_lawful_text_retained,no_lawful_text_retained,
PMID:36934465,Social_Behavioral,644,no_lawful_text_retained,no_lawful_text_retained,
PMID:41466487,Social_Behavioral,645,no_lawful_text_retained,no_lawful_text_retained,
PMID:40019177,Social_Behavioral,646,no_deposit_named,no_deposit_named,
PMID:36579932,Social_Behavioral,647,no_lawful_text_retained,no_lawful_text_retained,
PMID:38159332,Social_Behavioral,648,no_lawful_text_retained,no_lawful_text_retained,
PMID:33382683,Social_Behavioral,649,open_route_named_pending_listing,,figshare:13093466=anonymous_listing_with_sizes_within_caps
PMID:41442004,Social_Behavioral,650,no_lawful_text_retained,no_lawful_text_retained,
PMID:36101814,Social_Behavioral,651,open_route_named_pending_listing,,figshare:16782553=anonymous_listing_with_sizes_within_caps
PMID:40039032,Social_Behavioral,652,no_lawful_text_retained,no_lawful_text_retained,
PMID:38154819,Social_Behavioral,653,no_deposit_named,no_deposit_named,
PMID:41454391,Social_Behavioral,654,supplement_only_unverified,supplement_only_unverified,
PMID:38160826,Social_Behavioral,655,no_lawful_text_retained,no_lawful_text_retained,
PMID:36691209,Social_Behavioral,656,no_deposit_named,no_deposit_named,
PMID:39773745,Social_Behavioral,657,no_lawful_text_retained,no_lawful_text_retained,
PMID:33443113,Social_Behavioral,658,author_request_only,author_request_only,
PMID:40039733,Social_Behavioral,659,no_lawful_text_retained,no_lawful_text_retained,
PMID:33434848,Social_Behavioral,660,no_deposit_named,no_deposit_named,
PMID:38262209,Social_Behavioral,661,no_lawful_text_retained,no_lawful_text_retained,
PMID:35035346,Social_Behavioral,662,no_deposit_named,no_deposit_named,
PMID:36648036,Social_Behavioral,663,application_required,application_required,
PMID:33471734,Social_Behavioral,664,no_lawful_text_retained,no_lawful_text_retained,
PMID:38145716,Social_Behavioral,665,no_lawful_text_retained,no_lawful_text_retained,
PMID:41497971,Social_Behavioral,666,no_deposit_named,no_deposit_named,
PMID:36728859,Social_Behavioral,667,no_lawful_text_retained,no_lawful_text_retained,
PMID:41577454,Social_Behavioral,668,no_lawful_text_retained,no_lawful_text_retained,
PMID:39820314,Social_Behavioral,669,no_lawful_text_retained,no_lawful_text_retained,
PMID:36638407,Social_Behavioral,670,no_lawful_text_retained,no_lawful_text_retained,
PMID:33594014,Social_Behavioral,671,no_lawful_text_retained,no_lawful_text_retained,
PMID:38158470,Social_Behavioral,672,no_lawful_text_retained,no_lawful_text_retained,
PMID:36744516,Social_Behavioral,673,no_lawful_text_retained,no_lawful_text_retained,
PMID:36743179,Social_Behavioral,674,supplement_only_unverified,supplement_only_unverified,
PMID:38146936,Social_Behavioral,675,no_lawful_text_retained,no_lawful_text_retained,
PMID:36579409,Social_Behavioral,676,no_deposit_named,no_deposit_named,
PMID:39067958,Social_Behavioral,677,no_lawful_text_retained,no_lawful_text_retained,
PMID:38147252,Social_Behavioral,678,no_lawful_text_retained,no_lawful_text_retained,
PMID:33412814,Social_Behavioral,679,no_lawful_text_retained,no_lawful_text_retained,
PMID:41502386,Social_Behavioral,680,no_deposit_named,no_deposit_named,
PMID:41441971,Social_Behavioral,681,no_lawful_text_retained,no_lawful_text_retained,
PMID:35249629,Social_Behavioral,682,no_lawful_text_retained,no_lawful_text_retained,
PMID:36581072,Social_Behavioral,683,no_lawful_text_retained,no_lawful_text_retained,
PMID:35308963,Social_Behavioral,684,no_lawful_text_retained,no_lawful_text_retained,
PMID:36729090,Social_Behavioral,685,no_lawful_text_retained,no_lawful_text_retained,
PMID:33439685,Social_Behavioral,686,no_lawful_text_retained,no_lawful_text_retained,
PMID:40224899,Social_Behavioral,687,author_request_only,author_request_only,
PMID:38147838,Social_Behavioral,688,no_deposit_named,no_deposit_named,
PMID:39742609,Social_Behavioral,689,no_lawful_text_retained,no_lawful_text_retained,
PMID:38147237,Social_Behavioral,690,no_lawful_text_retained,no_lawful_text_retained,
PMID:36764116,Social_Behavioral,691,no_deposit_named,no_deposit_named,
PMID:35059380,Social_Behavioral,692,no_deposit_named,no_deposit_named,
PMID:38233269,Social_Behavioral,693,no_lawful_text_retained,no_lawful_text_retained,
PMID:36641887,Social_Behavioral,694,no_lawful_text_retained,no_lawful_text_retained,
PMID:38158861,Social_Behavioral,695,no_lawful_text_retained,no_lawful_text_retained,
PMID:34981495,Social_Behavioral,696,no_lawful_text_retained,no_lawful_text_retained,
PMID:40172854,Social_Behavioral,697,no_deposit_named,no_deposit_named,
PMID:38799243,Social_Behavioral,698,open_route_named_pending_listing,,figshare:22227490=anonymous_listing_with_sizes_within_caps; figshare:22227478=anonymous_listing_with_sizes_within_caps
PMID:41453245,Social_Behavioral,699,no_lawful_text_retained,no_lawful_text_retained,
PMID:39731784,Social_Behavioral,700,no_lawful_text_retained,no_lawful_text_retained,
PMID:39756219,Social_Behavioral,701,no_lawful_text_retained,no_lawful_text_retained,
PMID:34962973,Social_Behavioral,702,no_deposit_named,no_deposit_named,
PMID:34972913,Social_Behavioral,703,no_lawful_text_retained,no_lawful_text_retained,
PMID:41470107,Social_Behavioral,704,author_request_only,author_request_only,
PMID:36616672,Social_Behavioral,705,author_request_only,author_request_only,
PMID:41521725,Social_Behavioral,706,no_lawful_text_retained,no_lawful_text_retained,
PMID:41766837,Social_Behavioral,707,no_deposit_named,no_deposit_named,
PMID:36588033,Social_Behavioral,708,no_lawful_text_retained,no_lawful_text_retained,
PMID:33638496,Social_Behavioral,709,no_lawful_text_retained,no_lawful_text_retained,
PMID:35150530,Social_Behavioral,710,no_lawful_text_retained,no_lawful_text_retained,
PMID:39855786,Social_Behavioral,711,no_lawful_text_retained,no_lawful_text_retained,
PMID:33601658,Social_Behavioral,712,no_lawful_text_retained,no_lawful_text_retained,
PMID:41585800,Social_Behavioral,713,supplement_only_unverified,supplement_only_unverified,
PMID:33378397,Social_Behavioral,714,open_route_named_pending_listing,listing_unavailable,dryad:bnzs7h495=listing_not_machine_readable
PMID:34970527,Social_Behavioral,715,supplement_only_unverified,supplement_only_unverified,
PMID:40039268,Social_Behavioral,716,no_lawful_text_retained,no_lawful_text_retained,
PMID:34965496,Social_Behavioral,717,no_lawful_text_retained,no_lawful_text_retained,
PMID:33518145,Social_Behavioral,718,no_deposit_named,no_deposit_named,
PMID:36940300,Social_Behavioral,719,no_lawful_text_retained,no_lawful_text_retained,
PMID:33397261,Social_Behavioral,720,no_lawful_text_retained,no_lawful_text_retained,
PMID:33443226,Social_Behavioral,721,no_lawful_text_retained,no_lawful_text_retained,
PMID:35467600,Social_Behavioral,722,no_lawful_text_retained,no_lawful_text_retained,
PMID:41583496,Social_Behavioral,723,supplement_only_unverified,supplement_only_unverified,
PMID:38146756,Social_Behavioral,724,no_deposit_named,no_deposit_named,
PMID:41516514,Social_Behavioral,725,no_deposit_named,no_deposit_named,
PMID:39796925,Social_Behavioral,726,author_request_only,author_request_only,
PMID:38162651,Social_Behavioral,727,application_required,application_required,
PMID:39733976,Social_Behavioral,728,code_only_deposit,code_only_deposit,
PMID:41515339,Social_Behavioral,729,supplement_only_unverified,supplement_only_unverified,
PMID:38140661,Social_Behavioral,730,no_deposit_named,no_deposit_named,
PMID:38720490,Social_Behavioral,731,no_lawful_text_retained,no_lawful_text_retained,
PMID:41483624,Social_Behavioral,732,no_lawful_text_retained,no_lawful_text_retained,
PMID:41570609,Social_Behavioral,733,no_lawful_text_retained,no_lawful_text_retained,
PMID:35377287,Social_Behavioral,734,author_request_only,author_request_only,
PMID:41574511,Social_Behavioral,735,no_lawful_text_retained,no_lawful_text_retained,
PMID:35309012,Social_Behavioral,736,no_lawful_text_retained,no_lawful_text_retained,
PMID:35102917,Social_Behavioral,737,no_lawful_text_retained,no_lawful_text_retained,
PMID:33628970,Social_Behavioral,738,no_deposit_named,no_deposit_named,
PMID:41475080,Social_Behavioral,739,no_lawful_text_retained,no_lawful_text_retained,
PMID:37575622,Social_Behavioral,740,no_deposit_named,no_deposit_named,
PMID:39971443,Social_Behavioral,741,no_lawful_text_retained,no_lawful_text_retained,
PMID:40039730,Social_Behavioral,742,no_lawful_text_retained,no_lawful_text_retained,
PMID:41515228,Social_Behavioral,743,author_request_only,author_request_only,
PMID:33704176,Social_Behavioral,744,no_deposit_named,no_deposit_named,
PMID:36602210,Social_Behavioral,745,no_lawful_text_retained,no_lawful_text_retained,
PMID:41468823,Social_Behavioral,746,no_lawful_text_retained,no_lawful_text_retained,
PMID:36585573,Social_Behavioral,747,author_request_only,author_request_only,
PMID:33855204,Social_Behavioral,748,no_deposit_named,no_deposit_named,
PMID:35560277,Social_Behavioral,749,no_lawful_text_retained,no_lawful_text_retained,
PMID:33992228,Social_Behavioral,750,no_lawful_text_retained,no_lawful_text_retained,
PMID:34971470,Social_Behavioral,751,no_lawful_text_retained,no_lawful_text_retained,
PMID:36641655,Social_Behavioral,752,no_lawful_text_retained,no_lawful_text_retained,
PMID:34394237,Social_Behavioral,753,no_deposit_named,no_deposit_named,
PMID:36586591,Social_Behavioral,754,no_lawful_text_retained,no_lawful_text_retained,
PMID:41451716,Social_Behavioral,755,no_lawful_text_retained,no_lawful_text_retained,
PMID:37141226,Social_Behavioral,756,no_lawful_text_retained,no_lawful_text_retained,
PMID:38153242,Social_Behavioral,757,no_lawful_text_retained,no_lawful_text_retained,
PMID:38142141,Social_Behavioral,758,no_lawful_text_retained,no_lawful_text_retained,
PMID:36669972,Social_Behavioral,759,no_lawful_text_retained,no_lawful_text_retained,
PMID:39733685,Social_Behavioral,760,no_lawful_text_retained,no_lawful_text_retained,
PMID:41573558,Social_Behavioral,761,no_deposit_named,no_deposit_named,
PMID:36681615,Social_Behavioral,762,no_lawful_text_retained,no_lawful_text_retained,
PMID:39799071,Social_Behavioral,763,no_lawful_text_retained,no_lawful_text_retained,
PMID:39741936,Social_Behavioral,764,no_deposit_named,no_deposit_named,
PMID:37585070,Social_Behavioral,765,no_lawful_text_retained,no_lawful_text_retained,
PMID:38974256,Social_Behavioral,766,no_deposit_named,no_deposit_named,
PMID:38418023,Social_Behavioral,767,no_lawful_text_retained,no_lawful_text_retained,
PMID:33518396,Social_Behavioral,768,no_lawful_text_retained,no_lawful_text_retained,
PMID:39852514,Social_Behavioral,769,supplement_only_unverified,supplement_only_unverified,
PMID:36580883,Social_Behavioral,770,no_lawful_text_retained,no_lawful_text_retained,
PMID:35001918,Social_Behavioral,771,no_lawful_text_retained,no_lawful_text_retained,
PMID:41718756,Social_Behavioral,772,no_lawful_text_retained,no_lawful_text_retained,
PMID:36658459,Social_Behavioral,773,no_lawful_text_retained,no_lawful_text_retained,
PMID:38159804,Social_Behavioral,774,no_lawful_text_retained,no_lawful_text_retained,
PMID:34976932,Social_Behavioral,775,supplement_only_unverified,supplement_only_unverified,
PMID:34980533,Social_Behavioral,776,no_lawful_text_retained,no_lawful_text_retained,
PMID:41475965,Social_Behavioral,777,no_lawful_text_retained,no_lawful_text_retained,
PMID:39857463,Social_Behavioral,778,author_request_only,author_request_only,
PMID:38148435,Social_Behavioral,779,no_lawful_text_retained,no_lawful_text_retained,
PMID:38142465,Social_Behavioral,780,no_deposit_named,no_deposit_named,
PMID:39819586,Social_Behavioral,781,author_request_only,author_request_only,
PMID:34283794,Social_Behavioral,782,no_lawful_text_retained,no_lawful_text_retained,
PMID:33378436,Social_Behavioral,783,no_lawful_text_retained,no_lawful_text_retained,
PMID:40126118,Social_Behavioral,784,no_lawful_text_retained,no_lawful_text_retained,
PMID:35211111,Social_Behavioral,785,author_request_only,author_request_only,
PMID:35047416,Social_Behavioral,786,supplement_only_unverified,supplement_only_unverified,
PMID:40297878,Social_Behavioral,787,no_lawful_text_retained,no_lawful_text_retained,
PMID:35308981,Social_Behavioral,788,no_lawful_text_retained,no_lawful_text_retained,
PMID:36629363,Social_Behavioral,789,no_lawful_text_retained,no_lawful_text_retained,
PMID:34971695,Social_Behavioral,790,no_lawful_text_retained,no_lawful_text_retained,
PMID:39736660,Social_Behavioral,791,supplement_only_unverified,supplement_only_unverified,
PMID:35034699,Social_Behavioral,792,no_lawful_text_retained,no_lawful_text_retained,
PMID:36683598,Social_Behavioral,793,supplement_only_unverified,supplement_only_unverified,
PMID:41478787,Social_Behavioral,794,no_lawful_text_retained,no_lawful_text_retained,
PMID:38379749,Social_Behavioral,795,no_deposit_named,no_deposit_named,
PMID:39867880,Social_Behavioral,796,no_deposit_named,no_deposit_named,
PMID:38159529,Social_Behavioral,797,no_lawful_text_retained,no_lawful_text_retained,
PMID:33555783,Social_Behavioral,798,no_lawful_text_retained,no_lawful_text_retained,
PMID:41475098,Social_Behavioral,799,no_lawful_text_retained,no_lawful_text_retained,
PMID:38485353,Social_Behavioral,800,no_lawful_text_retained,no_lawful_text_retained,
PMID:38182315,Social_Behavioral,801,no_lawful_text_retained,no_lawful_text_retained,
PMID:34960282,Social_Behavioral,802,open_route_named_pending_listing,,zenodo:5764837=anonymous_listing_with_sizes_within_caps
PMID:38149651,Social_Behavioral,803,no_lawful_text_retained,no_lawful_text_retained,
PMID:41452927,Social_Behavioral,804,no_deposit_named,no_deposit_named,
PMID:36644642,Social_Behavioral,805,open_route_named_pending_listing,listing_unavailable,osf:b4agz=listing_http_410
PMID:36730103,Social_Behavioral,806,no_lawful_text_retained,no_lawful_text_retained,
PMID:41460829,Social_Behavioral,807,open_route_named_pending_listing,,osf:vzmd2=anonymous_listing_with_sizes_within_caps
PMID:41478113,Social_Behavioral,808,no_lawful_text_retained,no_lawful_text_retained,
PMID:36682893,Social_Behavioral,809,no_lawful_text_retained,no_lawful_text_retained,
PMID:36868659,Social_Behavioral,810,no_lawful_text_retained,no_lawful_text_retained,
PMID:38813512,Social_Behavioral,811,no_deposit_named,no_deposit_named,
PMID:41454573,Social_Behavioral,812,author_request_only,author_request_only,
PMID:38148582,Social_Behavioral,813,no_lawful_text_retained,no_lawful_text_retained,
PMID:36711394,Social_Behavioral,814,supplement_only_unverified,supplement_only_unverified,
PMID:33388260,Social_Behavioral,815,no_lawful_text_retained,no_lawful_text_retained,
PMID:33618471,Social_Behavioral,816,no_lawful_text_retained,no_lawful_text_retained,
PMID:35049212,Social_Behavioral,817,no_deposit_named,no_deposit_named,
PMID:37118545,Social_Behavioral,818,no_lawful_text_retained,no_lawful_text_retained,
PMID:38189043,Social_Behavioral,819,no_deposit_named,no_deposit_named,
PMID:38485385,Social_Behavioral,820,no_lawful_text_retained,no_lawful_text_retained,
PMID:35092944,Social_Behavioral,821,no_lawful_text_retained,no_lawful_text_retained,
PMID:39809642,Social_Behavioral,822,no_lawful_text_retained,no_lawful_text_retained,
PMID:39732415,Social_Behavioral,823,no_lawful_text_retained,no_lawful_text_retained,
PMID:41496264,Social_Behavioral,824,no_deposit_named,no_deposit_named,
PMID:36800843,Social_Behavioral,825,no_lawful_text_retained,no_lawful_text_retained,
PMID:41448219,Social_Behavioral,826,no_deposit_named,no_deposit_named,
PMID:39739891,Social_Behavioral,827,no_deposit_named,no_deposit_named,
PMID:39758197,Social_Behavioral,828,no_deposit_named,no_deposit_named,
PMID:36583321,Social_Behavioral,829,no_lawful_text_retained,no_lawful_text_retained,
PMID:38593745,Social_Behavioral,830,no_lawful_text_retained,no_lawful_text_retained,
PMID:39742948,Social_Behavioral,831,no_lawful_text_retained,no_lawful_text_retained,
PMID:41444667,Social_Behavioral,832,supplement_only_unverified,supplement_only_unverified,
PMID:38155965,Social_Behavioral,833,no_deposit_named,no_deposit_named,
PMID:41470098,Social_Behavioral,834,open_route_named_pending_listing,listing_unavailable,bioproject:PRJDB37520=listing_empty
PMID:33495123,Social_Behavioral,835,no_lawful_text_retained,no_lawful_text_retained,
PMID:36607365,Social_Behavioral,836,no_lawful_text_retained,no_lawful_text_retained,
PMID:34962961,Social_Behavioral,837,no_deposit_named,no_deposit_named,
PMID:36613013,Social_Behavioral,838,no_deposit_named,no_deposit_named,
PMID:36588330,Social_Behavioral,839,author_request_only,author_request_only,
PMID:39796508,Social_Behavioral,840,no_deposit_named,no_deposit_named,
PMID:33518027,Social_Behavioral,841,no_lawful_text_retained,no_lawful_text_retained,
PMID:38582053,Social_Behavioral,842,no_lawful_text_retained,no_lawful_text_retained,
PMID:40929444,Social_Behavioral,843,no_lawful_text_retained,no_lawful_text_retained,
PMID:39794194,Social_Behavioral,844,no_lawful_text_retained,no_lawful_text_retained,
PMID:39792517,Social_Behavioral,845,no_lawful_text_retained,no_lawful_text_retained,
PMID:35950177,Social_Behavioral,846,no_deposit_named,no_deposit_named,
PMID:39736749,Social_Behavioral,847,author_request_only,author_request_only,
PMID:41550193,Social_Behavioral,848,no_deposit_named,no_deposit_named,
PMID:36641313,Social_Behavioral,849,no_lawful_text_retained,no_lawful_text_retained,
PMID:33422926,Social_Behavioral,850,no_lawful_text_retained,no_lawful_text_retained,
PMID:33685846,Social_Behavioral,851,no_deposit_named,no_deposit_named,
PMID:35500950,Social_Behavioral,852,no_lawful_text_retained,no_lawful_text_retained,
PMID:34973940,Social_Behavioral,853,no_lawful_text_retained,no_lawful_text_retained,
PMID:38153959,Social_Behavioral,854,author_request_only,author_request_only,
PMID:41472455,Social_Behavioral,855,no_lawful_text_retained,no_lawful_text_retained,
PMID:38784520,Social_Behavioral,856,no_deposit_named,no_deposit_named,
PMID:33416631,Social_Behavioral,857,no_lawful_text_retained,no_lawful_text_retained,
PMID:39973846,Social_Behavioral,858,no_lawful_text_retained,no_lawful_text_retained,
PMID:38249368,Social_Behavioral,859,no_deposit_named,no_deposit_named,
PMID:39345284,Social_Behavioral,860,open_route_named_pending_listing,,zenodo:7255313=every_listed_file_is_implementation_material; bioproject:PRJNA874826=anonymous_listing_with_sizes_within_caps
PMID:39774413,Social_Behavioral,861,no_deposit_named,no_deposit_named,
PMID:35154067,Social_Behavioral,862,no_deposit_named,no_deposit_named,
PMID:33382332,Social_Behavioral,863,no_lawful_text_retained,no_lawful_text_retained,
PMID:41451990,Social_Behavioral,864,no_deposit_named,no_deposit_named,
PMID:34019465,Social_Behavioral,865,no_lawful_text_retained,no_lawful_text_retained,
PMID:39733578,Social_Behavioral,866,no_lawful_text_retained,no_lawful_text_retained,
PMID:36580337,Social_Behavioral,867,no_deposit_named,no_deposit_named,
PMID:38150447,Social_Behavioral,868,author_request_only,author_request_only,
PMID:33616953,Social_Behavioral,869,no_lawful_text_retained,no_lawful_text_retained,
PMID:40297884,Social_Behavioral,870,no_lawful_text_retained,no_lawful_text_retained,
PMID:39760124,Social_Behavioral,871,author_request_only,author_request_only,
PMID:36170479,Social_Behavioral,872,no_lawful_text_retained,no_lawful_text_retained,
PMID:41635842,Social_Behavioral,873,no_deposit_named,no_deposit_named,
PMID:39765192,Social_Behavioral,874,no_lawful_text_retained,no_lawful_text_retained,
PMID:38813045,Social_Behavioral,875,no_deposit_named,no_deposit_named,
PMID:38222875,Social_Behavioral,876,open_route_named_pending_listing,size_unannounced,osf:j23vg=some_or_all_files_without_announced_size
PMID:38206702,Social_Behavioral,877,supplement_only_unverified,supplement_only_unverified,
PMID:41461520,Social_Behavioral,878,no_lawful_text_retained,no_lawful_text_retained,
PMID:41476923,Social_Behavioral,879,no_deposit_named,no_deposit_named,
PMID:38357154,Social_Behavioral,880,no_deposit_named,no_deposit_named,
PMID:41526208,Social_Behavioral,881,no_lawful_text_retained,no_lawful_text_retained,
PMID:41000504,Social_Behavioral,882,open_route_named_pending_listing,,zenodo:13980859=anonymous_listing_with_sizes_within_caps; zenodo:13899311=anonymous_listing_with_sizes_within_caps
PMID:33575246,Social_Behavioral,883,no_deposit_named,no_deposit_named,
PMID:33396748,Social_Behavioral,884,no_deposit_named,no_deposit_named,
PMID:38276639,Social_Behavioral,885,no_deposit_named,no_deposit_named,
PMID:35210712,Social_Behavioral,886,no_lawful_text_retained,no_lawful_text_retained,
PMID:34988058,Social_Behavioral,887,no_deposit_named,no_deposit_named,
PMID:41726458,Social_Behavioral,888,no_lawful_text_retained,no_lawful_text_retained,
PMID:39739790,Social_Behavioral,889,open_route_named_pending_listing,code_only_deposit,zenodo:11635046=every_listed_file_is_implementation_material; zenodo:14194609=every_listed_file_is_implementation_material
PMID:40802322,Social_Behavioral,890,no_lawful_text_retained,no_lawful_text_retained,
PMID:36868670,Social_Behavioral,891,no_deposit_named,no_deposit_named,
PMID:41496387,Social_Behavioral,892,application_required,application_required,
PMID:39957525,Social_Behavioral,893,no_lawful_text_retained,no_lawful_text_retained,
PMID:38174527,Social_Behavioral,894,no_lawful_text_retained,no_lawful_text_retained,
PMID:36626482,Social_Behavioral,895,author_request_only,author_request_only,
PMID:40518218,Social_Behavioral,896,no_lawful_text_retained,no_lawful_text_retained,
PMID:41480071,Social_Behavioral,897,supplement_only_unverified,supplement_only_unverified,
PMID:33396197,Social_Behavioral,898,no_deposit_named,no_deposit_named,
PMID:39737633,Social_Behavioral,899,no_lawful_text_retained,no_lawful_text_retained,
PMID:33381571,Social_Behavioral,900,author_request_only,author_request_only,
PMID:33381562,Social_Behavioral,901,no_deposit_named,no_deposit_named,
PMID:35033266,Social_Behavioral,902,no_lawful_text_retained,no_lawful_text_retained,
PMID:34960611,Social_Behavioral,903,open_route_named_pending_listing,above_cap,bioproject:PRJNA767784=announced_sizes_exceed_amendment_caps
PMID:41448789,Social_Behavioral,904,author_request_only,author_request_only,
PMID:34980585,Social_Behavioral,905,no_lawful_text_retained,no_lawful_text_retained,
PMID:40654210,Social_Behavioral,906,no_lawful_text_retained,no_lawful_text_retained,
PMID:35028603,Social_Behavioral,907,open_route_named_pending_listing,,geo:GSE183055=anonymous_listing_with_sizes_within_caps
PMID:36774123,Social_Behavioral,908,no_lawful_text_retained,no_lawful_text_retained,
PMID:38358242,Social_Behavioral,909,author_request_only,author_request_only,
PMID:41444068,Social_Behavioral,910,no_lawful_text_retained,no_lawful_text_retained,
PMID:40226689,Social_Behavioral,911,author_request_only,author_request_only,
PMID:36728912,Social_Behavioral,912,no_lawful_text_retained,no_lawful_text_retained,
PMID:35528958,Social_Behavioral,913,open_route_named_pending_listing,,dataverse:62NTAA=anonymous_listing_with_sizes_within_caps
PMID:33383526,Social_Behavioral,914,no_lawful_text_retained,no_lawful_text_retained,
PMID:38191200,Social_Behavioral,915,no_lawful_text_retained,no_lawful_text_retained,
PMID:36584003,Social_Behavioral,916,open_route_named_pending_listing,listing_unavailable,osf:74j3c=listing_http_401; osf:4e63c=identifier_is_a_preprint_not_a_data_deposit; osf:m24de=identifier_is_a_preprint_not_a_data_deposit
PMID:41468737,Social_Behavioral,917,no_lawful_text_retained,no_lawful_text_retained,
PMID:39739930,Social_Behavioral,918,no_deposit_named,no_deposit_named,
PMID:41454884,Social_Behavioral,919,no_lawful_text_retained,no_lawful_text_retained,
PMID:39737822,Social_Behavioral,920,no_lawful_text_retained,no_lawful_text_retained,
PMID:39753015,Social_Behavioral,921,no_lawful_text_retained,no_lawful_text_retained,
PMID:34959198,Social_Behavioral,922,no_lawful_text_retained,no_lawful_text_retained,
PMID:34504359,Social_Behavioral,923,no_deposit_named,no_deposit_named,
PMID:39739711,Social_Behavioral,924,no_deposit_named,no_deposit_named,
PMID:38256290,Social_Behavioral,925,no_deposit_named,no_deposit_named,
PMID:34959178,Social_Behavioral,926,no_lawful_text_retained,no_lawful_text_retained,
PMID:38147291,Social_Behavioral,927,no_lawful_text_retained,no_lawful_text_retained,
PMID:35027213,Social_Behavioral,928,no_lawful_text_retained,no_lawful_text_retained,
PMID:37130184,Social_Behavioral,929,no_lawful_text_retained,no_lawful_text_retained,
PMID:39971641,Social_Behavioral,930,no_lawful_text_retained,no_lawful_text_retained,
PMID:35285063,Social_Behavioral,931,no_lawful_text_retained,no_lawful_text_retained,
PMID:38160568,Social_Behavioral,932,no_lawful_text_retained,no_lawful_text_retained,
PMID:41492996,Social_Behavioral,933,no_lawful_text_retained,no_lawful_text_retained,
PMID:38153433,Social_Behavioral,934,no_lawful_text_retained,no_lawful_text_retained,
PMID:36799023,Social_Behavioral,935,author_request_only,author_request_only,
PMID:41466254,Social_Behavioral,936,author_request_only,author_request_only,
PMID:36672855,Social_Behavioral,937,author_request_only,author_request_only,
PMID:33457089,Social_Behavioral,938,no_deposit_named,no_deposit_named,
PMID:34973435,Social_Behavioral,939,no_deposit_named,no_deposit_named,
PMID:34964543,Social_Behavioral,940,no_lawful_text_retained,no_lawful_text_retained,
PMID:36582181,Social_Behavioral,941,no_lawful_text_retained,no_lawful_text_retained,
PMID:39772255,Social_Behavioral,942,author_request_only,author_request_only,
PMID:36642681,Social_Behavioral,943,no_lawful_text_retained,no_lawful_text_retained,
PMID:36729413,Social_Behavioral,944,no_lawful_text_retained,no_lawful_text_retained,
PMID:34974586,Social_Behavioral,945,no_lawful_text_retained,no_lawful_text_retained,
PMID:38160611,Social_Behavioral,946,no_lawful_text_retained,no_lawful_text_retained,
PMID:33945708,Social_Behavioral,947,no_lawful_text_retained,no_lawful_text_retained,
PMID:38140904,Social_Behavioral,948,no_lawful_text_retained,no_lawful_text_retained,
PMID:41453101,Social_Behavioral,949,no_lawful_text_retained,no_lawful_text_retained,
PMID:34960014,Social_Behavioral,950,author_request_only,author_request_only,
PMID:36581328,Social_Behavioral,951,no_deposit_named,no_deposit_named,
PMID:35010514,Social_Behavioral,952,no_deposit_named,no_deposit_named,
PMID:36612914,Social_Behavioral,953,no_deposit_named,no_deposit_named,
PMID:41468433,Social_Behavioral,954,open_route_named_pending_listing,code_only_deposit,zenodo:15525265=every_listed_file_is_implementation_material
PMID:36602065,Social_Behavioral,955,no_lawful_text_retained,no_lawful_text_retained,
PMID:35140683,Social_Behavioral,956,supplement_only_unverified,supplement_only_unverified,
PMID:38156852,Social_Behavioral,957,no_deposit_named,no_deposit_named,
PMID:36684856,Social_Behavioral,958,supplement_only_unverified,supplement_only_unverified,
PMID:34962469,Social_Behavioral,959,no_lawful_text_retained,no_lawful_text_retained,
PMID:41626642,Social_Behavioral,960,no_lawful_text_retained,no_lawful_text_retained,
PMID:37336606,Social_Behavioral,961,no_deposit_named,no_deposit_named,
PMID:38527898,Social_Behavioral,962,no_lawful_text_retained,no_lawful_text_retained,
PMID:38138276,Social_Behavioral,963,supplement_only_unverified,supplement_only_unverified,
PMID:33419686,Social_Behavioral,964,no_lawful_text_retained,no_lawful_text_retained,
PMID:35158335,Social_Behavioral,965,no_lawful_text_retained,no_lawful_text_retained,
PMID:35181199,Social_Behavioral,966,no_lawful_text_retained,no_lawful_text_retained,
PMID:35354014,Social_Behavioral,967,no_deposit_named,no_deposit_named,
PMID:36688858,Social_Behavioral,968,no_lawful_text_retained,no_lawful_text_retained,
PMID:39861827,Social_Behavioral,969,author_request_only,author_request_only,
PMID:36581454,Social_Behavioral,970,no_lawful_text_retained,no_lawful_text_retained,
PMID:37092070,Social_Behavioral,971,author_request_only,author_request_only,
PMID:34962960,Social_Behavioral,972,no_deposit_named,no_deposit_named,
PMID:34963553,Social_Behavioral,973,no_lawful_text_retained,no_lawful_text_retained,
PMID:41726456,Social_Behavioral,974,no_lawful_text_retained,no_lawful_text_retained,
PMID:38478781,Social_Behavioral,975,no_lawful_text_retained,no_lawful_text_retained,
PMID:34965815,Social_Behavioral,976,no_lawful_text_retained,no_lawful_text_retained,
PMID:36592839,Social_Behavioral,977,no_lawful_text_retained,no_lawful_text_retained,
PMID:38495778,Social_Behavioral,978,open_route_named_pending_listing,code_only_deposit,zenodo:7250670=every_listed_file_is_implementation_material; zenodo:7250678=every_listed_file_is_implementation_material
PMID:33613536,Social_Behavioral,979,open_route_named_pending_listing,above_cap,geo:GSE124719=announced_sizes_exceed_amendment_caps; bioproject:PRJNA513261=listing_empty
PMID:33635760,Social_Behavioral,980,no_lawful_text_retained,no_lawful_text_retained,
PMID:39766902,Social_Behavioral,981,supplement_only_unverified,supplement_only_unverified,
PMID:35030475,Social_Behavioral,982,no_lawful_text_retained,no_lawful_text_retained,
PMID:35063212,Social_Behavioral,983,no_lawful_text_retained,no_lawful_text_retained,
PMID:34986458,Social_Behavioral,984,no_lawful_text_retained,no_lawful_text_retained,
PMID:34974585,Social_Behavioral,985,no_lawful_text_retained,no_lawful_text_retained,
PMID:40383890,Social_Behavioral,986,no_lawful_text_retained,no_lawful_text_retained,
PMID:41528861,Social_Behavioral,987,no_lawful_text_retained,no_lawful_text_retained,
PMID:33487269,Social_Behavioral,988,no_lawful_text_retained,no_lawful_text_retained,
PMID:39737818,Social_Behavioral,989,no_lawful_text_retained,no_lawful_text_retained,
PMID:39765452,Social_Behavioral,990,no_lawful_text_retained,no_lawful_text_retained,
PMID:39830175,Social_Behavioral,991,supplement_only_unverified,supplement_only_unverified,
PMID:38151912,Social_Behavioral,992,author_request_only,author_request_only,
PMID:41456360,Social_Behavioral,993,no_lawful_text_retained,no_lawful_text_retained,
PMID:36654011,Social_Behavioral,994,no_lawful_text_retained,no_lawful_text_retained,
PMID:39791451,Social_Behavioral,995,no_deposit_named,no_deposit_named,
PMID:36583597,Social_Behavioral,996,no_deposit_named,no_deposit_named,
PMID:33382812,Social_Behavioral,997,no_deposit_named,no_deposit_named,
PMID:34968429,Social_Behavioral,998,no_lawful_text_retained,no_lawful_text_retained,
PMID:40177762,Social_Behavioral,999,application_required,application_required,
PMID:41462442,Social_Behavioral,1000,supplement_only_unverified,supplement_only_unverified,
PMID:39879463,Social_Behavioral,1001,no_lawful_text_retained,no_lawful_text_retained,
PMID:39732627,Social_Behavioral,1002,supplement_only_unverified,supplement_only_unverified,
PMID:41458413,Social_Behavioral,1003,no_deposit_named,no_deposit_named,
PMID:41578787,Social_Behavioral,1004,author_request_only,author_request_only,
PMID:41471831,Social_Behavioral,1005,no_deposit_named,no_deposit_named,
PMID:39878271,Social_Behavioral,1006,no_lawful_text_retained,no_lawful_text_retained,
PMID:41443784,Social_Behavioral,1007,no_lawful_text_retained,no_lawful_text_retained,
PMID:36583949,Social_Behavioral,1008,no_lawful_text_retained,no_lawful_text_retained,
PMID:39738360,Social_Behavioral,1009,author_request_only,author_request_only,
PMID:41666434,Social_Behavioral,1010,no_deposit_named,no_deposit_named,
PMID:36811567,Social_Behavioral,1011,author_request_only,author_request_only,
PMID:33416775,Social_Behavioral,1012,no_lawful_text_retained,no_lawful_text_retained,
PMID:40337822,Social_Behavioral,1013,no_lawful_text_retained,no_lawful_text_retained,
PMID:39944559,Social_Behavioral,1014,author_request_only,author_request_only,
PMID:33393644,Social_Behavioral,1015,no_lawful_text_retained,no_lawful_text_retained,
PMID:38232327,Social_Behavioral,1016,no_lawful_text_retained,no_lawful_text_retained,
PMID:41464434,Social_Behavioral,1017,no_deposit_named,no_deposit_named,
PMID:33387962,Social_Behavioral,1018,no_lawful_text_retained,no_lawful_text_retained,
PMID:38260133,Social_Behavioral,1019,supplement_only_unverified,supplement_only_unverified,
PMID:38204309,Social_Behavioral,1020,no_lawful_text_retained,no_lawful_text_retained,
PMID:34981473,Social_Behavioral,1021,no_lawful_text_retained,no_lawful_text_retained,
PMID:39998540,Social_Behavioral,1022,no_lawful_text_retained,no_lawful_text_retained,
PMID:39954536,Social_Behavioral,1023,no_lawful_text_retained,no_lawful_text_retained,
PMID:41615122,Social_Behavioral,1024,no_lawful_text_retained,no_lawful_text_retained,
PMID:34963090,Social_Behavioral,1025,no_lawful_text_retained,no_lawful_text_retained,
PMID:41726476,Social_Behavioral,1026,no_lawful_text_retained,no_lawful_text_retained,
PMID:39746225,Social_Behavioral,1027,no_lawful_text_retained,no_lawful_text_retained,
PMID:35197385,Social_Behavioral,1028,no_lawful_text_retained,no_lawful_text_retained,
PMID:38155077,Social_Behavioral,1029,no_lawful_text_retained,no_lawful_text_retained,
PMID:33478833,Social_Behavioral,1030,no_lawful_text_retained,no_lawful_text_retained,
PMID:34394262,Social_Behavioral,1031,no_deposit_named,no_deposit_named,
PMID:41515946,Social_Behavioral,1032,supplement_only_unverified,supplement_only_unverified,
PMID:38183921,Social_Behavioral,1033,no_lawful_text_retained,no_lawful_text_retained,
PMID:41595799,Social_Behavioral,1034,author_request_only,author_request_only,
PMID:33559624,Social_Behavioral,1035,no_deposit_named,no_deposit_named,
PMID:35308944,Social_Behavioral,1036,no_lawful_text_retained,no_lawful_text_retained,
PMID:34965202,Social_Behavioral,1037,no_lawful_text_retained,no_lawful_text_retained,
PMID:37132645,Social_Behavioral,1038,no_deposit_named,no_deposit_named,
PMID:35009699,Social_Behavioral,1039,no_deposit_named,no_deposit_named,
PMID:35851215,Social_Behavioral,1040,no_lawful_text_retained,no_lawful_text_retained,
PMID:41494848,Social_Behavioral,1041,no_lawful_text_retained,no_lawful_text_retained,
PMID:33416804,Social_Behavioral,1042,no_lawful_text_retained,no_lawful_text_retained,
PMID:39742657,Social_Behavioral,1043,no_lawful_text_retained,no_lawful_text_retained,
PMID:41479914,Social_Behavioral,1044,supplement_only_unverified,supplement_only_unverified,
PMID:39890560,Social_Behavioral,1045,no_lawful_text_retained,no_lawful_text_retained,
PMID:36703810,Social_Behavioral,1046,supplement_only_unverified,supplement_only_unverified,
PMID:33396485,Social_Behavioral,1047,no_deposit_named,no_deposit_named,
PMID:41443550,Social_Behavioral,1048,no_lawful_text_retained,no_lawful_text_retained,
PMID:38141323,Social_Behavioral,1049,no_lawful_text_retained,no_lawful_text_retained,
PMID:35123859,Social_Behavioral,1050,no_lawful_text_retained,no_lawful_text_retained,
PMID:35544800,Social_Behavioral,1051,no_lawful_text_retained,no_lawful_text_retained,
PMID:38241619,Social_Behavioral,1052,no_lawful_text_retained,no_lawful_text_retained,
PMID:33426098,Social_Behavioral,1053,author_request_only,author_request_only,
PMID:34077054,Social_Behavioral,1054,no_lawful_text_retained,no_lawful_text_retained,
PMID:36728767,Social_Behavioral,1055,no_lawful_text_retained,no_lawful_text_retained,
PMID:38157699,Social_Behavioral,1056,no_lawful_text_retained,no_lawful_text_retained,
PMID:41470163,Social_Behavioral,1057,author_request_only,author_request_only,
PMID:38460998,Social_Behavioral,1058,no_lawful_text_retained,no_lawful_text_retained,
PMID:41466230,Social_Behavioral,1059,author_request_only,author_request_only,
PMID:36801030,Social_Behavioral,1060,no_lawful_text_retained,no_lawful_text_retained,
PMID:34963142,Social_Behavioral,1061,no_lawful_text_retained,no_lawful_text_retained,
PMID:38267150,Social_Behavioral,1062,no_deposit_named,no_deposit_named,
PMID:35010465,Social_Behavioral,1063,open_route_named_pending_listing,listing_unavailable,dataverse:3RAES2=listing_http_404
PMID:39994934,Social_Behavioral,1064,no_lawful_text_retained,no_lawful_text_retained,
PMID:39770974,Social_Behavioral,1065,author_request_only,author_request_only,
PMID:38157145,Social_Behavioral,1066,no_lawful_text_retained,no_lawful_text_retained,
PMID:41471175,Social_Behavioral,1067,no_deposit_named,no_deposit_named,
PMID:41469551,Social_Behavioral,1068,supplement_only_unverified,supplement_only_unverified,
PMID:39997071,Social_Behavioral,1069,no_lawful_text_retained,no_lawful_text_retained,
PMID:38213049,Social_Behavioral,1070,no_lawful_text_retained,no_lawful_text_retained,
PMID:39851007,Social_Behavioral,1071,no_lawful_text_retained,no_lawful_text_retained,
PMID:38190189,Social_Behavioral,1072,no_lawful_text_retained,no_lawful_text_retained,
PMID:41561876,Social_Behavioral,1073,supplement_only_unverified,supplement_only_unverified,
PMID:38243547,Social_Behavioral,1074,no_lawful_text_retained,no_lawful_text_retained,
PMID:33482970,Social_Behavioral,1075,no_lawful_text_retained,no_lawful_text_retained,
PMID:33440269,Social_Behavioral,1076,no_lawful_text_retained,no_lawful_text_retained,
PMID:33549252,Social_Behavioral,1077,no_deposit_named,no_deposit_named,
PMID:33378628,Social_Behavioral,1078,no_lawful_text_retained,no_lawful_text_retained,
PMID:38154194,Social_Behavioral,1079,no_lawful_text_retained,no_lawful_text_retained,
PMID:35004595,Social_Behavioral,1080,supplement_only_unverified,supplement_only_unverified,
PMID:38154327,Social_Behavioral,1081,no_lawful_text_retained,no_lawful_text_retained,
PMID:35013019,Social_Behavioral,1082,no_lawful_text_retained,no_lawful_text_retained,
PMID:39971435,Social_Behavioral,1083,no_lawful_text_retained,no_lawful_text_retained,
PMID:35485221,Social_Behavioral,1084,no_lawful_text_retained,no_lawful_text_retained,
PMID:35369661,Social_Behavioral,1085,no_lawful_text_retained,no_lawful_text_retained,
PMID:39764859,Social_Behavioral,1086,no_lawful_text_retained,no_lawful_text_retained,
PMID:39944382,Social_Behavioral,1087,no_deposit_named,no_deposit_named,
PMID:41660627,Social_Behavioral,1088,author_request_only,author_request_only,
PMID:34961492,Social_Behavioral,1089,supplement_only_unverified,supplement_only_unverified,
PMID:36960638,Social_Behavioral,1090,no_deposit_named,no_deposit_named,
PMID:38846739,Social_Behavioral,1091,no_lawful_text_retained,no_lawful_text_retained,
PMID:41462266,Social_Behavioral,1092,supplement_only_unverified,supplement_only_unverified,
PMID:35780673,Social_Behavioral,1093,no_lawful_text_retained,no_lawful_text_retained,
PMID:33384968,Social_Behavioral,1094,no_deposit_named,no_deposit_named,
PMID:33410807,Social_Behavioral,1095,no_lawful_text_retained,no_lawful_text_retained,
PMID:36653251,Social_Behavioral,1096,no_lawful_text_retained,no_lawful_text_retained,
PMID:41864715,Social_Behavioral,1097,no_lawful_text_retained,no_lawful_text_retained,
PMID:36579313,Social_Behavioral,1098,no_deposit_named,no_deposit_named,
PMID:33390263,Social_Behavioral,1099,no_lawful_text_retained,no_lawful_text_retained,
PMID:41142169,Social_Behavioral,1100,open_route_named_pending_listing,,dataverse:9CEJ6R=anonymous_listing_with_sizes_within_caps
PMID:39736173,Social_Behavioral,1101,no_lawful_text_retained,no_lawful_text_retained,
PMID:34961562,Social_Behavioral,1102,author_request_only,author_request_only,
PMID:34965596,Social_Behavioral,1103,no_lawful_text_retained,no_lawful_text_retained,
PMID:36891008,Social_Behavioral,1104,no_lawful_text_retained,no_lawful_text_retained,
PMID:38220402,Social_Behavioral,1105,no_lawful_text_retained,no_lawful_text_retained,
PMID:34973829,Social_Behavioral,1106,no_lawful_text_retained,no_lawful_text_retained,
PMID:38220404,Social_Behavioral,1107,no_lawful_text_retained,no_lawful_text_retained,
PMID:33472998,Social_Behavioral,1108,no_lawful_text_retained,no_lawful_text_retained,
PMID:35590167,Social_Behavioral,1109,no_lawful_text_retained,no_lawful_text_retained,
PMID:36705123,Social_Behavioral,1110,no_deposit_named,no_deposit_named,
PMID:39767393,Social_Behavioral,1111,author_request_only,author_request_only,
PMID:38345588,Social_Behavioral,1112,no_lawful_text_retained,no_lawful_text_retained,
PMID:36800669,Social_Behavioral,1113,no_lawful_text_retained,no_lawful_text_retained,
PMID:34982447,Social_Behavioral,1114,no_lawful_text_retained,no_lawful_text_retained,
PMID:40452091,Social_Behavioral,1115,no_lawful_text_retained,no_lawful_text_retained,
PMID:36607929,Social_Behavioral,1116,no_lawful_text_retained,no_lawful_text_retained,
PMID:33601692,Social_Behavioral,1117,no_lawful_text_retained,no_lawful_text_retained,
PMID:35249620,Social_Behavioral,1118,no_lawful_text_retained,no_lawful_text_retained,
PMID:38239988,Social_Behavioral,1119,supplement_only_unverified,supplement_only_unverified,
PMID:39370182,Social_Behavioral,1120,no_lawful_text_retained,no_lawful_text_retained,
PMID:41456480,Social_Behavioral,1121,no_lawful_text_retained,no_lawful_text_retained,
PMID:37158266,Social_Behavioral,1122,no_lawful_text_retained,no_lawful_text_retained,
PMID:37267171,Social_Behavioral,1123,no_lawful_text_retained,no_lawful_text_retained,
PMID:39742281,Social_Behavioral,1124,supplement_only_unverified,supplement_only_unverified,
PMID:35003392,Social_Behavioral,1125,author_request_only,author_request_only,
PMID:39738685,Social_Behavioral,1126,no_lawful_text_retained,no_lawful_text_retained,
PMID:34968861,Social_Behavioral,1127,no_lawful_text_retained,no_lawful_text_retained,
PMID:39774479,Social_Behavioral,1128,no_deposit_named,no_deposit_named,
PMID:41595853,Social_Behavioral,1129,supplement_only_unverified,supplement_only_unverified,
PMID:33601722,Social_Behavioral,1130,no_lawful_text_retained,no_lawful_text_retained,
PMID:36596078,Social_Behavioral,1131,author_request_only,author_request_only,
PMID:36922302,Social_Behavioral,1132,no_lawful_text_retained,no_lawful_text_retained,
PMID:40028965,Social_Behavioral,1133,no_lawful_text_retained,no_lawful_text_retained,
PMID:35077278,Social_Behavioral,1134,no_lawful_text_retained,no_lawful_text_retained,
PMID:41607783,Social_Behavioral,1135,no_deposit_named,no_deposit_named,
PMID:35236225,Social_Behavioral,1136,no_lawful_text_retained,no_lawful_text_retained,
PMID:36684971,Social_Behavioral,1137,no_deposit_named,no_deposit_named,
PMID:41786439,Social_Behavioral,1138,no_lawful_text_retained,no_lawful_text_retained,
PMID:38269381,Social_Behavioral,1139,no_lawful_text_retained,no_lawful_text_retained,
PMID:36579815,Social_Behavioral,1140,no_lawful_text_retained,no_lawful_text_retained,
PMID:33577474,Social_Behavioral,1141,no_lawful_text_retained,no_lawful_text_retained,
PMID:38171985,Social_Behavioral,1142,no_lawful_text_retained,no_lawful_text_retained,
PMID:39879447,Social_Behavioral,1143,no_lawful_text_retained,no_lawful_text_retained,
PMID:39849871,Social_Behavioral,1144,no_lawful_text_retained,no_lawful_text_retained,
PMID:33416582,Social_Behavioral,1145,no_lawful_text_retained,no_lawful_text_retained,
PMID:35040941,Social_Behavioral,1146,author_request_only,author_request_only,
PMID:41454957,Social_Behavioral,1147,supplement_only_unverified,supplement_only_unverified,
PMID:39738676,Social_Behavioral,1148,supplement_only_unverified,supplement_only_unverified,
PMID:34962218,Social_Behavioral,1149,no_lawful_text_retained,no_lawful_text_retained,
PMID:41630718,Social_Behavioral,1150,no_deposit_named,no_deposit_named,
PMID:41848131,Social_Behavioral,1151,no_lawful_text_retained,no_lawful_text_retained,
PMID:33724145,Social_Behavioral,1152,no_lawful_text_retained,no_lawful_text_retained,
PMID:36731071,Social_Behavioral,1153,no_lawful_text_retained,no_lawful_text_retained,
PMID:33444274,Social_Behavioral,1154,no_lawful_text_retained,no_lawful_text_retained,
PMID:39959596,Social_Behavioral,1155,no_deposit_named,no_deposit_named,
PMID:39738426,Social_Behavioral,1156,author_request_only,author_request_only,
PMID:41686386,Social_Behavioral,1157,no_lawful_text_retained,no_lawful_text_retained,
PMID:34975905,Social_Behavioral,1158,no_deposit_named,no_deposit_named,
PMID:39775249,Social_Behavioral,1159,author_request_only,author_request_only,
PMID:39740520,Social_Behavioral,1160,no_lawful_text_retained,no_lawful_text_retained,
PMID:41470179,Social_Behavioral,1161,author_request_only,author_request_only,
PMID:36658066,Social_Behavioral,1162,no_lawful_text_retained,no_lawful_text_retained,
PMID:41462073,Social_Behavioral,1163,author_request_only,author_request_only,
PMID:41453623,Social_Behavioral,1164,no_lawful_text_retained,no_lawful_text_retained,
PMID:39741284,Social_Behavioral,1165,supplement_only_unverified,supplement_only_unverified,
PMID:39831755,Social_Behavioral,1166,no_lawful_text_retained,no_lawful_text_retained,
PMID:37267181,Social_Behavioral,1167,no_lawful_text_retained,no_lawful_text_retained,
PMID:35031242,Social_Behavioral,1168,no_lawful_text_retained,no_lawful_text_retained,
PMID:39916362,Social_Behavioral,1169,no_lawful_text_retained,no_lawful_text_retained,
PMID:35095912,Social_Behavioral,1170,open_route_named_pending_listing,,bioproject:PRJNA782241=anonymous_listing_with_sizes_within_caps
PMID:38142441,Social_Behavioral,1171,no_lawful_text_retained,no_lawful_text_retained,
PMID:36621052,Social_Behavioral,1172,no_lawful_text_retained,no_lawful_text_retained,
PMID:39772642,Social_Behavioral,1173,author_request_only,author_request_only,
PMID:41502206,Social_Behavioral,1174,no_lawful_text_retained,no_lawful_text_retained,
PMID:40039388,Social_Behavioral,1175,no_lawful_text_retained,no_lawful_text_retained,
PMID:36599277,Social_Behavioral,1176,no_lawful_text_retained,no_lawful_text_retained,
PMID:35048636,Social_Behavioral,1177,no_lawful_text_retained,no_lawful_text_retained,
PMID:33461776,Social_Behavioral,1178,no_deposit_named,no_deposit_named,
PMID:35229802,Social_Behavioral,1179,no_lawful_text_retained,no_lawful_text_retained,
PMID:41448777,Social_Behavioral,1180,author_request_only,author_request_only,
PMID:34986574,Social_Behavioral,1181,no_lawful_text_retained,no_lawful_text_retained,
PMID:40040014,Social_Behavioral,1182,no_lawful_text_retained,no_lawful_text_retained,
PMID:39793088,Social_Behavioral,1183,no_deposit_named,no_deposit_named,
PMID:38153809,Social_Behavioral,1184,no_deposit_named,no_deposit_named,
PMID:38176120,Social_Behavioral,1185,no_lawful_text_retained,no_lawful_text_retained,
PMID:38153212,Social_Behavioral,1186,no_lawful_text_retained,no_lawful_text_retained,
PMID:38295719,Social_Behavioral,1187,no_lawful_text_retained,no_lawful_text_retained,
PMID:33385834,Social_Behavioral,1188,no_lawful_text_retained,no_lawful_text_retained,
PMID:39949339,Social_Behavioral,1189,no_deposit_named,no_deposit_named,
PMID:35127613,Social_Behavioral,1190,open_route_named_pending_listing,size_unannounced,osf:uqhcv=some_or_all_files_without_announced_size
PMID:39998527,Social_Behavioral,1191,no_lawful_text_retained,no_lawful_text_retained,
PMID:36615788,Social_Behavioral,1192,no_deposit_named,no_deposit_named,
PMID:39808743,Social_Behavioral,1193,no_lawful_text_retained,no_lawful_text_retained,
PMID:33602395,Social_Behavioral,1194,no_lawful_text_retained,no_lawful_text_retained,
PMID:41726514,Social_Behavioral,1195,no_lawful_text_retained,no_lawful_text_retained,
PMID:39859009,Social_Behavioral,1196,no_deposit_named,no_deposit_named,
PMID:36585431,Social_Behavioral,1197,author_request_only,author_request_only,
PMID:33418564,Social_Behavioral,1198,no_deposit_named,no_deposit_named,
PMID:33584683,Social_Behavioral,1199,no_deposit_named,no_deposit_named,
PMID:41659331,Social_Behavioral,1200,no_deposit_named,no_deposit_named,
PMID:38159442,Social_Behavioral,1201,no_lawful_text_retained,no_lawful_text_retained,
PMID:33388182,Social_Behavioral,1202,no_lawful_text_retained,no_lawful_text_retained,
PMID:33444206,Social_Behavioral,1203,no_deposit_named,no_deposit_named,
PMID:33935960,Social_Behavioral,1204,open_route_named_pending_listing,listing_unavailable,metabolights:MTBLS1427=listing_http_401
PMID:40191555,Social_Behavioral,1205,no_deposit_named,no_deposit_named,
PMID:35090816,Social_Behavioral,1206,no_lawful_text_retained,no_lawful_text_retained,
PMID:39035422,Social_Behavioral,1207,open_route_named_pending_listing,,dataverse:ZO5T7Z=anonymous_listing_with_sizes_within_caps
PMID:36691222,Social_Behavioral,1208,no_deposit_named,no_deposit_named,
PMID:35029571,Social_Behavioral,1209,no_lawful_text_retained,no_lawful_text_retained,
PMID:39329088,Social_Behavioral,1210,open_route_named_pending_listing,,figshare:16529391=anonymous_listing_with_sizes_within_caps
PMID:33377583,Social_Behavioral,1211,no_lawful_text_retained,no_lawful_text_retained,
PMID:39925073,Social_Behavioral,1212,no_lawful_text_retained,no_lawful_text_retained,
PMID:35229811,Social_Behavioral,1213,no_lawful_text_retained,no_lawful_text_retained,
PMID:38275585,Social_Behavioral,1214,application_required,application_required,
PMID:33422443,Social_Behavioral,1215,no_lawful_text_retained,no_lawful_text_retained,
PMID:38151596,Social_Behavioral,1216,author_request_only,author_request_only,
PMID:39733019,Social_Behavioral,1217,author_request_only,author_request_only,
PMID:33382176,Social_Behavioral,1218,no_lawful_text_retained,no_lawful_text_retained,
PMID:33383911,Social_Behavioral,1219,author_request_only,author_request_only,
PMID:39735487,Social_Behavioral,1220,no_deposit_named,no_deposit_named,
PMID:39905613,Social_Behavioral,1221,no_lawful_text_retained,no_lawful_text_retained,
PMID:38160591,Social_Behavioral,1222,no_lawful_text_retained,no_lawful_text_retained,
PMID:38193173,Social_Behavioral,1223,no_lawful_text_retained,no_lawful_text_retained,
PMID:39806713,Social_Behavioral,1224,author_request_only,author_request_only,
PMID:38485369,Social_Behavioral,1225,no_lawful_text_retained,no_lawful_text_retained,
PMID:36592768,Social_Behavioral,1226,no_lawful_text_retained,no_lawful_text_retained,
PMID:41482028,Social_Behavioral,1227,no_lawful_text_retained,no_lawful_text_retained,
PMID:41595858,Social_Behavioral,1228,author_request_only,author_request_only,
PMID:39740932,Social_Behavioral,1229,author_request_only,author_request_only,
PMID:41475778,Social_Behavioral,1230,supplement_only_unverified,supplement_only_unverified,
PMID:41456966,Social_Behavioral,1231,no_lawful_text_retained,no_lawful_text_retained,
PMID:33612649,Social_Behavioral,1232,no_lawful_text_retained,no_lawful_text_retained,
PMID:34973019,Social_Behavioral,1233,no_lawful_text_retained,no_lawful_text_retained,
PMID:41475515,Social_Behavioral,1234,no_lawful_text_retained,no_lawful_text_retained,
PMID:39739221,Social_Behavioral,1235,no_lawful_text_retained,no_lawful_text_retained,
PMID:33936467,Social_Behavioral,1236,no_lawful_text_retained,no_lawful_text_retained,
PMID:39739040,Social_Behavioral,1237,no_lawful_text_retained,no_lawful_text_retained,
PMID:34474757,Social_Behavioral,1238,no_deposit_named,no_deposit_named,
PMID:40417527,Social_Behavioral,1239,no_lawful_text_retained,no_lawful_text_retained,
PMID:33622201,Social_Behavioral,1240,no_lawful_text_retained,no_lawful_text_retained,
PMID:36651094,Social_Behavioral,1241,no_lawful_text_retained,no_lawful_text_retained,
PMID:41474234,Social_Behavioral,1242,no_lawful_text_retained,no_lawful_text_retained,
PMID:41441936,Social_Behavioral,1243,author_request_only,author_request_only,
PMID:33774624,Social_Behavioral,1244,no_lawful_text_retained,no_lawful_text_retained,
PMID:35308900,Social_Behavioral,1245,no_lawful_text_retained,no_lawful_text_retained,
PMID:36586693,Social_Behavioral,1246,no_lawful_text_retained,no_lawful_text_retained,
PMID:33565515,Social_Behavioral,1247,no_lawful_text_retained,no_lawful_text_retained,
PMID:39771010,Social_Behavioral,1248,author_request_only,author_request_only,
PMID:33611302,Social_Behavioral,1249,no_lawful_text_retained,no_lawful_text_retained,
PMID:40224753,Social_Behavioral,1250,author_request_only,author_request_only,
PMID:38282502,Social_Behavioral,1251,no_deposit_named,no_deposit_named,
PMID:36684991,Social_Behavioral,1252,author_request_only,author_request_only,
PMID:33385795,Social_Behavioral,1253,no_lawful_text_retained,no_lawful_text_retained,
PMID:39787020,Social_Behavioral,1254,no_lawful_text_retained,no_lawful_text_retained,
PMID:38140773,Social_Behavioral,1255,author_request_only,author_request_only,
PMID:34967054,Social_Behavioral,1256,no_lawful_text_retained,no_lawful_text_retained,
PMID:38158814,Social_Behavioral,1257,no_lawful_text_retained,no_lawful_text_retained,
PMID:36613015,Social_Behavioral,1258,no_deposit_named,no_deposit_named,
PMID:39800543,Social_Behavioral,1259,no_lawful_text_retained,no_lawful_text_retained,
PMID:36586210,Social_Behavioral,1260,no_lawful_text_retained,no_lawful_text_retained,
PMID:35118038,Social_Behavioral,1261,author_request_only,author_request_only,
PMID:36726471,Social_Behavioral,1262,supplement_only_unverified,supplement_only_unverified,
PMID:40040119,Social_Behavioral,1263,no_lawful_text_retained,no_lawful_text_retained,
PMID:41442804,Social_Behavioral,1264,no_lawful_text_retained,no_lawful_text_retained,
PMID:38156662,Social_Behavioral,1265,no_deposit_named,no_deposit_named,
PMID:38154685,Social_Behavioral,1266,no_lawful_text_retained,no_lawful_text_retained,
PMID:34967363,Social_Behavioral,1267,no_deposit_named,no_deposit_named,
PMID:33395772,Social_Behavioral,1268,no_lawful_text_retained,no_lawful_text_retained,
PMID:41608922,Social_Behavioral,1269,no_lawful_text_retained,no_lawful_text_retained,
PMID:36583503,Social_Behavioral,1270,no_deposit_named,no_deposit_named,
PMID:35784493,Social_Behavioral,1271,no_deposit_named,no_deposit_named,
PMID:38149972,Social_Behavioral,1272,no_lawful_text_retained,no_lawful_text_retained,
PMID:33410806,Social_Behavioral,1273,no_lawful_text_retained,no_lawful_text_retained,
PMID:40031518,Social_Behavioral,1274,no_lawful_text_retained,no_lawful_text_retained,
PMID:36628829,Social_Behavioral,1275,no_lawful_text_retained,no_lawful_text_retained,
PMID:38286774,Social_Behavioral,1276,no_lawful_text_retained,no_lawful_text_retained,
PMID:38183763,Social_Behavioral,1277,no_lawful_text_retained,no_lawful_text_retained,
PMID:38167194,Social_Behavioral,1278,no_lawful_text_retained,no_lawful_text_retained,
PMID:33408262,Social_Behavioral,1279,no_lawful_text_retained,no_lawful_text_retained,
PMID:33394893,Social_Behavioral,1280,no_lawful_text_retained,no_lawful_text_retained,
PMID:38416964,Social_Behavioral,1281,no_lawful_text_retained,no_lawful_text_retained,
PMID:41503773,Social_Behavioral,1282,open_route_named_pending_listing,above_cap,bioproject:PRJNA1127336=announced_sizes_exceed_amendment_caps
PMID:33403971,Social_Behavioral,1283,no_lawful_text_retained,no_lawful_text_retained,
PMID:35069553,Social_Behavioral,1284,open_route_named_pending_listing,,geo:GSE14520=anonymous_listing_with_sizes_within_caps
PMID:36730937,Social_Behavioral,1285,no_lawful_text_retained,no_lawful_text_retained,
PMID:34283792,Social_Behavioral,1286,no_lawful_text_retained,no_lawful_text_retained,
PMID:41462170,Social_Behavioral,1287,author_request_only,author_request_only,
PMID:38374556,Social_Behavioral,1288,no_lawful_text_retained,no_lawful_text_retained,
PMID:39767516,Social_Behavioral,1289,supplement_only_unverified,supplement_only_unverified,
PMID:37665842,Social_Behavioral,1290,no_lawful_text_retained,no_lawful_text_retained,
PMID:36613010,Social_Behavioral,1291,no_deposit_named,no_deposit_named,
PMID:39827036,Social_Behavioral,1292,no_lawful_text_retained,no_lawful_text_retained,
PMID:39739823,Social_Behavioral,1293,no_deposit_named,no_deposit_named,
PMID:40090755,Social_Behavioral,1294,no_lawful_text_retained,no_lawful_text_retained,
PMID:35057931,Social_Behavioral,1295,no_lawful_text_retained,no_lawful_text_retained,
PMID:39897482,Social_Behavioral,1296,no_deposit_named,no_deposit_named,
PMID:41470195,Social_Behavioral,1297,author_request_only,author_request_only,
PMID:34962438,Social_Behavioral,1298,no_lawful_text_retained,no_lawful_text_retained,
PMID:33471709,Social_Behavioral,1299,no_lawful_text_retained,no_lawful_text_retained,
PMID:41504475,Social_Behavioral,1300,no_lawful_text_retained,no_lawful_text_retained,
PMID:41467482,Social_Behavioral,1301,no_lawful_text_retained,no_lawful_text_retained,
PMID:34964297,Social_Behavioral,1302,open_route_named_pending_listing,,bioproject:PRJNA747808=anonymous_listing_with_sizes_within_caps
PMID:39973690,Social_Behavioral,1303,no_lawful_text_retained,no_lawful_text_retained,
PMID:36511227,Social_Behavioral,1304,no_deposit_named,no_deposit_named,
PMID:35946291,Social_Behavioral,1305,no_lawful_text_retained,no_lawful_text_retained,
PMID:41474712,Social_Behavioral,1306,no_deposit_named,no_deposit_named,
PMID:34977234,Social_Behavioral,1307,author_request_only,author_request_only,
PMID:34972925,Social_Behavioral,1308,no_lawful_text_retained,no_lawful_text_retained,
PMID:38154905,Social_Behavioral,1309,no_deposit_named,no_deposit_named,
PMID:34796016,Social_Behavioral,1310,no_deposit_named,no_deposit_named,
PMID:38157521,Social_Behavioral,1311,no_lawful_text_retained,no_lawful_text_retained,
PMID:34967032,Social_Behavioral,1312,no_lawful_text_retained,no_lawful_text_retained,
PMID:38468546,Social_Behavioral,1313,no_deposit_named,no_deposit_named,
PMID:41516103,Social_Behavioral,1314,supplement_only_unverified,supplement_only_unverified,
PMID:39737501,Social_Behavioral,1315,no_lawful_text_retained,no_lawful_text_retained,
PMID:41494284,Social_Behavioral,1316,no_lawful_text_retained,no_lawful_text_retained,
PMID:34158430,Social_Behavioral,1317,no_lawful_text_retained,no_lawful_text_retained,
PMID:36612364,Social_Behavioral,1318,author_request_only,author_request_only,
PMID:41470136,Social_Behavioral,1319,author_request_only,author_request_only,
PMID:39731663,Social_Behavioral,1320,no_lawful_text_retained,no_lawful_text_retained,
PMID:41547632,Social_Behavioral,1321,no_lawful_text_retained,no_lawful_text_retained,
PMID:36660813,Social_Behavioral,1322,no_lawful_text_retained,no_lawful_text_retained,
PMID:36661013,Social_Behavioral,1323,no_lawful_text_retained,no_lawful_text_retained,
PMID:38180931,Social_Behavioral,1324,no_lawful_text_retained,no_lawful_text_retained,
PMID:41461150,Social_Behavioral,1325,author_request_only,author_request_only,
PMID:38244267,Social_Behavioral,1326,no_lawful_text_retained,no_lawful_text_retained,
PMID:34999327,Social_Behavioral,1327,no_lawful_text_retained,no_lawful_text_retained,
PMID:36651394,Social_Behavioral,1328,no_lawful_text_retained,no_lawful_text_retained,
PMID:38225142,Social_Behavioral,1329,no_lawful_text_retained,no_lawful_text_retained,
PMID:39752993,Social_Behavioral,1330,no_lawful_text_retained,no_lawful_text_retained,
PMID:35559915,Social_Behavioral,1331,no_lawful_text_retained,no_lawful_text_retained,
PMID:39883494,Social_Behavioral,1332,no_lawful_text_retained,no_lawful_text_retained,
PMID:41440287,Social_Behavioral,1333,supplement_only_unverified,supplement_only_unverified,
PMID:36778999,Social_Behavioral,1334,no_deposit_named,no_deposit_named,
PMID:34979304,Social_Behavioral,1335,no_lawful_text_retained,no_lawful_text_retained,
PMID:35977206,Social_Behavioral,1336,no_deposit_named,no_deposit_named,
PMID:37649471,Social_Behavioral,1337,no_deposit_named,no_deposit_named,
PMID:39850859,Social_Behavioral,1338,no_deposit_named,no_deposit_named,
PMID:39925064,Social_Behavioral,1339,no_lawful_text_retained,no_lawful_text_retained,
PMID:41444449,Social_Behavioral,1340,supplement_only_unverified,supplement_only_unverified,
PMID:38288434,Social_Behavioral,1341,no_deposit_named,no_deposit_named,
PMID:33383008,Social_Behavioral,1342,no_lawful_text_retained,no_lawful_text_retained,
PMID:41449391,Social_Behavioral,1343,author_request_only,author_request_only,
PMID:38250750,Social_Behavioral,1344,no_lawful_text_retained,no_lawful_text_retained,
PMID:35543297,Social_Behavioral,1345,no_lawful_text_retained,no_lawful_text_retained,
PMID:39766906,Social_Behavioral,1346,no_deposit_named,no_deposit_named,
PMID:33464651,Social_Behavioral,1347,author_request_only,author_request_only,
PMID:36586583,Social_Behavioral,1348,no_lawful_text_retained,no_lawful_text_retained,
PMID:38221375,Social_Behavioral,1349,no_lawful_text_retained,no_lawful_text_retained,
PMID:38246071,Social_Behavioral,1350,no_lawful_text_retained,no_lawful_text_retained,
PMID:41455188,Social_Behavioral,1351,no_lawful_text_retained,no_lawful_text_retained,
PMID:38182376,Social_Behavioral,1352,no_lawful_text_retained,no_lawful_text_retained,
PMID:41640527,Social_Behavioral,1353,no_deposit_named,no_deposit_named,
PMID:36599370,Social_Behavioral,1354,no_lawful_text_retained,no_lawful_text_retained,
PMID:38164890,Social_Behavioral,1355,no_lawful_text_retained,no_lawful_text_retained,
PMID:38416449,Social_Behavioral,1356,no_deposit_named,no_deposit_named,
PMID:41666742,Social_Behavioral,1357,no_lawful_text_retained,no_lawful_text_retained,
PMID:40686696,Social_Behavioral,1358,no_deposit_named,no_deposit_named,
PMID:33585388,Social_Behavioral,1359,supplement_only_unverified,supplement_only_unverified,
PMID:38142277,Social_Behavioral,1360,no_lawful_text_retained,no_lawful_text_retained,
PMID:34961504,Social_Behavioral,1361,author_request_only,author_request_only,
PMID:33379873,Social_Behavioral,1362,no_lawful_text_retained,no_lawful_text_retained,
PMID:36728884,Social_Behavioral,1363,no_lawful_text_retained,no_lawful_text_retained,
PMID:41470186,Social_Behavioral,1364,author_request_only,author_request_only,
PMID:38276791,Social_Behavioral,1365,no_deposit_named,no_deposit_named,
PMID:38282787,Social_Behavioral,1366,open_route_named_pending_listing,,dataverse:OMVLLB=anonymous_listing_with_sizes_within_caps
PMID:36728895,Social_Behavioral,1367,no_lawful_text_retained,no_lawful_text_retained,
PMID:38432810,Social_Behavioral,1368,no_lawful_text_retained,no_lawful_text_retained,
PMID:35065387,Social_Behavioral,1369,no_lawful_text_retained,no_lawful_text_retained,
PMID:35369652,Social_Behavioral,1370,no_lawful_text_retained,no_lawful_text_retained,
PMID:39733355,Social_Behavioral,1371,no_lawful_text_retained,no_lawful_text_retained,
PMID:41636311,Social_Behavioral,1372,no_lawful_text_retained,no_lawful_text_retained,
PMID:39986850,Social_Behavioral,1373,no_lawful_text_retained,no_lawful_text_retained,
PMID:41573586,Social_Behavioral,1374,supplement_only_unverified,supplement_only_unverified,
PMID:39742554,Social_Behavioral,1375,no_lawful_text_retained,no_lawful_text_retained,
PMID:39836844,Social_Behavioral,1376,no_deposit_named,no_deposit_named,
PMID:38155242,Social_Behavioral,1377,no_lawful_text_retained,no_lawful_text_retained,
PMID:33385883,Social_Behavioral,1378,no_deposit_named,no_deposit_named,
PMID:35034861,Social_Behavioral,1379,no_deposit_named,no_deposit_named,
PMID:36706283,Social_Behavioral,1380,no_lawful_text_retained,no_lawful_text_retained,
PMID:41460145,Social_Behavioral,1381,no_deposit_named,no_deposit_named,
PMID:34967566,Social_Behavioral,1382,no_deposit_named,no_deposit_named,
PMID:35069433,Social_Behavioral,1383,supplement_only_unverified,supplement_only_unverified,
PMID:41637604,Social_Behavioral,1384,no_deposit_named,no_deposit_named,
PMID:33382722,Social_Behavioral,1385,open_route_named_pending_listing,,zenodo:3832731=anonymous_listing_with_sizes_within_caps; zenodo:3601671=anonymous_listing_with_sizes_within_caps; zenodo:3879627=anonymous_listing_with_sizes_within_caps
PMID:36584719,Social_Behavioral,1386,no_lawful_text_retained,no_lawful_text_retained,
PMID:36603525,Social_Behavioral,1387,no_lawful_text_retained,no_lawful_text_retained,
PMID:35136584,Social_Behavioral,1388,open_route_named_pending_listing,,figshare:18027170=anonymous_listing_with_sizes_within_caps
PMID:41547608,Social_Behavioral,1389,no_lawful_text_retained,no_lawful_text_retained,
PMID:41669130,Social_Behavioral,1390,supplement_only_unverified,supplement_only_unverified,
PMID:38141537,Social_Behavioral,1391,no_lawful_text_retained,no_lawful_text_retained,
PMID:36581975,Social_Behavioral,1392,no_deposit_named,no_deposit_named,
PMID:36612900,Social_Behavioral,1393,no_deposit_named,no_deposit_named,
PMID:41470125,Social_Behavioral,1394,author_request_only,author_request_only,
PMID:36729580,Social_Behavioral,1395,no_lawful_text_retained,no_lawful_text_retained,
PMID:41478554,Social_Behavioral,1396,no_lawful_text_retained,no_lawful_text_retained,
PMID:41460489,Social_Behavioral,1397,author_request_only,author_request_only,
PMID:39896810,Social_Behavioral,1398,no_deposit_named,no_deposit_named,
PMID:36691164,Social_Behavioral,1399,no_deposit_named,no_deposit_named,
PMID:33490254,Social_Behavioral,1400,author_request_only,author_request_only,
PMID:39851020,Social_Behavioral,1401,no_lawful_text_retained,no_lawful_text_retained,
PMID:41461448,Social_Behavioral,1402,no_lawful_text_retained,no_lawful_text_retained,
PMID:39742355,Social_Behavioral,1403,author_request_only,author_request_only,
PMID:38213051,Social_Behavioral,1404,no_lawful_text_retained,no_lawful_text_retained,
PMID:35251445,Social_Behavioral,1405,no_deposit_named,no_deposit_named,
PMID:35010558,Social_Behavioral,1406,no_deposit_named,no_deposit_named,
PMID:33381998,Social_Behavioral,1407,no_lawful_text_retained,no_lawful_text_retained,
PMID:39850856,Social_Behavioral,1408,supplement_only_unverified,supplement_only_unverified,
PMID:36581881,Social_Behavioral,1409,supplement_only_unverified,supplement_only_unverified,
PMID:38147056,Social_Behavioral,1410,no_lawful_text_retained,no_lawful_text_retained,
PMID:39816064,Social_Behavioral,1411,open_route_named_pending_listing,,figshare:26339029=anonymous_listing_with_sizes_within_caps
PMID:39889405,Social_Behavioral,1412,no_lawful_text_retained,no_lawful_text_retained,
PMID:38160213,Social_Behavioral,1413,supplement_only_unverified,supplement_only_unverified,
PMID:41470773,Social_Behavioral,1414,author_request_only,author_request_only,
PMID:33891694,Social_Behavioral,1415,no_lawful_text_retained,no_lawful_text_retained,
PMID:41336033,Computational_Science,1,no_lawful_text_retained,no_lawful_text_retained,
PMID:34891985,Computational_Science,2,no_lawful_text_retained,no_lawful_text_retained,
PMID:36409083,Computational_Science,3,no_deposit_named,listing_unavailable,
PMID:34680891,Computational_Science,4,open_route_named_pending_listing,above_cap,bioproject:PRJEB47445=announced_sizes_exceed_amendment_caps; bioproject:PRJEB23292=announced_sizes_exceed_amendment_caps
PMID:36293016,Computational_Science,5,no_deposit_named,no_deposit_named,
PMID:37767905,Computational_Science,6,no_deposit_named,no_deposit_named,
PMID:38097055,Computational_Science,7,no_lawful_text_retained,no_lawful_text_retained,
PMID:36236716,Computational_Science,8,code_only_deposit,code_only_deposit,
PMID:36286480,Computational_Science,9,open_route_named_pending_listing,,bioproject:PRJNA827817=anonymous_listing_with_sizes_within_caps
PMID:33039266,Computational_Science,10,code_only_deposit,code_only_deposit,
PMID:32865767,Computational_Science,11,open_route_named_pending_listing,listing_unavailable,proteomexchange:PXD018816=listing_http_404
PMID:40007160,Computational_Science,12,no_deposit_named,no_deposit_named,
PMID:33000262,Computational_Science,13,author_request_only,author_request_only,
PMID:33108372,Computational_Science,14,no_deposit_named,no_deposit_named,
PMID:36149868,Computational_Science,15,no_deposit_named,no_deposit_named,
PMID:34963042,Computational_Science,16,no_lawful_text_retained,no_lawful_text_retained,
PMID:36111561,Computational_Science,17,open_route_named_pending_listing,,geo:GSE129219=anonymous_listing_with_sizes_within_caps
PMID:37714041,Computational_Science,18,no_lawful_text_retained,no_lawful_text_retained,
PMID:39578289,Computational_Science,19,no_lawful_text_retained,no_lawful_text_retained,
PMID:38254640,Computational_Science,20,no_deposit_named,no_deposit_named,
PMID:36440766,Computational_Science,21,open_route_named_pending_listing,,geo:GSE125449=anonymous_listing_with_sizes_within_caps; geo:GSE115978=anonymous_listing_with_sizes_within_caps; geo:GSE91061=anonymous_listing_with_sizes_within_caps; geo:GSE181815=anonymous_listing_with_sizes_within_caps
PMID:33191927,Computational_Science,22,no_lawful_text_retained,no_lawful_text_retained,
PMID:41216812,Computational_Science,23,no_lawful_text_retained,no_lawful_text_retained,
PMID:38052554,Computational_Science,24,no_lawful_text_retained,no_lawful_text_retained,
PMID:39671986,Computational_Science,25,no_lawful_text_retained,no_lawful_text_retained,
PMID:37691621,Computational_Science,26,open_route_named_pending_listing,,geo:GSE226581=anonymous_listing_with_sizes_within_caps
PMID:34626723,Computational_Science,27,no_lawful_text_retained,no_lawful_text_retained,
PMID:36137315,Computational_Science,28,no_lawful_text_retained,no_lawful_text_retained,
PMID:36564444,Computational_Science,29,open_route_named_pending_listing,size_unannounced,proteomexchange:PXD035916=some_or_all_files_without_announced_size
PMID:33381894,Computational_Science,30,author_request_only,author_request_only,
PMID:41299328,Computational_Science,31,open_route_named_pending_listing,listing_unavailable,geo:GSE267444=listing_http_404
PMID:32873325,Computational_Science,32,open_route_named_pending_listing,,geo:GSE100866=anonymous_listing_with_sizes_within_caps; geo:GSE79636=anonymous_listing_with_sizes_within_caps; figshare:12759677=anonymous_listing_with_sizes_within_caps; figshare:11787210=anonymous_listing_with_sizes_within_caps
PMID:39528107,Computational_Science,33,no_lawful_text_retained,no_lawful_text_retained,
PMID:36348654,Computational_Science,34,code_only_deposit,code_only_deposit,
PMID:40039209,Computational_Science,35,no_lawful_text_retained,no_lawful_text_retained,
PMID:36379782,Computational_Science,36,no_lawful_text_retained,no_lawful_text_retained,
PMID:38070329,Computational_Science,37,no_lawful_text_retained,no_lawful_text_retained,
PMID:36318884,Computational_Science,38,no_lawful_text_retained,no_lawful_text_retained,
PMID:34960701,Computational_Science,39,open_route_named_pending_listing,,bioproject:PRJNA771403=anonymous_listing_with_sizes_within_caps
PMID:39486305,Computational_Science,40,no_lawful_text_retained,no_lawful_text_retained,
PMID:38427350,Computational_Science,41,no_lawful_text_retained,no_lawful_text_retained,
PMID:36572864,Computational_Science,42,open_route_named_pending_listing,,geo:GSE120650=anonymous_listing_with_sizes_within_caps
PMID:37922541,Computational_Science,43,no_lawful_text_retained,no_lawful_text_retained,
PMID:40260718,Computational_Science,44,no_lawful_text_retained,no_lawful_text_retained,
PMID:36296563,Computational_Science,45,code_only_deposit,code_only_deposit,
PMID:41454113,Computational_Science,46,supplement_only_unverified,supplement_only_unverified,
PMID:37789314,Computational_Science,47,code_only_deposit,code_only_deposit,
PMID:33018354,Computational_Science,48,no_lawful_text_retained,no_lawful_text_retained,
PMID:37792663,Computational_Science,49,no_lawful_text_retained,no_lawful_text_retained,
PMID:34960375,Computational_Science,50,no_deposit_named,no_deposit_named,
PMID:36481530,Computational_Science,51,no_lawful_text_retained,no_lawful_text_retained,
PMID:39621754,Computational_Science,52,code_only_deposit,code_only_deposit,
PMID:41352934,Computational_Science,53,no_lawful_text_retained,no_lawful_text_retained,
PMID:39769413,Computational_Science,54,supplement_only_unverified,supplement_only_unverified,
PMID:39580508,Computational_Science,55,open_route_named_pending_listing,listing_unavailable,zenodo:11392406=listing_empty; zenodo:4287635=every_listed_file_is_implementation_material
PMID:35116003,Computational_Science,56,open_route_named_pending_listing,size_unannounced,proteomexchange:PXD021046=some_or_all_files_without_announced_size
PMID:34606390,Computational_Science,57,no_lawful_text_retained,no_lawful_text_retained,
PMID:40031485,Computational_Science,58,no_lawful_text_retained,no_lawful_text_retained,
PMID:36572942,Computational_Science,59,author_request_only,author_request_only,
PMID:37858063,Computational_Science,60,supplement_only_unverified,supplement_only_unverified,
PMID:33181361,Computational_Science,61,no_lawful_text_retained,no_lawful_text_retained,
PMID:33266490,Computational_Science,62,no_deposit_named,no_deposit_named,
PMID:32929236,Computational_Science,63,no_lawful_text_retained,no_lawful_text_retained,
PMID:37793205,Computational_Science,64,no_lawful_text_retained,no_lawful_text_retained,
PMID:38054335,Computational_Science,65,no_lawful_text_retained,no_lawful_text_retained,
PMID:33019314,Computational_Science,66,no_lawful_text_retained,no_lawful_text_retained,
PMID:41212357,Computational_Science,67,author_request_only,author_request_only,
PMID:34923429,Computational_Science,68,no_lawful_text_retained,no_lawful_text_retained,
PMID:34920529,Computational_Science,69,no_lawful_text_retained,no_lawful_text_retained,
PMID:37721637,Computational_Science,70,no_lawful_text_retained,no_lawful_text_retained,
PMID:32858325,Computational_Science,71,no_lawful_text_retained,no_lawful_text_retained,
PMID:34899967,Computational_Science,72,no_deposit_named,no_deposit_named,
PMID:39708787,Computational_Science,73,no_lawful_text_retained,no_lawful_text_retained,
PMID:36238680,Computational_Science,74,author_request_only,author_request_only,
PMID:36242835,Computational_Science,75,no_lawful_text_retained,no_lawful_text_retained,
PMID:36192669,Computational_Science,76,supplement_only_unverified,supplement_only_unverified,
PMID:33332382,Computational_Science,77,open_route_named_pending_listing,above_cap,dryad:gtht76hhz=announced_sizes_exceed_amendment_caps
PMID:38083188,Computational_Science,78,no_lawful_text_retained,no_lawful_text_retained,
PMID:38095720,Computational_Science,79,no_lawful_text_retained,no_lawful_text_retained,
PMID:39647524,Computational_Science,80,no_lawful_text_retained,no_lawful_text_retained,
PMID:34873437,Computational_Science,81,no_deposit_named,no_deposit_named,
PMID:39730886,Computational_Science,82,code_only_deposit,code_only_deposit,
PMID:33461689,Computational_Science,83,no_lawful_text_retained,no_lawful_text_retained,
PMID:41397544,Computational_Science,84,no_lawful_text_retained,no_lawful_text_retained,
PMID:36356778,Computational_Science,85,no_lawful_text_retained,no_lawful_text_retained,
PMID:41516672,Computational_Science,86,open_route_named_pending_listing,above_cap,zenodo:10808054=announced_sizes_exceed_amendment_caps
PMID:37758112,Computational_Science,87,no_lawful_text_retained,no_lawful_text_retained,
PMID:37956623,Computational_Science,88,no_lawful_text_retained,no_lawful_text_retained,
PMID:38032891,Computational_Science,89,open_route_named_pending_listing,,geo:GSE56026=anonymous_listing_with_sizes_within_caps; geo:GSE22139=anonymous_listing_with_sizes_within_caps; geo:GSE11791=anonymous_listing_with_sizes_within_caps
PMID:34785403,Computational_Science,90,no_lawful_text_retained,no_lawful_text_retained,
PMID:38007348,Computational_Science,91,no_lawful_text_retained,no_lawful_text_retained,
PMID:34913752,Computational_Science,92,no_lawful_text_retained,no_lawful_text_retained,
PMID:41364347,Computational_Science,93,no_lawful_text_retained,no_lawful_text_retained,
PMID:33229441,Computational_Science,94,no_lawful_text_retained,no_lawful_text_retained,
PMID:41326486,Computational_Science,95,supplement_only_unverified,supplement_only_unverified,
PMID:34550801,Computational_Science,96,no_lawful_text_retained,no_lawful_text_retained,
PMID:36504354,Computational_Science,97,no_lawful_text_retained,no_lawful_text_retained,
PMID:37128453,Computational_Science,98,no_lawful_text_retained,no_lawful_text_retained,
PMID:33351863,Computational_Science,99,no_deposit_named,no_deposit_named,
PMID:39522660,Computational_Science,100,no_lawful_text_retained,no_lawful_text_retained,
PMID:34695937,Computational_Science,101,author_request_only,author_request_only,
PMID:36150471,Computational_Science,102,no_lawful_text_retained,no_lawful_text_retained,
PMID:39689076,Computational_Science,103,author_request_only,author_request_only,
PMID:41406794,Computational_Science,104,no_lawful_text_retained,no_lawful_text_retained,
PMID:41461512,Computational_Science,105,no_lawful_text_retained,no_lawful_text_retained,
PMID:41726420,Computational_Science,106,no_lawful_text_retained,no_lawful_text_retained,
PMID:34702704,Computational_Science,107,no_lawful_text_retained,no_lawful_text_retained,
PMID:34723506,Computational_Science,108,author_request_only,author_request_only,
PMID:33054565,Computational_Science,109,no_lawful_text_retained,no_lawful_text_retained,
PMID:39693924,Computational_Science,110,no_lawful_text_retained,no_lawful_text_retained,
PMID:33352742,Computational_Science,111,open_route_named_pending_listing,,geo:GSE71118=anonymous_listing_with_sizes_within_caps; geo:GSE72545=anonymous_listing_with_sizes_within_caps
PMID:39501646,Computational_Science,112,no_lawful_text_retained,no_lawful_text_retained,
PMID:41258386,Computational_Science,113,supplement_only_unverified,supplement_only_unverified,
PMID:34892084,Computational_Science,114,no_lawful_text_retained,no_lawful_text_retained,
PMID:33147891,Computational_Science,115,no_deposit_named,no_deposit_named,
PMID:34698891,Computational_Science,116,open_route_named_pending_listing,,zenodo:2382757=anonymous_listing_with_sizes_within_caps; arrayexpress:E-MTAB-7496=some_or_all_files_without_announced_size
PMID:39608436,Computational_Science,117,no_lawful_text_retained,no_lawful_text_retained,
PMID:34770450,Computational_Science,118,author_request_only,author_request_only,
PMID:38123624,Computational_Science,119,author_request_only,author_request_only,
PMID:36100329,Computational_Science,120,no_deposit_named,no_deposit_named,
PMID:34787756,Computational_Science,121,open_route_named_pending_listing,,geo:GSE149312=anonymous_listing_with_sizes_within_caps; geo:GSE150728=anonymous_listing_with_sizes_within_caps
PMID:41516205,Computational_Science,122,no_deposit_named,no_deposit_named,
PMID:39617225,Computational_Science,123,no_lawful_text_retained,no_lawful_text_retained,
PMID:33060578,Computational_Science,124,application_required,application_required,
PMID:36435427,Computational_Science,125,no_lawful_text_retained,no_lawful_text_retained,
PMID:41204132,Computational_Science,126,author_request_only,author_request_only,
PMID:34601676,Computational_Science,127,no_lawful_text_retained,no_lawful_text_retained,
PMID:32868396,Computational_Science,128,no_lawful_text_retained,no_lawful_text_retained,
PMID:33239708,Computational_Science,129,author_request_only,author_request_only,
PMID:37919353,Computational_Science,130,author_request_only,author_request_only,
PMID:34891812,Computational_Science,131,no_lawful_text_retained,no_lawful_text_retained,
PMID:34648489,Computational_Science,132,no_deposit_named,no_deposit_named,
PMID:33412504,Computational_Science,133,no_lawful_text_retained,no_lawful_text_retained,
PMID:36333502,Computational_Science,134,open_route_named_pending_listing,size_unannounced,arrayexpress:E-MTAB-12124=some_or_all_files_without_announced_size
PMID:33274236,Computational_Science,135,author_request_only,author_request_only,
PMID:36430395,Computational_Science,136,code_only_deposit,code_only_deposit,
PMID:34773437,Computational_Science,137,no_lawful_text_retained,no_lawful_text_retained,
PMID:34600861,Computational_Science,138,no_lawful_text_retained,no_lawful_text_retained,
PMID:37879564,Computational_Science,139,no_lawful_text_retained,no_lawful_text_retained,
PMID:41353961,Computational_Science,140,no_lawful_text_retained,no_lawful_text_retained,
PMID:36560792,Computational_Science,141,code_only_deposit,code_only_deposit,
PMID:36103029,Computational_Science,142,code_only_deposit,code_only_deposit,
PMID:34670092,Computational_Science,143,no_lawful_text_retained,no_lawful_text_retained,
PMID:34484830,Computational_Science,144,no_deposit_named,no_deposit_named,
PMID:36707206,Computational_Science,145,no_lawful_text_retained,no_lawful_text_retained,
PMID:33006186,Computational_Science,146,author_request_only,author_request_only,
PMID:37931793,Computational_Science,147,no_lawful_text_retained,no_lawful_text_retained,
PMID:41259418,Computational_Science,148,code_only_deposit,code_only_deposit,
PMID:34686321,Computational_Science,149,no_lawful_text_retained,no_lawful_text_retained,
PMID:34986432,Computational_Science,150,no_lawful_text_retained,no_lawful_text_retained,
PMID:33361378,Computational_Science,151,no_lawful_text_retained,no_lawful_text_retained,
PMID:39511328,Computational_Science,152,supplement_only_unverified,supplement_only_unverified,
PMID:38019786,Computational_Science,153,code_only_deposit,code_only_deposit,
PMID:34812409,Computational_Science,154,open_route_named_pending_listing,,geo:GSE16658=anonymous_listing_with_sizes_within_caps
PMID:34770967,Computational_Science,155,no_deposit_named,no_deposit_named,
PMID:36344662,Computational_Science,156,no_lawful_text_retained,no_lawful_text_retained,
PMID:36371081,Computational_Science,157,no_lawful_text_retained,no_lawful_text_retained,
PMID:34800868,Computational_Science,158,no_lawful_text_retained,no_lawful_text_retained,
PMID:36528093,Computational_Science,159,no_lawful_text_retained,no_lawful_text_retained,
PMID:41359544,Computational_Science,160,code_only_deposit,code_only_deposit,
PMID:33252052,Computational_Science,161,no_lawful_text_retained,no_lawful_text_retained,
PMID:39503093,Computational_Science,162,no_lawful_text_retained,no_lawful_text_retained,
PMID:41305663,Computational_Science,163,supplement_only_unverified,supplement_only_unverified,
PMID:39729945,Computational_Science,164,no_lawful_text_retained,no_lawful_text_retained,
PMID:41274152,Computational_Science,165,no_lawful_text_retained,no_lawful_text_retained,
PMID:37848839,Computational_Science,166,supplement_only_unverified,supplement_only_unverified,
PMID:38098088,Computational_Science,167,author_request_only,author_request_only,
PMID:36176971,Computational_Science,168,no_deposit_named,no_deposit_named,
PMID:36302851,Computational_Science,169,open_route_named_pending_listing,code_only_deposit,zenodo:7155373=every_listed_file_is_implementation_material
PMID:34713569,Computational_Science,170,no_lawful_text_retained,no_lawful_text_retained,
PMID:39639123,Computational_Science,171,supplement_only_unverified,supplement_only_unverified,
PMID:36464078,Computational_Science,172,no_lawful_text_retained,no_lawful_text_retained,
PMID:38095040,Computational_Science,173,no_lawful_text_retained,no_lawful_text_retained,
PMID:34819990,Computational_Science,174,no_deposit_named,no_deposit_named,
PMID:33385830,Computational_Science,175,no_lawful_text_retained,no_lawful_text_retained,
PMID:41388376,Computational_Science,176,supplement_only_unverified,supplement_only_unverified,
PMID:39497924,Computational_Science,177,no_deposit_named,no_deposit_named,
PMID:36382586,Computational_Science,178,no_lawful_text_retained,no_lawful_text_retained,
PMID:39778265,Computational_Science,179,no_lawful_text_retained,no_lawful_text_retained,
PMID:39845959,Computational_Science,180,supplement_only_unverified,supplement_only_unverified,
PMID:41307988,Computational_Science,181,no_lawful_text_retained,no_lawful_text_retained,
PMID:36284294,Computational_Science,182,author_request_only,author_request_only,
PMID:39521794,Computational_Science,183,open_route_named_pending_listing,,geo:GSE28829=anonymous_listing_with_sizes_within_caps; geo:GSE43292=anonymous_listing_with_sizes_within_caps
PMID:39629865,Computational_Science,184,no_lawful_text_retained,no_lawful_text_retained,
PMID:36899510,Computational_Science,185,no_lawful_text_retained,no_lawful_text_retained,
PMID:38022576,Computational_Science,186,supplement_only_unverified,supplement_only_unverified,
PMID:32871953,Computational_Science,187,open_route_named_pending_listing,,geo:GSE107499=anonymous_listing_with_sizes_within_caps
PMID:40039293,Computational_Science,188,no_lawful_text_retained,no_lawful_text_retained,
PMID:34697589,Computational_Science,189,open_route_named_pending_listing,,geo:GSE63808=anonymous_listing_with_sizes_within_caps; geo:GSE132903=anonymous_listing_with_sizes_within_caps
PMID:34863095,Computational_Science,190,open_route_named_pending_listing,code_only_deposit,zenodo:5172341=every_listed_file_is_implementation_material; bioproject:PRJNA679580=announced_sizes_exceed_amendment_caps
PMID:37774049,Computational_Science,191,no_deposit_named,no_deposit_named,
PMID:34535722,Computational_Science,192,supplement_only_unverified,supplement_only_unverified,
PMID:39622288,Computational_Science,193,no_lawful_text_retained,no_lawful_text_retained,
PMID:34777561,Computational_Science,194,no_deposit_named,no_deposit_named,
PMID:37968315,Computational_Science,195,author_request_only,author_request_only,
PMID:38100178,Computational_Science,196,open_route_named_pending_listing,above_cap,bioproject:PRJNA779173=announced_sizes_exceed_amendment_caps; bioproject:PRJNA540750=announced_sizes_exceed_amendment_caps; bioproject:PRJNA604975=announced_sizes_exceed_amendment_caps; bioproject:PRJEB26317=announced_sizes_exceed_amendment_caps
PMID:33033923,Computational_Science,197,open_route_named_pending_listing,,figshare:11341778=anonymous_listing_with_sizes_within_caps
PMID:37864046,Computational_Science,198,no_lawful_text_retained,no_lawful_text_retained,
PMID:39698829,Computational_Science,199,no_lawful_text_retained,no_lawful_text_retained,
PMID:36210968,Computational_Science,200,code_only_deposit,code_only_deposit,
PMID:39472970,Computational_Science,201,author_request_only,author_request_only,
PMID:37861955,Computational_Science,202,supplement_only_unverified,supplement_only_unverified,
PMID:34739635,Computational_Science,203,no_lawful_text_retained,no_lawful_text_retained,
PMID:41345772,Computational_Science,204,open_route_named_pending_listing,,proteomexchange:PXD056457=some_or_all_files_without_announced_size; zenodo:14712134=every_listed_file_is_implementation_material; zenodo:13901167=anonymous_listing_with_sizes_within_caps
PMID:33072212,Computational_Science,205,open_route_named_pending_listing,,geo:GSE9476=anonymous_listing_with_sizes_within_caps
PMID:35154012,Computational_Science,206,supplement_only_unverified,supplement_only_unverified,
PMID:34602084,Computational_Science,207,supplement_only_unverified,supplement_only_unverified,
PMID:41359703,Computational_Science,208,no_lawful_text_retained,no_lawful_text_retained,
PMID:39550734,Computational_Science,209,open_route_named_pending_listing,,figshare:24425581=anonymous_listing_with_sizes_within_caps
PMID:33380473,Computational_Science,210,no_lawful_text_retained,no_lawful_text_retained,
PMID:34591891,Computational_Science,211,no_deposit_named,no_deposit_named,
PMID:33090395,Computational_Science,212,no_lawful_text_retained,no_lawful_text_retained,
PMID:39542104,Computational_Science,213,no_lawful_text_retained,no_lawful_text_retained,
PMID:34551312,Computational_Science,214,code_only_deposit,code_only_deposit,
PMID:36124601,Computational_Science,215,no_lawful_text_retained,no_lawful_text_retained,
PMID:37806124,Computational_Science,216,no_lawful_text_retained,no_lawful_text_retained,
PMID:41214914,Computational_Science,217,no_lawful_text_retained,no_lawful_text_retained,
PMID:34535659,Computational_Science,218,open_route_named_pending_listing,code_only_deposit,zenodo:5142294=every_listed_file_is_implementation_material
PMID:39464678,Computational_Science,219,author_request_only,author_request_only,
PMID:33310786,Computational_Science,220,no_lawful_text_retained,no_lawful_text_retained,
PMID:37751737,Computational_Science,221,no_lawful_text_retained,no_lawful_text_retained,
PMID:41478141,Computational_Science,222,no_lawful_text_retained,no_lawful_text_retained,
PMID:39621862,Computational_Science,223,no_deposit_named,no_deposit_named,
PMID:36447245,Computational_Science,224,supplement_only_unverified,supplement_only_unverified,
PMID:33256944,Computational_Science,225,no_lawful_text_retained,no_lawful_text_retained,
PMID:37957716,Computational_Science,226,supplement_only_unverified,supplement_only_unverified,
PMID:39535134,Computational_Science,227,no_lawful_text_retained,no_lawful_text_retained,
PMID:41475627,Computational_Science,228,no_lawful_text_retained,no_lawful_text_retained,
PMID:36322524,Computational_Science,229,no_deposit_named,no_deposit_named,
PMID:39732836,Computational_Science,230,open_route_named_pending_listing,,geo:GSE117518=anonymous_listing_with_sizes_within_caps; geo:GSE73680=anonymous_listing_with_sizes_within_caps
PMID:32889014,Computational_Science,231,no_lawful_text_retained,no_lawful_text_retained,
PMID:36344482,Computational_Science,232,no_lawful_text_retained,no_lawful_text_retained,
PMID:41374533,Computational_Science,233,supplement_only_unverified,supplement_only_unverified,
PMID:35227445,Computational_Science,234,no_lawful_text_retained,no_lawful_text_retained,
PMID:39459405,Computational_Science,235,no_deposit_named,no_deposit_named,
PMID:41235700,Computational_Science,236,no_lawful_text_retained,no_lawful_text_retained,
PMID:34907249,Computational_Science,237,open_route_named_pending_listing,above_cap,bioproject:PRJNA760914=announced_sizes_exceed_amendment_caps
PMID:41370940,Computational_Science,238,no_lawful_text_retained,no_lawful_text_retained,
PMID:36378379,Computational_Science,239,no_lawful_text_retained,no_lawful_text_retained,
PMID:41223762,Computational_Science,240,no_lawful_text_retained,no_lawful_text_retained,
PMID:33042118,Computational_Science,241,no_deposit_named,no_deposit_named,
PMID:36305581,Computational_Science,242,open_route_named_pending_listing,,dryad:rjdfn2zdp=anonymous_listing_with_sizes_within_caps
PMID:34608410,Computational_Science,243,author_request_only,author_request_only,
PMID:41212830,Computational_Science,244,no_deposit_named,no_deposit_named,
PMID:34714718,Computational_Science,245,open_route_named_pending_listing,,geo:GSE104472=anonymous_listing_with_sizes_within_caps
PMID:34806897,Computational_Science,246,no_lawful_text_retained,no_lawful_text_retained,
PMID:39749667,Computational_Science,247,code_only_deposit,code_only_deposit,
PMID:37836869,Computational_Science,248,open_route_named_pending_listing,above_cap,dryad:070jc=announced_sizes_exceed_amendment_caps
PMID:39519135,Computational_Science,249,no_deposit_named,no_deposit_named,
PMID:41193996,Computational_Science,250,open_route_named_pending_listing,,figshare:28239119=anonymous_listing_with_sizes_within_caps; figshare:28239131=anonymous_listing_with_sizes_within_caps; bioproject:PRJNA1063930=listing_empty
PMID:36215252,Computational_Science,251,code_only_deposit,code_only_deposit,
PMID:37956710,Computational_Science,252,no_lawful_text_retained,no_lawful_text_retained,
PMID:32997660,Computational_Science,253,no_deposit_named,no_deposit_named,
PMID:35221682,Computational_Science,254,no_deposit_named,no_deposit_named,
PMID:36550167,Computational_Science,255,code_only_deposit,code_only_deposit,
PMID:41289744,Computational_Science,256,no_lawful_text_retained,no_lawful_text_retained,
PMID:34657981,Computational_Science,257,no_lawful_text_retained,no_lawful_text_retained,
PMID:38088930,Computational_Science,258,no_lawful_text_retained,no_lawful_text_retained,
PMID:36221796,Computational_Science,259,no_deposit_named,no_deposit_named,
PMID:36358916,Computational_Science,260,no_deposit_named,no_deposit_named,
PMID:41406149,Computational_Science,261,code_only_deposit,code_only_deposit,
PMID:37892391,Computational_Science,262,no_deposit_named,no_deposit_named,
PMID:41257541,Computational_Science,263,open_route_named_pending_listing,listing_unavailable,bioproject:PRJNA1118478=listing_empty
PMID:41424037,Computational_Science,264,no_lawful_text_retained,no_lawful_text_retained,
PMID:34688607,Computational_Science,265,no_lawful_text_retained,no_lawful_text_retained,
PMID:39612043,Computational_Science,266,author_request_only,author_request_only,
PMID:39470306,Computational_Science,267,code_only_deposit,code_only_deposit,
PMID:34807048,Computational_Science,268,no_lawful_text_retained,no_lawful_text_retained,
PMID:37968560,Computational_Science,269,no_lawful_text_retained,no_lawful_text_retained,
PMID:37922642,Computational_Science,270,no_lawful_text_retained,no_lawful_text_retained,
PMID:36496303,Computational_Science,271,no_lawful_text_retained,no_lawful_text_retained,
PMID:33212167,Computational_Science,272,no_lawful_text_retained,no_lawful_text_retained,
PMID:39585903,Computational_Science,273,open_route_named_pending_listing,size_unannounced,osf:b9n5y=some_or_all_files_without_announced_size; osf:6dy8f=identifier_is_an_osf_files_not_a_data_deposit; osf:unx5y=identifier_is_a_preprint_not_a_data_deposit
PMID:36151114,Computational_Science,274,open_route_named_pending_listing,,bioproject:PRJEB51353=announced_sizes_exceed_amendment_caps; metabolights:MTBLS407=some_or_all_files_without_announced_size; zenodo:7009969=anonymous_listing_with_sizes_within_caps
PMID:37875043,Computational_Science,275,no_lawful_text_retained,no_lawful_text_retained,
PMID:39589333,Computational_Science,276,no_lawful_text_retained,no_lawful_text_retained,
PMID:34645893,Computational_Science,277,supplement_only_unverified,supplement_only_unverified,
PMID:36560339,Computational_Science,278,code_only_deposit,code_only_deposit,
PMID:34596215,Computational_Science,279,no_lawful_text_retained,no_lawful_text_retained,
PMID:38179749,Computational_Science,280,no_lawful_text_retained,no_lawful_text_retained,
PMID:38050642,Computational_Science,281,no_lawful_text_retained,no_lawful_text_retained,
PMID:33104011,Computational_Science,282,code_only_deposit,code_only_deposit,
PMID:38225047,Computational_Science,283,no_lawful_text_retained,no_lawful_text_retained,
PMID:34876110,Computational_Science,284,supplement_only_unverified,supplement_only_unverified,
PMID:33064765,Computational_Science,285,application_required,application_required,
PMID:37925010,Computational_Science,286,no_lawful_text_retained,no_lawful_text_retained,
PMID:41285743,Computational_Science,287,open_route_named_pending_listing,size_unannounced,proteomexchange:PXD029644=some_or_all_files_without_announced_size; zenodo:14630508=announced_sizes_exceed_amendment_caps; zenodo:17193992=every_listed_file_is_implementation_material; zenodo:3509134=every_listed_file_is_implementation_material
PMID:37816818,Computational_Science,288,author_request_only,author_request_only,
PMID:34776211,Computational_Science,289,no_lawful_text_retained,no_lawful_text_retained,
PMID:37938101,Computational_Science,290,open_route_named_pending_listing,above_cap,zenodo:7335575=announced_sizes_exceed_amendment_caps; zenodo:7393689=announced_sizes_exceed_amendment_caps
PMID:36281357,Computational_Science,291,author_request_only,author_request_only,
PMID:40226665,Computational_Science,292,author_request_only,author_request_only,
PMID:39505213,Computational_Science,293,no_lawful_text_retained,no_lawful_text_retained,
PMID:39505585,Computational_Science,294,no_lawful_text_retained,no_lawful_text_retained,
PMID:39729424,Computational_Science,295,application_required,application_required,
PMID:41353421,Computational_Science,296,author_request_only,author_request_only,
PMID:39488839,Computational_Science,297,no_deposit_named,no_deposit_named,
PMID:39696347,Computational_Science,298,supplement_only_unverified,supplement_only_unverified,
PMID:32877943,Computational_Science,299,no_lawful_text_retained,no_lawful_text_retained,
PMID:36449345,Computational_Science,300,no_deposit_named,no_deposit_named,
PMID:39532700,Computational_Science,301,no_lawful_text_retained,no_lawful_text_retained,
PMID:34570971,Computational_Science,302,no_lawful_text_retained,no_lawful_text_retained,
PMID:37702614,Computational_Science,303,author_request_only,author_request_only,
PMID:37814484,Computational_Science,304,open_route_named_pending_listing,,geo:GSE163151=anonymous_listing_with_sizes_within_caps; geo:GSE162562=anonymous_listing_with_sizes_within_caps; geo:GSE189990=anonymous_listing_with_sizes_within_caps; geo:GSE33566=anonymous_listing_with_sizes_within_caps
PMID:34891698,Computational_Science,305,no_lawful_text_retained,no_lawful_text_retained,
PMID:39476676,Computational_Science,306,no_lawful_text_retained,no_lawful_text_retained,
PMID:39546546,Computational_Science,307,no_deposit_named,no_deposit_named,
PMID:39718146,Computational_Science,308,no_lawful_text_retained,no_lawful_text_retained,
PMID:34903783,Computational_Science,309,supplement_only_unverified,supplement_only_unverified,
PMID:38083112,Computational_Science,310,no_lawful_text_retained,no_lawful_text_retained,
PMID:36134480,Computational_Science,311,no_lawful_text_retained,no_lawful_text_retained,
PMID:35129801,Computational_Science,312,no_lawful_text_retained,no_lawful_text_retained,
PMID:39586913,Computational_Science,313,supplement_only_unverified,supplement_only_unverified,
PMID:41345432,Computational_Science,314,author_request_only,author_request_only,
PMID:34736654,Computational_Science,315,no_deposit_named,no_deposit_named,
PMID:41286090,Computational_Science,316,author_request_only,author_request_only,
PMID:33317115,Computational_Science,317,author_request_only,author_request_only,
PMID:34838401,Computational_Science,318,no_lawful_text_retained,no_lawful_text_retained,
PMID:41396809,Computational_Science,319,author_request_only,author_request_only,
PMID:41391831,Computational_Science,320,open_route_named_pending_listing,listing_unavailable,proteomexchange:PXD062691=listing_empty
PMID:36403962,Computational_Science,321,no_lawful_text_retained,no_lawful_text_retained,
PMID:33032935,Computational_Science,322,code_only_deposit,code_only_deposit,
PMID:33936418,Computational_Science,323,no_lawful_text_retained,no_lawful_text_retained,
PMID:33110456,Computational_Science,324,author_request_only,author_request_only,
PMID:36146150,Computational_Science,325,no_deposit_named,no_deposit_named,
PMID:37797875,Computational_Science,326,no_lawful_text_retained,no_lawful_text_retained,
PMID:36479714,Computational_Science,327,no_deposit_named,no_deposit_named,
PMID:39731985,Computational_Science,328,no_lawful_text_retained,no_lawful_text_retained,
PMID:41204650,Computational_Science,329,code_only_deposit,code_only_deposit,
PMID:37792895,Computational_Science,330,open_route_named_pending_listing,,zenodo:7072196=anonymous_listing_with_sizes_within_caps; zenodo:8252141=announced_sizes_exceed_amendment_caps; zenodo:7828438=announced_sizes_exceed_amendment_caps
PMID:41726506,Computational_Science,331,no_lawful_text_retained,no_lawful_text_retained,
PMID:34770417,Computational_Science,332,no_deposit_named,no_deposit_named,
PMID:41291098,Computational_Science,333,author_request_only,author_request_only,
PMID:41336667,Computational_Science,334,no_lawful_text_retained,no_lawful_text_retained,
PMID:36563483,Computational_Science,335,no_lawful_text_retained,no_lawful_text_retained,
PMID:39446959,Computational_Science,336,no_lawful_text_retained,no_lawful_text_retained,
PMID:41351272,Computational_Science,337,no_lawful_text_retained,no_lawful_text_retained,
PMID:34903963,Computational_Science,338,author_request_only,author_request_only,
PMID:37883787,Computational_Science,339,no_lawful_text_retained,no_lawful_text_retained,
PMID:39637078,Computational_Science,340,no_deposit_named,no_deposit_named,
PMID:37976954,Computational_Science,341,no_lawful_text_retained,no_lawful_text_retained,
PMID:41436820,Computational_Science,342,open_route_named_pending_listing,listing_unavailable,mendeley:prcy36j53v.2=listing_http_502; figshare:29605802=listing_http_404
PMID:41274594,Computational_Science,343,no_lawful_text_retained,no_lawful_text_retained,
PMID:41291416,Computational_Science,344,supplement_only_unverified,supplement_only_unverified,
PMID:39780485,Computational_Science,345,open_route_named_pending_listing,above_cap,bioproject:PRJNA422434=announced_sizes_exceed_amendment_caps
PMID:37964228,Computational_Science,346,open_route_named_pending_listing,above_cap,zenodo:8313034=announced_sizes_exceed_amendment_caps; metabolights:MTBLS562=some_or_all_files_without_announced_size
PMID:36290958,Computational_Science,347,no_deposit_named,no_deposit_named,
PMID:37964624,Computational_Science,348,no_lawful_text_retained,no_lawful_text_retained,
PMID:38139567,Computational_Science,349,no_deposit_named,no_deposit_named,
PMID:38241910,Computational_Science,350,no_lawful_text_retained,no_lawful_text_retained,
PMID:34657146,Computational_Science,351,supplement_only_unverified,supplement_only_unverified,
PMID:36209796,Computational_Science,352,author_request_only,author_request_only,
PMID:37730740,Computational_Science,353,code_only_deposit,code_only_deposit,
PMID:38007754,Computational_Science,354,no_lawful_text_retained,no_lawful_text_retained,
PMID:34960491,Computational_Science,355,code_only_deposit,code_only_deposit,
PMID:39453630,Computational_Science,356,no_deposit_named,no_deposit_named,
PMID:35003317,Computational_Science,357,author_request_only,author_request_only,
PMID:36291628,Computational_Science,358,open_route_named_pending_listing,size_unannounced,proteomexchange:PXD024012=some_or_all_files_without_announced_size
PMID:41516150,Computational_Science,359,open_route_named_pending_listing,,geo:GSE146560=anonymous_listing_with_sizes_within_caps; geo:GSE94916=anonymous_listing_with_sizes_within_caps
PMID:36267842,Computational_Science,360,no_deposit_named,no_deposit_named,
PMID:41408108,Computational_Science,361,open_route_named_pending_listing,,geo:GSE298654=anonymous_listing_with_sizes_within_caps
PMID:36427620,Computational_Science,362,no_lawful_text_retained,no_lawful_text_retained,
PMID:37866276,Computational_Science,363,no_lawful_text_retained,no_lawful_text_retained,
PMID:33144554,Computational_Science,364,no_deposit_named,no_deposit_named,
PMID:41337194,Computational_Science,365,no_lawful_text_retained,no_lawful_text_retained,
PMID:33249655,Computational_Science,366,author_request_only,author_request_only,
PMID:36560962,Computational_Science,367,open_route_named_pending_listing,,geo:GSE78731=anonymous_listing_with_sizes_within_caps
PMID:34717312,Computational_Science,368,no_lawful_text_retained,no_lawful_text_retained,
PMID:34850471,Computational_Science,369,no_lawful_text_retained,no_lawful_text_retained,
PMID:41435997,Computational_Science,370,no_lawful_text_retained,no_lawful_text_retained,
PMID:34714419,Computational_Science,371,supplement_only_unverified,supplement_only_unverified,
PMID:38108536,Computational_Science,372,no_lawful_text_retained,no_lawful_text_retained,
PMID:33376726,Computational_Science,373,author_request_only,author_request_only,
PMID:37761827,Computational_Science,374,open_route_named_pending_listing,,geo:GSE34608=anonymous_listing_with_sizes_within_caps; geo:GSE134358=anonymous_listing_with_sizes_within_caps; geo:GSE42657=anonymous_listing_with_sizes_within_caps; geo:GSE25631=anonymous_listing_with_sizes_within_caps
PMID:39613295,Computational_Science,375,no_lawful_text_retained,no_lawful_text_retained,
PMID:38410183,Computational_Science,376,no_deposit_named,no_deposit_named,
PMID:36555493,Computational_Science,377,code_only_deposit,code_only_deposit,
PMID:32981365,Computational_Science,378,no_lawful_text_retained,no_lawful_text_retained,
PMID:39690882,Computational_Science,379,open_route_named_pending_listing,,geo:GSE33426=anonymous_listing_with_sizes_within_caps; geo:GSE53625=announced_sizes_exceed_amendment_caps; geo:GSE196756=anonymous_listing_with_sizes_within_caps; geo:GSE197677=announced_sizes_exceed_amendment_caps
PMID:39770889,Computational_Science,380,author_request_only,author_request_only,
PMID:34828360,Computational_Science,381,code_only_deposit,code_only_deposit,
PMID:36138150,Computational_Science,382,open_route_named_pending_listing,code_only_deposit,zenodo:4457577=every_listed_file_is_implementation_material
PMID:33098376,Computational_Science,383,author_request_only,author_request_only,
PMID:41203666,Computational_Science,384,supplement_only_unverified,supplement_only_unverified,
PMID:37739812,Computational_Science,385,code_only_deposit,code_only_deposit,
PMID:36479021,Computational_Science,386,author_request_only,author_request_only,
PMID:37884544,Computational_Science,387,open_route_named_pending_listing,size_unannounced,proteomexchange:PXD042321=some_or_all_files_without_announced_size
PMID:41257959,Computational_Science,388,open_route_named_pending_listing,,geo:GSE132465=anonymous_listing_with_sizes_within_caps; geo:GSE103479=anonymous_listing_with_sizes_within_caps
PMID:37921845,Computational_Science,389,open_route_named_pending_listing,,geo:GSE10239=anonymous_listing_with_sizes_within_caps; geo:GSE1460=anonymous_listing_with_sizes_within_caps; geo:GSE15930=anonymous_listing_with_sizes_within_caps
PMID:40039798,Computational_Science,390,no_lawful_text_retained,no_lawful_text_retained,
PMID:36334542,Computational_Science,391,no_lawful_text_retained,no_lawful_text_retained,
PMID:39644596,Computational_Science,392,no_lawful_text_retained,no_lawful_text_retained,
PMID:34774886,Computational_Science,393,no_lawful_text_retained,no_lawful_text_retained,
PMID:39449204,Computational_Science,394,no_lawful_text_retained,no_lawful_text_retained,
PMID:34699639,Computational_Science,395,no_lawful_text_retained,no_lawful_text_retained,
PMID:39581785,Computational_Science,396,no_lawful_text_retained,no_lawful_text_retained,
PMID:36244804,Computational_Science,397,no_lawful_text_retained,no_lawful_text_retained,
PMID:41350592,Computational_Science,398,code_only_deposit,code_only_deposit,
PMID:33058757,Computational_Science,399,no_lawful_text_retained,no_lawful_text_retained,
PMID:36504422,Computational_Science,400,no_lawful_text_retained,no_lawful_text_retained,
PMID:41274086,Computational_Science,401,no_lawful_text_retained,no_lawful_text_retained,
PMID:36308379,Computational_Science,402,author_request_only,author_request_only,
PMID:39610256,Computational_Science,403,no_lawful_text_retained,no_lawful_text_retained,
PMID:36427968,Computational_Science,404,no_lawful_text_retained,no_lawful_text_retained,
PMID:33001309,Computational_Science,405,no_lawful_text_retained,no_lawful_text_retained,
PMID:41266369,Computational_Science,406,open_route_named_pending_listing,,figshare:30193936=anonymous_listing_with_sizes_within_caps; figshare:30204112=anonymous_listing_with_sizes_within_caps; figshare:30203965=anonymous_listing_with_sizes_within_caps; figshare:30215407=anonymous_listing_with_sizes_within_caps
PMID:36250712,Computational_Science,407,application_required,application_required,
PMID:33081946,Computational_Science,408,no_lawful_text_retained,no_lawful_text_retained,
PMID:41191113,Computational_Science,409,no_lawful_text_retained,no_lawful_text_retained,
PMID:37739926,Computational_Science,410,open_route_named_pending_listing,,zenodo:6799722=announced_sizes_exceed_amendment_caps; zenodo:7140838=announced_sizes_exceed_amendment_caps; zenodo:7909719=anonymous_listing_with_sizes_within_caps; bioproject:PRJNA908888=announced_sizes_exceed_amendment_caps
PMID:37980458,Computational_Science,411,author_request_only,author_request_only,
PMID:37999885,Computational_Science,412,no_lawful_text_retained,no_lawful_text_retained,
PMID:36520276,Computational_Science,413,no_lawful_text_retained,no_lawful_text_retained,
PMID:36201448,Computational_Science,414,open_route_named_pending_listing,,dataverse:FITN2D=anonymous_listing_with_sizes_within_caps
PMID:34807904,Computational_Science,415,code_only_deposit,code_only_deposit,
PMID:36249261,Computational_Science,416,no_deposit_named,no_deposit_named,
PMID:41407884,Computational_Science,417,open_route_named_pending_listing,above_cap,bioproject:PRJDB18641=announced_sizes_exceed_amendment_caps
PMID:32875715,Computational_Science,418,no_lawful_text_retained,no_lawful_text_retained,
PMID:33210925,Computational_Science,419,no_lawful_text_retained,no_lawful_text_retained,
PMID:41726500,Computational_Science,420,no_lawful_text_retained,no_lawful_text_retained,
PMID:41336962,Computational_Science,421,no_lawful_text_retained,no_lawful_text_retained,
PMID:32916675,Computational_Science,422,no_lawful_text_retained,no_lawful_text_retained,
PMID:34750392,Computational_Science,423,open_route_named_pending_listing,listing_unavailable,zenodo:524251=listing_http_404
PMID:36126435,Computational_Science,424,no_lawful_text_retained,no_lawful_text_retained,
PMID:41461980,Computational_Science,425,no_lawful_text_retained,no_lawful_text_retained,
PMID:34778929,Computational_Science,426,supplement_only_unverified,supplement_only_unverified,
PMID:34826719,Computational_Science,427,no_lawful_text_retained,no_lawful_text_retained,
PMID:39733858,Computational_Science,428,open_route_named_pending_listing,listing_unavailable,proteomexchange:PXD050203=listing_http_404
PMID:37976859,Computational_Science,429,no_lawful_text_retained,no_lawful_text_retained,
PMID:34604386,Computational_Science,430,no_deposit_named,no_deposit_named,
PMID:33257864,Computational_Science,431,open_route_named_pending_listing,above_cap,bioproject:PRJEB36644=announced_sizes_exceed_amendment_caps
PMID:40417470,Computational_Science,432,no_lawful_text_retained,no_lawful_text_retained,
PMID:37684287,Computational_Science,433,open_route_named_pending_listing,above_cap,bioproject:PRJNA826699=announced_sizes_exceed_amendment_caps
PMID:37806781,Computational_Science,434,no_lawful_text_retained,no_lawful_text_retained,
PMID:37984718,Computational_Science,435,no_lawful_text_retained,no_lawful_text_retained,
PMID:39704026,Computational_Science,436,no_lawful_text_retained,no_lawful_text_retained,
PMID:39629551,Computational_Science,437,no_lawful_text_retained,no_lawful_text_retained,
PMID:37968437,Computational_Science,438,author_request_only,author_request_only,
PMID:36287799,Computational_Science,439,no_deposit_named,no_deposit_named,
PMID:41336495,Computational_Science,440,no_lawful_text_retained,no_lawful_text_retained,
PMID:37960371,Computational_Science,441,author_request_only,author_request_only,
PMID:34891333,Computational_Science,442,no_lawful_text_retained,no_lawful_text_retained,
PMID:41192557,Computational_Science,443,open_route_named_pending_listing,size_unannounced,proteomexchange:PXD055985=some_or_all_files_without_announced_size
PMID:41287103,Computational_Science,444,no_lawful_text_retained,no_lawful_text_retained,
PMID:32931941,Computational_Science,445,no_deposit_named,no_deposit_named,
PMID:37710184,Computational_Science,446,author_request_only,author_request_only,
PMID:34584066,Computational_Science,447,open_route_named_pending_listing,,geo:GSE153982=anonymous_listing_with_sizes_within_caps; geo:GSE111247=anonymous_listing_with_sizes_within_caps; geo:GSE152147=anonymous_listing_with_sizes_within_caps; proteomexchange:PXD020141=some_or_all_files_without_announced_size
PMID:34710852,Computational_Science,448,no_lawful_text_retained,no_lawful_text_retained,
PMID:34671391,Computational_Science,449,author_request_only,author_request_only,
PMID:41231142,Computational_Science,450,no_lawful_text_retained,no_lawful_text_retained,
PMID:39530396,Computational_Science,451,no_lawful_text_retained,no_lawful_text_retained,
PMID:41231973,Computational_Science,452,no_lawful_text_retained,no_lawful_text_retained,
PMID:41221905,Computational_Science,453,no_lawful_text_retained,no_lawful_text_retained,
PMID:36557904,Computational_Science,454,author_request_only,author_request_only,
PMID:41428680,Computational_Science,455,no_deposit_named,no_deposit_named,
PMID:39655485,Computational_Science,456,no_deposit_named,no_deposit_named,
PMID:41411573,Computational_Science,457,no_lawful_text_retained,no_lawful_text_retained,
PMID:34843470,Computational_Science,458,no_deposit_named,no_deposit_named,
PMID:34592883,Computational_Science,459,open_route_named_pending_listing,listing_unavailable,proteomexchange:PXD020477=listing_http_404; proteomexchange:PXD020476=listing_http_404
PMID:41305549,Computational_Science,460,author_request_only,author_request_only,
PMID:41396985,Computational_Science,461,open_route_named_pending_listing,,geo:GSE19092=anonymous_listing_with_sizes_within_caps; proteomexchange:PXD001279=some_or_all_files_without_announced_size; proteomexchange:PXD003925=some_or_all_files_without_announced_size; proteomexchange:PXD006895=some_or_all_files_without_announced_size
PMID:41315843,Computational_Science,462,supplement_only_unverified,supplement_only_unverified,
PMID:41533871,Computational_Science,463,code_only_deposit,code_only_deposit,
PMID:41336110,Computational_Science,464,no_lawful_text_retained,no_lawful_text_retained,
PMID:37989721,Computational_Science,465,no_lawful_text_retained,no_lawful_text_retained,
PMID:41265185,Computational_Science,466,no_lawful_text_retained,no_lawful_text_retained,
PMID:34541556,Computational_Science,467,open_route_named_pending_listing,listing_unavailable,mendeley:mj4hdpwyb8.1=listing_not_machine_readable
PMID:37977007,Computational_Science,468,no_lawful_text_retained,no_lawful_text_retained,
PMID:33294004,Computational_Science,469,no_deposit_named,no_deposit_named,
PMID:39661307,Computational_Science,470,no_lawful_text_retained,no_lawful_text_retained,
PMID:37937776,Computational_Science,471,no_lawful_text_retained,no_lawful_text_retained,
PMID:32910497,Computational_Science,472,no_lawful_text_retained,no_lawful_text_retained,
PMID:34892118,Computational_Science,473,no_lawful_text_retained,no_lawful_text_retained,
PMID:36377913,Computational_Science,474,code_only_deposit,code_only_deposit,
PMID:41449076,Computational_Science,475,no_lawful_text_retained,no_lawful_text_retained,
PMID:33234441,Computational_Science,476,no_lawful_text_retained,no_lawful_text_retained,
PMID:36203723,Computational_Science,477,no_deposit_named,no_deposit_named,
PMID:32952545,Computational_Science,478,author_request_only,author_request_only,
PMID:36239985,Computational_Science,479,no_lawful_text_retained,no_lawful_text_retained,
PMID:37981364,Computational_Science,480,no_lawful_text_retained,no_lawful_text_retained,
PMID:41308598,Computational_Science,481,no_lawful_text_retained,no_lawful_text_retained,
PMID:33270421,Computational_Science,482,no_lawful_text_retained,no_lawful_text_retained,
PMID:34628282,Computational_Science,483,no_lawful_text_retained,no_lawful_text_retained,
PMID:37801311,Computational_Science,484,no_lawful_text_retained,no_lawful_text_retained,
PMID:34578313,Computational_Science,485,open_route_named_pending_listing,,proteomexchange:PXD027172=some_or_all_files_without_announced_size; bioproject:PRJNA746541=anonymous_listing_with_sizes_within_caps
PMID:41239402,Computational_Science,486,supplement_only_unverified,supplement_only_unverified,
PMID:38143341,Computational_Science,487,no_lawful_text_retained,no_lawful_text_retained,
PMID:37923771,Computational_Science,488,open_route_named_pending_listing,size_unannounced,proteomexchange:PXD045052=some_or_all_files_without_announced_size
PMID:34761675,Computational_Science,489,no_lawful_text_retained,no_lawful_text_retained,
PMID:39734008,Computational_Science,490,no_lawful_text_retained,no_lawful_text_retained,
PMID:37904080,Computational_Science,491,supplement_only_unverified,supplement_only_unverified,
PMID:39480465,Computational_Science,492,no_lawful_text_retained,no_lawful_text_retained,
PMID:41337172,Computational_Science,493,no_lawful_text_retained,no_lawful_text_retained,
PMID:37740904,Computational_Science,494,no_lawful_text_retained,no_lawful_text_retained,
PMID:37769024,Computational_Science,495,code_only_deposit,code_only_deposit,
PMID:41334441,Computational_Science,496,author_request_only,author_request_only,
PMID:36281546,Computational_Science,497,no_lawful_text_retained,no_lawful_text_retained,
PMID:38036896,Computational_Science,498,open_route_named_pending_listing,size_unannounced,metabolights:MTBLS404=some_or_all_files_without_announced_size
PMID:41406939,Computational_Science,499,author_request_only,author_request_only,
PMID:41372761,Computational_Science,500,author_request_only,author_request_only,
PMID:37723592,Computational_Science,501,author_request_only,author_request_only,
PMID:33202822,Computational_Science,502,no_deposit_named,no_deposit_named,
PMID:38051722,Computational_Science,503,no_deposit_named,no_deposit_named,
PMID:34853671,Computational_Science,504,no_deposit_named,no_deposit_named,
PMID:33347274,Computational_Science,505,code_only_deposit,code_only_deposit,
PMID:41303659,Computational_Science,506,open_route_named_pending_listing,size_unannounced,proteomexchange:PXD070632=some_or_all_files_without_announced_size
PMID:38067830,Computational_Science,507,no_deposit_named,no_deposit_named,
PMID:38097057,Computational_Science,508,no_lawful_text_retained,no_lawful_text_retained,
PMID:37845345,Computational_Science,509,author_request_only,author_request_only,
PMID:33037224,Computational_Science,510,open_route_named_pending_listing,,proteomexchange:PXD018814=some_or_all_files_without_announced_size; arrayexpress:E-MTAB-7978=some_or_all_files_without_announced_size; figshare:12998993=anonymous_listing_with_sizes_within_caps
PMID:33207024,Computational_Science,511,no_lawful_text_retained,no_lawful_text_retained,
PMID:34759375,Computational_Science,512,code_only_deposit,code_only_deposit,
PMID:37966121,Computational_Science,513,no_lawful_text_retained,no_lawful_text_retained,
PMID:34892516,Computational_Science,514,no_lawful_text_retained,no_lawful_text_retained,
PMID:36236351,Computational_Science,515,author_request_only,author_request_only,
PMID:39621779,Computational_Science,516,open_route_named_pending_listing,above_cap,zenodo:14056302=announced_sizes_exceed_amendment_caps; zenodo:14056301=announced_sizes_exceed_amendment_caps
PMID:37793414,Computational_Science,517,no_lawful_text_retained,no_lawful_text_retained,
PMID:33239387,Computational_Science,518,no_lawful_text_retained,no_lawful_text_retained,
PMID:34906116,Computational_Science,519,supplement_only_unverified,supplement_only_unverified,
PMID:38137050,Computational_Science,520,no_deposit_named,no_deposit_named,
PMID:34892316,Computational_Science,521,no_lawful_text_retained,no_lawful_text_retained,
PMID:33173014,Computational_Science,522,open_route_named_pending_listing,above_cap,geo:GSE36133=announced_sizes_exceed_amendment_caps
PMID:34891802,Computational_Science,523,no_lawful_text_retained,no_lawful_text_retained,
PMID:33186699,Computational_Science,524,no_lawful_text_retained,no_lawful_text_retained,
PMID:37903905,Computational_Science,525,open_route_named_pending_listing,size_unannounced,proteomexchange:PXD042648=some_or_all_files_without_announced_size
PMID:39506003,Computational_Science,526,supplement_only_unverified,supplement_only_unverified,
PMID:41337326,Computational_Science,527,no_lawful_text_retained,no_lawful_text_retained,
PMID:34838025,Computational_Science,528,author_request_only,author_request_only,
PMID:34776217,Computational_Science,529,no_lawful_text_retained,no_lawful_text_retained,
PMID:37716498,Computational_Science,530,no_lawful_text_retained,no_lawful_text_retained,
PMID:34748660,Computational_Science,531,author_request_only,author_request_only,
PMID:37755504,Computational_Science,532,no_lawful_text_retained,no_lawful_text_retained,
PMID:33106425,Computational_Science,533,no_deposit_named,no_deposit_named,
PMID:36566327,Computational_Science,534,author_request_only,author_request_only,
PMID:41422095,Computational_Science,535,author_request_only,author_request_only,
PMID:36165601,Computational_Science,536,open_route_named_pending_listing,above_cap,bioproject:PRJEB49523=announced_sizes_exceed_amendment_caps
PMID:36296609,Computational_Science,537,no_deposit_named,no_deposit_named,
PMID:36403738,Computational_Science,538,no_lawful_text_retained,no_lawful_text_retained,
PMID:38082572,Computational_Science,539,no_lawful_text_retained,no_lawful_text_retained,
PMID:36270611,Computational_Science,540,no_lawful_text_retained,no_lawful_text_retained,
PMID:34885895,Computational_Science,541,code_only_deposit,code_only_deposit,
PMID:37714153,Computational_Science,542,no_lawful_text_retained,no_lawful_text_retained,
PMID:41337519,Computational_Science,543,no_lawful_text_retained,no_lawful_text_retained,
PMID:34914767,Computational_Science,544,no_deposit_named,no_deposit_named,
PMID:39570765,Computational_Science,545,no_lawful_text_retained,no_lawful_text_retained,
PMID:37917204,Computational_Science,546,no_lawful_text_retained,no_lawful_text_retained,
PMID:41317292,Computational_Science,547,no_lawful_text_retained,no_lawful_text_retained,
PMID:37834169,Computational_Science,548,open_route_named_pending_listing,,geo:GSE26440=anonymous_listing_with_sizes_within_caps; geo:GSE95233=anonymous_listing_with_sizes_within_caps
PMID:37905534,Computational_Science,549,no_lawful_text_retained,no_lawful_text_retained,
PMID:38096254,Computational_Science,550,no_deposit_named,no_deposit_named,
PMID:36365839,Computational_Science,551,no_deposit_named,no_deposit_named,
PMID:35008552,Computational_Science,552,no_deposit_named,no_deposit_named,
PMID:36347512,Computational_Science,553,code_only_deposit,code_only_deposit,
PMID:39737451,Computational_Science,554,supplement_only_unverified,supplement_only_unverified,
PMID:39470725,Computational_Science,555,open_route_named_pending_listing,,zenodo:13313887=anonymous_listing_with_sizes_within_caps; zenodo:13829457=every_listed_file_is_implementation_material; dryad:8t8s248=anonymous_listing_with_sizes_within_caps
PMID:33018216,Computational_Science,556,no_lawful_text_retained,no_lawful_text_retained,
PMID:36298923,Computational_Science,557,no_lawful_text_retained,no_lawful_text_retained,
PMID:39476336,Computational_Science,558,no_lawful_text_retained,no_lawful_text_retained,
PMID:34864385,Computational_Science,559,no_lawful_text_retained,no_lawful_text_retained,
PMID:37744335,Computational_Science,560,open_route_named_pending_listing,,geo:GSE12452=anonymous_listing_with_sizes_within_caps; geo:GSE53819=anonymous_listing_with_sizes_within_caps; geo:GSE102349=anonymous_listing_with_sizes_within_caps; geo:GSE150430=anonymous_listing_with_sizes_within_caps
PMID:38095636,Computational_Science,561,open_route_named_pending_listing,,geo:GSE165298=anonymous_listing_with_sizes_within_caps; geo:GSE140343=announced_sizes_exceed_amendment_caps; geo:GSE89039=anonymous_listing_with_sizes_within_caps
PMID:33173968,Computational_Science,562,open_route_named_pending_listing,,geo:GSE68306=anonymous_listing_with_sizes_within_caps; geo:GSE37283=anonymous_listing_with_sizes_within_caps
PMID:41420051,Computational_Science,563,supplement_only_unverified,supplement_only_unverified,
PMID:36416540,Computational_Science,564,code_only_deposit,code_only_deposit,
PMID:37773969,Computational_Science,565,open_route_named_pending_listing,,zenodo:7633599=anonymous_listing_with_sizes_within_caps
PMID:41359683,Computational_Science,566,no_deposit_named,no_deposit_named,
PMID:39667937,Computational_Science,567,no_lawful_text_retained,no_lawful_text_retained,
PMID:34808417,Computational_Science,568,no_lawful_text_retained,no_lawful_text_retained,
PMID:40015872,Computational_Science,569,no_lawful_text_retained,no_lawful_text_retained,
PMID:39732685,Computational_Science,570,author_request_only,author_request_only,
PMID:39565084,Computational_Science,571,open_route_named_pending_listing,,bioproject:PRJNA992876=announced_sizes_exceed_amendment_caps; figshare:23650680=anonymous_listing_with_sizes_within_caps
PMID:34664400,Computational_Science,572,no_deposit_named,no_deposit_named,
PMID:38097614,Computational_Science,573,supplement_only_unverified,supplement_only_unverified,
PMID:39466491,Computational_Science,574,no_lawful_text_retained,no_lawful_text_retained,
PMID:37717324,Computational_Science,575,no_lawful_text_retained,no_lawful_text_retained,
PMID:37913767,Computational_Science,576,no_lawful_text_retained,no_lawful_text_retained,
PMID:41574303,Computational_Science,577,open_route_named_pending_listing,above_cap,bioproject:PRJEB63359=announced_sizes_exceed_amendment_caps; bioproject:PRJNA1070447=announced_sizes_exceed_amendment_caps; bioproject:PRJNA193569=listing_empty; bioproject:PRJNA1170563=listing_empty
PMID:41341433,Computational_Science,578,supplement_only_unverified,supplement_only_unverified,
PMID:39690073,Computational_Science,579,no_lawful_text_retained,no_lawful_text_retained,
PMID:41272433,Computational_Science,580,supplement_only_unverified,supplement_only_unverified,
PMID:41726496,Computational_Science,581,no_lawful_text_retained,no_lawful_text_retained,
PMID:39531925,Computational_Science,582,no_lawful_text_retained,no_lawful_text_retained,
PMID:36535129,Computational_Science,583,no_lawful_text_retained,no_lawful_text_retained,
PMID:39739050,Computational_Science,584,no_lawful_text_retained,no_lawful_text_retained,
PMID:38069165,Computational_Science,585,open_route_named_pending_listing,,zenodo:7971787=anonymous_listing_with_sizes_within_caps; dryad:5hqbzkhbh=anonymous_listing_with_sizes_within_caps
PMID:34925497,Computational_Science,586,author_request_only,author_request_only,
PMID:33131302,Computational_Science,587,no_lawful_text_retained,no_lawful_text_retained,
PMID:33936494,Computational_Science,588,no_lawful_text_retained,no_lawful_text_retained,
PMID:32986691,Computational_Science,589,code_only_deposit,code_only_deposit,
PMID:33067419,Computational_Science,590,supplement_only_unverified,supplement_only_unverified,
PMID:36460784,Computational_Science,591,author_request_only,author_request_only,
PMID:39500934,Computational_Science,592,supplement_only_unverified,supplement_only_unverified,
PMID:39688405,Computational_Science,593,code_only_deposit,code_only_deposit,
PMID:37880798,Computational_Science,594,supplement_only_unverified,supplement_only_unverified,
PMID:38131343,Computational_Science,595,no_lawful_text_retained,no_lawful_text_retained,
PMID:39721943,Computational_Science,596,no_lawful_text_retained,no_lawful_text_retained,
PMID:37972064,Computational_Science,597,no_deposit_named,no_deposit_named,
PMID:33373717,Computational_Science,598,no_lawful_text_retained,no_lawful_text_retained,
PMID:36725182,Computational_Science,599,open_route_named_pending_listing,above_cap,bioproject:PRJNA623528=announced_sizes_exceed_amendment_caps; bioproject:PRJNA624005=announced_sizes_exceed_amendment_caps; bioproject:PRJNA623755=announced_sizes_exceed_amendment_caps
PMID:41478507,Computational_Science,600,no_lawful_text_retained,no_lawful_text_retained,
PMID:37886665,Computational_Science,601,no_deposit_named,no_deposit_named,
PMID:41648958,Computational_Science,602,no_deposit_named,no_deposit_named,
PMID:39643345,Computational_Science,603,no_lawful_text_retained,no_lawful_text_retained,
PMID:41539790,Computational_Science,604,no_lawful_text_retained,no_lawful_text_retained,
PMID:33018107,Computational_Science,605,no_lawful_text_retained,no_lawful_text_retained,
PMID:39674557,Computational_Science,606,no_lawful_text_retained,no_lawful_text_retained,
PMID:37751446,Computational_Science,607,no_deposit_named,no_deposit_named,
PMID:36126717,Computational_Science,608,no_lawful_text_retained,no_lawful_text_retained,
PMID:32998877,Computational_Science,609,no_lawful_text_retained,no_lawful_text_retained,
PMID:33261736,Computational_Science,610,no_lawful_text_retained,no_lawful_text_retained,
PMID:32915321,Computational_Science,611,open_route_named_pending_listing,size_unannounced,metabolights:MTBLS28=some_or_all_files_without_announced_size
PMID:36217082,Computational_Science,612,no_lawful_text_retained,no_lawful_text_retained,
PMID:39680719,Computational_Science,613,no_lawful_text_retained,no_lawful_text_retained,
PMID:37837636,Computational_Science,614,no_deposit_named,no_deposit_named,
PMID:36442373,Computational_Science,615,no_lawful_text_retained,no_lawful_text_retained,
PMID:39631515,Computational_Science,616,no_deposit_named,no_deposit_named,
PMID:33150508,Computational_Science,617,no_lawful_text_retained,no_lawful_text_retained,
PMID:33355395,Computational_Science,618,no_lawful_text_retained,no_lawful_text_retained,
PMID:34930952,Computational_Science,619,supplement_only_unverified,supplement_only_unverified,
PMID:34955284,Computational_Science,620,no_deposit_named,no_deposit_named,
PMID:34564018,Computational_Science,621,no_lawful_text_retained,no_lawful_text_retained,
PMID:36189496,Computational_Science,622,no_deposit_named,no_deposit_named,
PMID:36367264,Computational_Science,623,no_lawful_text_retained,no_lawful_text_retained,
PMID:39577022,Computational_Science,624,no_lawful_text_retained,no_lawful_text_retained,
PMID:39754839,Computational_Science,625,no_lawful_text_retained,no_lawful_text_retained,
PMID:41474736,Computational_Science,626,code_only_deposit,code_only_deposit,
PMID:37854184,Computational_Science,627,application_required,application_required,
PMID:41188209,Computational_Science,628,no_lawful_text_retained,no_lawful_text_retained,
PMID:39508992,Computational_Science,629,no_lawful_text_retained,no_lawful_text_retained,
PMID:32963184,Computational_Science,630,no_deposit_named,no_deposit_named,
PMID:34681040,Computational_Science,631,code_only_deposit,code_only_deposit,
PMID:36297118,Computational_Science,632,open_route_named_pending_listing,,zenodo:7143234=anonymous_listing_with_sizes_within_caps
PMID:36422202,Computational_Science,633,open_route_named_pending_listing,,geo:GSE62452=anonymous_listing_with_sizes_within_caps
PMID:39558756,Computational_Science,634,open_route_named_pending_listing,,bioproject:PRJEB78481=announced_sizes_exceed_amendment_caps; bioproject:PRJNA379215=anonymous_listing_with_sizes_within_caps; zenodo:2540861=every_listed_file_is_implementation_material
PMID:39472819,Computational_Science,635,supplement_only_unverified,supplement_only_unverified,
PMID:41344012,Computational_Science,636,no_lawful_text_retained,no_lawful_text_retained,
PMID:41435580,Computational_Science,637,no_lawful_text_retained,no_lawful_text_retained,
PMID:32946688,Computational_Science,638,no_lawful_text_retained,no_lawful_text_retained,
PMID:37941450,Computational_Science,639,application_required,application_required,
PMID:39591942,Computational_Science,640,no_lawful_text_retained,no_lawful_text_retained,
PMID:39486366,Computational_Science,641,no_lawful_text_retained,no_lawful_text_retained,
PMID:36253443,Computational_Science,642,open_route_named_pending_listing,,geo:GSE51264=anonymous_listing_with_sizes_within_caps; geo:GSE59288=anonymous_listing_with_sizes_within_caps; geo:GSE174569=anonymous_listing_with_sizes_within_caps; proteomexchange:PXD031656=some_or_all_files_without_announced_size
PMID:34749107,Computational_Science,643,no_lawful_text_retained,no_lawful_text_retained,
PMID:39885991,Computational_Science,644,open_route_named_pending_listing,,geo:GSE177477=anonymous_listing_with_sizes_within_caps
PMID:39686673,Computational_Science,645,no_lawful_text_retained,no_lawful_text_retained,
PMID:41196893,Computational_Science,646,no_deposit_named,no_deposit_named,
PMID:37713313,Computational_Science,647,no_deposit_named,no_deposit_named,
PMID:37811763,Computational_Science,648,no_lawful_text_retained,no_lawful_text_retained,
PMID:37878066,Computational_Science,649,code_only_deposit,code_only_deposit,
PMID:33320742,Computational_Science,650,no_lawful_text_retained,no_lawful_text_retained,
PMID:34675240,Computational_Science,651,supplement_only_unverified,supplement_only_unverified,
PMID:39708667,Computational_Science,652,no_lawful_text_retained,no_lawful_text_retained,
PMID:36184703,Computational_Science,653,no_lawful_text_retained,no_lawful_text_retained,
PMID:37696191,Computational_Science,654,no_lawful_text_retained,no_lawful_text_retained,
PMID:33135718,Computational_Science,655,no_lawful_text_retained,no_lawful_text_retained,
PMID:39771858,Computational_Science,656,no_deposit_named,no_deposit_named,
PMID:38092052,Computational_Science,657,author_request_only,author_request_only,
PMID:33028108,Computational_Science,658,no_deposit_named,no_deposit_named,
PMID:37852772,Computational_Science,659,author_request_only,author_request_only,
PMID:33065027,Computational_Science,660,no_lawful_text_retained,no_lawful_text_retained,
PMID:33104417,Computational_Science,661,no_lawful_text_retained,no_lawful_text_retained,
PMID:34737094,Computational_Science,662,no_deposit_named,no_deposit_named,
PMID:39466133,Computational_Science,663,author_request_only,author_request_only,
PMID:41177067,Computational_Science,664,no_lawful_text_retained,no_lawful_text_retained,
PMID:33142337,Computational_Science,665,no_lawful_text_retained,no_lawful_text_retained,
PMID:36470082,Computational_Science,666,no_lawful_text_retained,no_lawful_text_retained,
PMID:34596103,Computational_Science,667,no_deposit_named,no_deposit_named,
PMID:39505964,Computational_Science,668,author_request_only,author_request_only,
PMID:32931820,Computational_Science,669,no_lawful_text_retained,no_lawful_text_retained,
PMID:41470902,Computational_Science,670,open_route_named_pending_listing,,osf:pkdzq=anonymous_listing_with_sizes_within_caps
PMID:34781046,Computational_Science,671,no_lawful_text_retained,no_lawful_text_retained,
PMID:36215965,Computational_Science,672,no_lawful_text_retained,no_lawful_text_retained,
PMID:34892838,Computational_Science,673,no_lawful_text_retained,no_lawful_text_retained,
PMID:39488108,Computational_Science,674,no_lawful_text_retained,no_lawful_text_retained,
PMID:41189155,Computational_Science,675,no_deposit_named,no_deposit_named,
PMID:32967043,Computational_Science,676,open_route_named_pending_listing,size_unannounced,proteomexchange:PXD019856=some_or_all_files_without_announced_size; proteomexchange:PXD019604=some_or_all_files_without_announced_size
PMID:41297209,Computational_Science,677,no_lawful_text_retained,no_lawful_text_retained,
PMID:36586545,Computational_Science,678,no_lawful_text_retained,no_lawful_text_retained,
PMID:34630545,Computational_Science,679,author_request_only,author_request_only,
PMID:37820749,Computational_Science,680,no_lawful_text_retained,no_lawful_text_retained,
PMID:39509128,Computational_Science,681,code_only_deposit,code_only_deposit,
PMID:36107051,Computational_Science,682,no_lawful_text_retained,no_lawful_text_retained,
PMID:39581179,Computational_Science,683,no_lawful_text_retained,no_lawful_text_retained,
PMID:41472883,Computational_Science,684,open_route_named_pending_listing,,geo:GSE163532=anonymous_listing_with_sizes_within_caps; geo:GSE96107=announced_sizes_exceed_amendment_caps; zenodo:17570174=anonymous_listing_with_sizes_within_caps; zenodo:14205078=anonymous_listing_with_sizes_within_caps
PMID:37721477,Computational_Science,685,no_lawful_text_retained,no_lawful_text_retained,
PMID:39516835,Computational_Science,686,open_route_named_pending_listing,,bioproject:PRJNA1154796=announced_sizes_exceed_amendment_caps; figshare:26830078=anonymous_listing_with_sizes_within_caps; figshare:27308241=anonymous_listing_with_sizes_within_caps
PMID:32915427,Computational_Science,687,no_lawful_text_retained,no_lawful_text_retained,
PMID:33077552,Computational_Science,688,no_deposit_named,no_deposit_named,
PMID:41271251,Computational_Science,689,author_request_only,author_request_only,
PMID:36509721,Computational_Science,690,no_lawful_text_retained,no_lawful_text_retained,
PMID:39528650,Computational_Science,691,supplement_only_unverified,supplement_only_unverified,
PMID:39743104,Computational_Science,692,no_lawful_text_retained,no_lawful_text_retained,
PMID:33086159,Computational_Science,693,no_lawful_text_retained,no_lawful_text_retained,
PMID:39570888,Computational_Science,694,code_only_deposit,code_only_deposit,
PMID:37790937,Computational_Science,695,open_route_named_pending_listing,,geo:GSE213547=anonymous_listing_with_sizes_within_caps; proteomexchange:PXD035269=some_or_all_files_without_announced_size
PMID:34680921,Computational_Science,696,no_deposit_named,no_deposit_named,
PMID:34600465,Computational_Science,697,open_route_named_pending_listing,code_only_deposit,zenodo:4543247=every_listed_file_is_implementation_material
PMID:39587475,Computational_Science,698,author_request_only,author_request_only,
PMID:41473966,Computational_Science,699,no_deposit_named,no_deposit_named,
PMID:37705933,Computational_Science,700,code_only_deposit,code_only_deposit,
PMID:34816521,Computational_Science,701,code_only_deposit,code_only_deposit,
PMID:38177929,Computational_Science,702,open_route_named_pending_listing,listing_unavailable,proteomexchange:PXD039363=listing_empty; proteomexchange:PXD046959=listing_empty
PMID:39488042,Computational_Science,703,no_lawful_text_retained,no_lawful_text_retained,
PMID:37853025,Computational_Science,704,author_request_only,author_request_only,
PMID:38139465,Computational_Science,705,no_deposit_named,no_deposit_named,
PMID:39587822,Computational_Science,706,no_lawful_text_retained,no_lawful_text_retained,
PMID:34640712,Computational_Science,707,no_deposit_named,no_deposit_named,
PMID:41176812,Computational_Science,708,no_lawful_text_retained,no_lawful_text_retained,
PMID:34838263,Computational_Science,709,no_lawful_text_retained,no_lawful_text_retained,
PMID:37832395,Computational_Science,710,no_lawful_text_retained,no_lawful_text_retained,
PMID:38063332,Computational_Science,711,no_lawful_text_retained,no_lawful_text_retained,
PMID:32977371,Computational_Science,712,no_deposit_named,no_deposit_named,
PMID:32970270,Computational_Science,713,no_lawful_text_retained,no_lawful_text_retained,
PMID:34814291,Computational_Science,714,no_lawful_text_retained,no_lawful_text_retained,
PMID:41299027,Computational_Science,715,open_route_named_pending_listing,,geo:GSE51425=anonymous_listing_with_sizes_within_caps; zenodo:10528153=listing_empty
PMID:36124775,Computational_Science,716,code_only_deposit,code_only_deposit,
PMID:34884880,Computational_Science,717,open_route_named_pending_listing,,bioproject:PRJNA354904=anonymous_listing_with_sizes_within_caps; bioproject:PRJNA782791=announced_sizes_exceed_amendment_caps
PMID:33318371,Computational_Science,718,no_lawful_text_retained,no_lawful_text_retained,
PMID:33087565,Computational_Science,719,no_lawful_text_retained,no_lawful_text_retained,
PMID:34891440,Computational_Science,720,no_lawful_text_retained,no_lawful_text_retained,
PMID:39733555,Computational_Science,721,no_lawful_text_retained,no_lawful_text_retained,
PMID:37943331,Computational_Science,722,no_lawful_text_retained,no_lawful_text_retained,
PMID:41329212,Computational_Science,723,no_lawful_text_retained,no_lawful_text_retained,
PMID:32846299,Computational_Science,724,no_lawful_text_retained,no_lawful_text_retained,
PMID:34973026,Computational_Science,725,no_lawful_text_retained,no_lawful_text_retained,
PMID:36124945,Computational_Science,726,open_route_named_pending_listing,listing_unavailable,metabolights:MTBLS4245=listing_http_401
PMID:39596519,Computational_Science,727,no_deposit_named,no_deposit_named,
PMID:34932266,Computational_Science,728,no_lawful_text_retained,no_lawful_text_retained,
PMID:41353482,Computational_Science,729,no_lawful_text_retained,no_lawful_text_retained,
PMID:41231924,Computational_Science,730,no_deposit_named,no_deposit_named,
PMID:36223411,Computational_Science,731,open_route_named_pending_listing,size_unannounced,proteomexchange:PXD033952=some_or_all_files_without_announced_size; bioproject:PRJEB25283=listing_empty
PMID:41373502,Computational_Science,732,author_request_only,author_request_only,
PMID:32916131,Computational_Science,733,no_lawful_text_retained,no_lawful_text_retained,
PMID:41677994,Computational_Science,734,no_lawful_text_retained,no_lawful_text_retained,
PMID:36318540,Computational_Science,735,no_deposit_named,no_deposit_named,
PMID:36355762,Computational_Science,736,no_deposit_named,no_deposit_named,
PMID:38072221,Computational_Science,737,no_lawful_text_retained,no_lawful_text_retained,
PMID:36167001,Computational_Science,738,no_lawful_text_retained,no_lawful_text_retained,
PMID:33016625,Computational_Science,739,no_deposit_named,no_deposit_named,
PMID:37696414,Computational_Science,740,no_lawful_text_retained,no_lawful_text_retained,
PMID:32915871,Computational_Science,741,no_deposit_named,no_deposit_named,
PMID:36433553,Computational_Science,742,no_deposit_named,no_deposit_named,
PMID:35297370,Computational_Science,743,no_deposit_named,no_deposit_named,
PMID:34695131,Computational_Science,744,code_only_deposit,code_only_deposit,
PMID:34740064,Computational_Science,745,no_lawful_text_retained,no_lawful_text_retained,
PMID:33159809,Computational_Science,746,no_lawful_text_retained,no_lawful_text_retained,
PMID:39617279,Computational_Science,747,no_lawful_text_retained,no_lawful_text_retained,
PMID:41516236,Computational_Science,748,supplement_only_unverified,supplement_only_unverified,
PMID:41428743,Computational_Science,749,open_route_named_pending_listing,,zenodo:17625155=anonymous_listing_with_sizes_within_caps; zenodo:10984387=every_listed_file_is_implementation_material; zenodo:8128339=every_listed_file_is_implementation_material
PMID:36418746,Computational_Science,750,no_lawful_text_retained,no_lawful_text_retained,
PMID:38150872,Computational_Science,751,no_lawful_text_retained,no_lawful_text_retained,
PMID:41229088,Computational_Science,752,no_deposit_named,no_deposit_named,
PMID:41360790,Computational_Science,753,open_route_named_pending_listing,,zenodo:17064480=anonymous_listing_with_sizes_within_caps
PMID:34899966,Computational_Science,754,author_request_only,author_request_only,
PMID:34883845,Computational_Science,755,no_deposit_named,no_deposit_named,
PMID:41244050,Computational_Science,756,supplement_only_unverified,supplement_only_unverified,
PMID:33414898,Computational_Science,757,no_deposit_named,no_deposit_named,
PMID:37967805,Computational_Science,758,no_lawful_text_retained,no_lawful_text_retained,
PMID:34843802,Computational_Science,759,no_lawful_text_retained,no_lawful_text_retained,
PMID:34770387,Computational_Science,760,author_request_only,author_request_only,
PMID:33444258,Computational_Science,761,no_lawful_text_retained,no_lawful_text_retained,
PMID:34671349,Computational_Science,762,author_request_only,author_request_only,
PMID:36348107,Computational_Science,763,no_lawful_text_retained,no_lawful_text_retained,
PMID:41314112,Computational_Science,764,no_lawful_text_retained,no_lawful_text_retained,
PMID:36123629,Computational_Science,765,open_route_named_pending_listing,above_cap,geo:GSE97293=announced_sizes_exceed_amendment_caps
PMID:36298387,Computational_Science,766,no_deposit_named,no_deposit_named,
PMID:38039877,Computational_Science,767,no_lawful_text_retained,no_lawful_text_retained,
PMID:34585219,Computational_Science,768,no_deposit_named,no_deposit_named,
PMID:37824375,Computational_Science,769,no_lawful_text_retained,no_lawful_text_retained,
PMID:41726468,Computational_Science,770,no_lawful_text_retained,no_lawful_text_retained,
PMID:36166322,Computational_Science,771,no_deposit_named,no_deposit_named,
PMID:37850870,Computational_Science,772,code_only_deposit,code_only_deposit,
PMID:32928963,Computational_Science,773,no_lawful_text_retained,no_lawful_text_retained,
PMID:41213346,Computational_Science,774,author_request_only,author_request_only,
PMID:39731714,Computational_Science,775,no_lawful_text_retained,no_lawful_text_retained,
PMID:41249574,Computational_Science,776,open_route_named_pending_listing,,geo:GSE160269=anonymous_listing_with_sizes_within_caps; geo:GSE53622=announced_sizes_exceed_amendment_caps; geo:GSE53624=announced_sizes_exceed_amendment_caps; geo:GSE130078=anonymous_listing_with_sizes_within_caps
PMID:36361127,Computational_Science,777,no_deposit_named,no_deposit_named,
PMID:33129055,Computational_Science,778,no_lawful_text_retained,no_lawful_text_retained,
PMID:36628780,Computational_Science,779,no_lawful_text_retained,no_lawful_text_retained,
PMID:36195818,Computational_Science,780,no_lawful_text_retained,no_lawful_text_retained,
PMID:37884559,Computational_Science,781,open_route_named_pending_listing,,geo:GSE58331=anonymous_listing_with_sizes_within_caps; geo:GSE105149=anonymous_listing_with_sizes_within_caps
PMID:41354871,Computational_Science,782,author_request_only,author_request_only,
PMID:36363477,Computational_Science,783,author_request_only,author_request_only,
PMID:39695617,Computational_Science,784,supplement_only_unverified,supplement_only_unverified,
PMID:33217980,Computational_Science,785,open_route_named_pending_listing,,geo:GSE40779=anonymous_listing_with_sizes_within_caps
PMID:33384687,Computational_Science,786,no_deposit_named,no_deposit_named,
PMID:39620440,Computational_Science,787,no_lawful_text_retained,no_lawful_text_retained,
PMID:36401636,Computational_Science,788,no_lawful_text_retained,no_lawful_text_retained,
PMID:41420301,Computational_Science,789,open_route_named_pending_listing,,geo:GSE45547=anonymous_listing_with_sizes_within_caps; geo:GSE62564=anonymous_listing_with_sizes_within_caps; geo:GSE120572=anonymous_listing_with_sizes_within_caps
PMID:36281733,Computational_Science,790,no_deposit_named,no_deposit_named,
PMID:33059707,Computational_Science,791,open_route_named_pending_listing,above_cap,bioproject:PRJNA614006=announced_sizes_exceed_amendment_caps
PMID:36244775,Computational_Science,792,no_lawful_text_retained,no_lawful_text_retained,
PMID:34860574,Computational_Science,793,no_lawful_text_retained,no_lawful_text_retained,
PMID:38090765,Computational_Science,794,no_lawful_text_retained,no_lawful_text_retained,
PMID:37796927,Computational_Science,795,open_route_named_pending_listing,,zenodo:6547761=anonymous_listing_with_sizes_within_caps; zenodo:6547767=anonymous_listing_with_sizes_within_caps; zenodo:8122402=anonymous_listing_with_sizes_within_caps
PMID:34687022,Computational_Science,796,no_lawful_text_retained,no_lawful_text_retained,
PMID:37854641,Computational_Science,797,author_request_only,author_request_only,
PMID:41476086,Computational_Science,798,open_route_named_pending_listing,,geo:GSE180440=anonymous_listing_with_sizes_within_caps
PMID:39581083,Computational_Science,799,no_lawful_text_retained,no_lawful_text_retained,
PMID:41214872,Computational_Science,800,author_request_only,author_request_only,
PMID:41273802,Computational_Science,801,no_lawful_text_retained,no_lawful_text_retained,
PMID:32948835,Computational_Science,802,no_lawful_text_retained,no_lawful_text_retained,
PMID:39510141,Computational_Science,803,no_lawful_text_retained,no_lawful_text_retained,
PMID:33171023,Computational_Science,804,no_deposit_named,no_deposit_named,
PMID:37913570,Computational_Science,805,no_lawful_text_retained,no_lawful_text_retained,
PMID:36407309,Computational_Science,806,supplement_only_unverified,supplement_only_unverified,
PMID:37783922,Computational_Science,807,no_lawful_text_retained,no_lawful_text_retained,
PMID:34713609,Computational_Science,808,open_route_named_pending_listing,code_only_deposit,zenodo:5172241=every_listed_file_is_implementation_material
PMID:41336488,Computational_Science,809,no_lawful_text_retained,no_lawful_text_retained,
PMID:41354326,Computational_Science,810,author_request_only,author_request_only,
PMID:36220543,Computational_Science,811,no_lawful_text_retained,no_lawful_text_retained,
PMID:39514037,Computational_Science,812,no_lawful_text_retained,no_lawful_text_retained,
PMID:36367434,Computational_Science,813,no_lawful_text_retained,no_lawful_text_retained,
PMID:41445732,Computational_Science,814,open_route_named_pending_listing,,geo:GSE65282=anonymous_listing_with_sizes_within_caps; geo:GSE8121=anonymous_listing_with_sizes_within_caps; geo:GSE13904=anonymous_listing_with_sizes_within_caps; geo:GSE26440=anonymous_listing_with_sizes_within_caps
PMID:33067324,Computational_Science,815,no_lawful_text_retained,no_lawful_text_retained,
PMID:34844874,Computational_Science,816,code_only_deposit,code_only_deposit,
PMID:38084046,Computational_Science,817,no_lawful_text_retained,no_lawful_text_retained,
PMID:32873154,Computational_Science,818,no_deposit_named,no_deposit_named,
PMID:32884136,Computational_Science,819,open_route_named_pending_listing,above_cap,geo:GSE107714=announced_sizes_exceed_amendment_caps
PMID:36573306,Computational_Science,820,author_request_only,author_request_only,
PMID:38049066,Computational_Science,821,no_lawful_text_retained,no_lawful_text_retained,
PMID:35015281,Computational_Science,822,no_lawful_text_retained,no_lawful_text_retained,
PMID:39591846,Computational_Science,823,no_lawful_text_retained,no_lawful_text_retained,
PMID:39663467,Computational_Science,824,no_lawful_text_retained,no_lawful_text_retained,
PMID:34674630,Computational_Science,825,supplement_only_unverified,supplement_only_unverified,
PMID:38110167,Computational_Science,826,no_lawful_text_retained,no_lawful_text_retained,
PMID:39483096,Computational_Science,827,no_lawful_text_retained,no_lawful_text_retained,
PMID:36242974,Computational_Science,828,no_lawful_text_retained,no_lawful_text_retained,
PMID:33233255,Computational_Science,829,no_lawful_text_retained,no_lawful_text_retained,
PMID:36387289,Computational_Science,830,no_deposit_named,no_deposit_named,
PMID:34950220,Computational_Science,831,no_deposit_named,no_deposit_named,
PMID:39540738,Computational_Science,832,code_only_deposit,code_only_deposit,
PMID:33143739,Computational_Science,833,author_request_only,author_request_only,
PMID:33197957,Computational_Science,834,no_lawful_text_retained,no_lawful_text_retained,
PMID:36458613,Computational_Science,835,code_only_deposit,code_only_deposit,
PMID:33359708,Computational_Science,836,no_lawful_text_retained,no_lawful_text_retained,
PMID:33345966,Computational_Science,837,no_lawful_text_retained,no_lawful_text_retained,
PMID:34688199,Computational_Science,838,no_lawful_text_retained,no_lawful_text_retained,
PMID:39454879,Computational_Science,839,no_lawful_text_retained,no_lawful_text_retained,
PMID:41286001,Computational_Science,840,author_request_only,author_request_only,
PMID:37770156,Computational_Science,841,no_lawful_text_retained,no_lawful_text_retained,
PMID:40417484,Computational_Science,842,no_lawful_text_retained,no_lawful_text_retained,
PMID:34688198,Computational_Science,843,no_lawful_text_retained,no_lawful_text_retained,
PMID:41187988,Computational_Science,844,no_lawful_text_retained,no_lawful_text_retained,
PMID:41447951,Computational_Science,845,no_lawful_text_retained,no_lawful_text_retained,
PMID:39692707,Computational_Science,846,no_deposit_named,no_deposit_named,
PMID:41462147,Computational_Science,847,code_only_deposit,code_only_deposit,
PMID:36226243,Computational_Science,848,no_deposit_named,no_deposit_named,
PMID:41453662,Computational_Science,849,no_lawful_text_retained,no_lawful_text_retained,
PMID:36236527,Computational_Science,850,author_request_only,author_request_only,
PMID:39696629,Computational_Science,851,open_route_named_pending_listing,,geo:GSE133347=anonymous_listing_with_sizes_within_caps; geo:GSE110716=anonymous_listing_with_sizes_within_caps
PMID:34717264,Computational_Science,852,no_lawful_text_retained,no_lawful_text_retained,
PMID:40039540,Computational_Science,853,no_lawful_text_retained,no_lawful_text_retained,
PMID:32974873,Computational_Science,854,no_lawful_text_retained,no_lawful_text_retained,
PMID:36266291,Computational_Science,855,open_route_named_pending_listing,,geo:GSE97590=anonymous_listing_with_sizes_within_caps; geo:GSE65834=anonymous_listing_with_sizes_within_caps; geo:GSE22768=anonymous_listing_with_sizes_within_caps; geo:GSE74817=anonymous_listing_with_sizes_within_caps
PMID:37801860,Computational_Science,856,no_lawful_text_retained,no_lawful_text_retained,
PMID:34605964,Computational_Science,857,no_lawful_text_retained,no_lawful_text_retained,
PMID:41694647,Computational_Science,858,open_route_named_pending_listing,listing_unavailable,mendeley:7zcc8v6hvp.1=listing_not_machine_readable
PMID:37694452,Computational_Science,859,author_request_only,author_request_only,
PMID:38154654,Computational_Science,860,no_lawful_text_retained,no_lawful_text_retained,
PMID:38147938,Computational_Science,861,no_lawful_text_retained,no_lawful_text_retained,
PMID:37696742,Computational_Science,862,no_lawful_text_retained,no_lawful_text_retained,
PMID:41455622,Computational_Science,863,no_lawful_text_retained,no_lawful_text_retained,
PMID:36535091,Computational_Science,864,no_lawful_text_retained,no_lawful_text_retained,
PMID:37740195,Computational_Science,865,code_only_deposit,code_only_deposit,
PMID:41516291,Computational_Science,866,supplement_only_unverified,supplement_only_unverified,
PMID:33251178,Computational_Science,867,supplement_only_unverified,supplement_only_unverified,
PMID:41453968,Computational_Science,868,supplement_only_unverified,supplement_only_unverified,
PMID:36154169,Computational_Science,869,no_lawful_text_retained,no_lawful_text_retained,
PMID:41594554,Computational_Science,870,open_route_named_pending_listing,listing_unavailable,zenodo:17472637=listing_empty
PMID:37931253,Computational_Science,871,no_lawful_text_retained,no_lawful_text_retained,
PMID:36430134,Computational_Science,872,author_request_only,author_request_only,
PMID:37896621,Computational_Science,873,no_deposit_named,no_deposit_named,
PMID:35052384,Computational_Science,874,no_deposit_named,no_deposit_named,
PMID:36412326,Computational_Science,875,no_deposit_named,no_deposit_named,
PMID:41336356,Computational_Science,876,no_lawful_text_retained,no_lawful_text_retained,
PMID:37932607,Computational_Science,877,no_lawful_text_retained,no_lawful_text_retained,
PMID:36322533,Computational_Science,878,open_route_named_pending_listing,above_cap,bioproject:PRJNA713343=announced_sizes_exceed_amendment_caps
PMID:34600896,Computational_Science,879,no_lawful_text_retained,no_lawful_text_retained,
PMID:39589574,Computational_Science,880,no_lawful_text_retained,no_lawful_text_retained,
PMID:33051490,Computational_Science,881,code_only_deposit,code_only_deposit,
PMID:39522429,Computational_Science,882,no_lawful_text_retained,no_lawful_text_retained,
PMID:34920301,Computational_Science,883,no_lawful_text_retained,no_lawful_text_retained,
PMID:41218386,Computational_Science,884,open_route_named_pending_listing,,geo:GSE76882=anonymous_listing_with_sizes_within_caps; geo:GSE120495=anonymous_listing_with_sizes_within_caps
PMID:36501976,Computational_Science,885,no_deposit_named,no_deposit_named,
PMID:32938630,Computational_Science,886,no_lawful_text_retained,no_lawful_text_retained,
PMID:37806464,Computational_Science,887,no_lawful_text_retained,no_lawful_text_retained,
PMID:39580513,Computational_Science,888,supplement_only_unverified,supplement_only_unverified,
PMID:33142204,Computational_Science,889,no_lawful_text_retained,no_lawful_text_retained,
PMID:33084331,Computational_Science,890,no_lawful_text_retained,no_lawful_text_retained,
PMID:38093373,Computational_Science,891,supplement_only_unverified,supplement_only_unverified,
PMID:41315788,Computational_Science,892,supplement_only_unverified,supplement_only_unverified,
PMID:34800858,Computational_Science,893,no_lawful_text_retained,no_lawful_text_retained,
PMID:41361261,Computational_Science,894,supplement_only_unverified,supplement_only_unverified,
PMID:37791794,Computational_Science,895,open_route_named_pending_listing,size_unannounced,proteomexchange:PXD017004=some_or_all_files_without_announced_size; proteomexchange:PXD045586=some_or_all_files_without_announced_size
PMID:37884883,Computational_Science,896,open_route_named_pending_listing,,geo:GSE65904=anonymous_listing_with_sizes_within_caps; geo:GSE54467=anonymous_listing_with_sizes_within_caps; geo:GSE46517=anonymous_listing_with_sizes_within_caps; bioproject:PRJEB23709=announced_sizes_exceed_amendment_caps
PMID:33380471,Computational_Science,897,no_deposit_named,no_deposit_named,
PMID:36176113,Computational_Science,898,no_lawful_text_retained,no_lawful_text_retained,
PMID:39580676,Computational_Science,899,no_lawful_text_retained,no_lawful_text_retained,
PMID:34998220,Computational_Science,900,no_deposit_named,no_deposit_named,
PMID:41336781,Computational_Science,901,no_lawful_text_retained,no_lawful_text_retained,
PMID:36358981,Computational_Science,902,code_only_deposit,code_only_deposit,
PMID:37813078,Computational_Science,903,no_lawful_text_retained,no_lawful_text_retained,
PMID:37880849,Computational_Science,904,code_only_deposit,code_only_deposit,
PMID:41401027,Computational_Science,905,no_lawful_text_retained,no_lawful_text_retained,
PMID:34883838,Computational_Science,906,open_route_named_pending_listing,,zenodo:5702615=anonymous_listing_with_sizes_within_caps
PMID:37768198,Computational_Science,907,open_route_named_pending_listing,above_cap,bioproject:PRJNA896916=announced_sizes_exceed_amendment_caps
PMID:37851682,Computational_Science,908,open_route_named_pending_listing,,zenodo:7713047=anonymous_listing_with_sizes_within_caps
PMID:41338331,Computational_Science,909,no_lawful_text_retained,no_lawful_text_retained,
PMID:37787195,Computational_Science,910,no_lawful_text_retained,no_lawful_text_retained,
PMID:32853554,Computational_Science,911,application_required,application_required,
PMID:39441796,Computational_Science,912,supplement_only_unverified,supplement_only_unverified,
PMID:37938381,Computational_Science,913,no_lawful_text_retained,no_lawful_text_retained,
PMID:37845636,Computational_Science,914,author_request_only,author_request_only,
PMID:38041130,Computational_Science,915,open_route_named_pending_listing,,geo:GSE54129=anonymous_listing_with_sizes_within_caps; geo:GSE26942=anonymous_listing_with_sizes_within_caps
PMID:41252236,Computational_Science,916,no_lawful_text_retained,no_lawful_text_retained,
PMID:39674511,Computational_Science,917,open_route_named_pending_listing,size_unannounced,proteomexchange:PXD056661=some_or_all_files_without_announced_size
PMID:33026061,Computational_Science,918,no_lawful_text_retained,no_lawful_text_retained,
PMID:37850389,Computational_Science,919,no_lawful_text_retained,no_lawful_text_retained,
PMID:36399579,Computational_Science,920,application_required,application_required,
PMID:39581124,Computational_Science,921,no_lawful_text_retained,no_lawful_text_retained,
PMID:34922629,Computational_Science,922,supplement_only_unverified,supplement_only_unverified,
PMID:38116749,Computational_Science,923,no_lawful_text_retained,no_lawful_text_retained,
PMID:33196821,Computational_Science,924,no_lawful_text_retained,no_lawful_text_retained,
PMID:36466454,Computational_Science,925,no_deposit_named,no_deposit_named,
PMID:41422962,Computational_Science,926,no_lawful_text_retained,no_lawful_text_retained,
PMID:36433486,Computational_Science,927,application_required,application_required,
PMID:33256978,Computational_Science,928,no_lawful_text_retained,no_lawful_text_retained,
PMID:41178323,Computational_Science,929,no_deposit_named,no_deposit_named,
PMID:39616632,Computational_Science,930,no_lawful_text_retained,no_lawful_text_retained,
PMID:33080166,Computational_Science,931,no_lawful_text_retained,no_lawful_text_retained,
PMID:41188199,Computational_Science,932,author_request_only,author_request_only,
PMID:36211006,Computational_Science,933,author_request_only,author_request_only,
PMID:36115103,Computational_Science,934,no_lawful_text_retained,no_lawful_text_retained,
PMID:34647753,Computational_Science,935,no_lawful_text_retained,no_lawful_text_retained,
PMID:39765042,Computational_Science,936,no_lawful_text_retained,no_lawful_text_retained,
PMID:34823491,Computational_Science,937,open_route_named_pending_listing,,geo:GSE64306=anonymous_listing_with_sizes_within_caps; geo:GSE93798=anonymous_listing_with_sizes_within_caps; geo:GSE37460=anonymous_listing_with_sizes_within_caps
PMID:41436935,Computational_Science,938,author_request_only,author_request_only,
PMID:34891749,Computational_Science,939,no_lawful_text_retained,no_lawful_text_retained,
PMID:34698109,Computational_Science,940,open_route_named_pending_listing,,geo:GSE147571=anonymous_listing_with_sizes_within_caps; geo:GSE44076=anonymous_listing_with_sizes_within_caps
PMID:41405973,Computational_Science,941,no_deposit_named,no_deposit_named,
PMID:37872390,Computational_Science,942,author_request_only,author_request_only,
PMID:34661236,Computational_Science,943,no_lawful_text_retained,no_lawful_text_retained,
PMID:41360610,Computational_Science,944,author_request_only,author_request_only,
PMID:36335518,Computational_Science,945,no_lawful_text_retained,no_lawful_text_retained,
PMID:33322231,Computational_Science,946,no_deposit_named,no_deposit_named,
PMID:39589882,Computational_Science,947,no_deposit_named,no_deposit_named,
PMID:37966343,Computational_Science,948,no_lawful_text_retained,no_lawful_text_retained,
PMID:39472502,Computational_Science,949,open_route_named_pending_listing,,geo:GSE7305=anonymous_listing_with_sizes_within_caps; geo:GSE23339=anonymous_listing_with_sizes_within_caps; geo:GSE6364=anonymous_listing_with_sizes_within_caps; geo:GSE51981=anonymous_listing_with_sizes_within_caps
PMID:39705434,Computational_Science,950,author_request_only,author_request_only,
PMID:37839603,Computational_Science,951,no_lawful_text_retained,no_lawful_text_retained,
PMID:34915332,Computational_Science,952,no_deposit_named,no_deposit_named,
PMID:34737110,Computational_Science,953,no_lawful_text_retained,no_lawful_text_retained,
PMID:37714843,Computational_Science,954,open_route_named_pending_listing,code_only_deposit,zenodo:7274646=every_listed_file_is_implementation_material
PMID:37852143,Computational_Science,955,no_lawful_text_retained,no_lawful_text_retained,
PMID:40039689,Computational_Science,956,no_lawful_text_retained,no_lawful_text_retained,
PMID:36178892,Computational_Science,957,open_route_named_pending_listing,,geo:GSE79612=anonymous_listing_with_sizes_within_caps
PMID:34700051,Computational_Science,958,no_lawful_text_retained,no_lawful_text_retained,
PMID:32858174,Computational_Science,959,no_lawful_text_retained,no_lawful_text_retained,
PMID:41300809,Computational_Science,960,open_route_named_pending_listing,above_cap,bioproject:PRJEB50302=announced_sizes_exceed_amendment_caps; zenodo:15593739=announced_sizes_exceed_amendment_caps
PMID:39566494,Computational_Science,961,no_lawful_text_retained,no_lawful_text_retained,
PMID:36293685,Computational_Science,962,author_request_only,author_request_only,
PMID:35032889,Computational_Science,963,no_lawful_text_retained,no_lawful_text_retained,
PMID:36595946,Computational_Science,964,author_request_only,author_request_only,
PMID:38222432,Computational_Science,965,no_lawful_text_retained,no_lawful_text_retained,
PMID:39599788,Computational_Science,966,code_only_deposit,code_only_deposit,
PMID:36519204,Computational_Science,967,no_deposit_named,no_deposit_named,
PMID:39531992,Computational_Science,968,no_lawful_text_retained,no_lawful_text_retained,
PMID:41397029,Computational_Science,969,no_deposit_named,no_deposit_named,
PMID:34764992,Computational_Science,970,author_request_only,author_request_only,
PMID:40031450,Computational_Science,971,no_lawful_text_retained,no_lawful_text_retained,
PMID:34570190,Computational_Science,972,no_deposit_named,no_deposit_named,
PMID:38151972,Computational_Science,973,author_request_only,author_request_only,
PMID:37725837,Computational_Science,974,no_lawful_text_retained,no_lawful_text_retained,
PMID:36188015,Computational_Science,975,no_deposit_named,no_deposit_named,
PMID:37806535,Computational_Science,976,no_lawful_text_retained,no_lawful_text_retained,
PMID:34633404,Computational_Science,977,no_lawful_text_retained,no_lawful_text_retained,
PMID:41516009,Computational_Science,978,author_request_only,author_request_only,
PMID:36493776,Computational_Science,979,author_request_only,author_request_only,
PMID:36402991,Computational_Science,980,code_only_deposit,code_only_deposit,
PMID:39608866,Computational_Science,981,author_request_only,author_request_only,
PMID:33282942,Computational_Science,982,open_route_named_pending_listing,,geo:GSE111762=anonymous_listing_with_sizes_within_caps; geo:GSE27411=anonymous_listing_with_sizes_within_caps; geo:GSE116312=anonymous_listing_with_sizes_within_caps
PMID:33178258,Computational_Science,983,no_deposit_named,no_deposit_named,
PMID:34550716,Computational_Science,984,no_lawful_text_retained,no_lawful_text_retained,
PMID:41246103,Computational_Science,985,author_request_only,author_request_only,
PMID:33329940,Computational_Science,986,no_deposit_named,no_deposit_named,
PMID:36424324,Computational_Science,987,no_lawful_text_retained,no_lawful_text_retained,
PMID:32908941,Computational_Science,988,no_deposit_named,no_deposit_named,
PMID:41606838,Computational_Science,989,no_lawful_text_retained,no_lawful_text_retained,
PMID:33396553,Computational_Science,990,no_deposit_named,no_deposit_named,
PMID:38096007,Computational_Science,991,no_deposit_named,no_deposit_named,
PMID:37833131,Computational_Science,992,no_lawful_text_retained,no_lawful_text_retained,
PMID:34669695,Computational_Science,993,open_route_named_pending_listing,,bioproject:PRJEB1934=anonymous_listing_with_sizes_within_caps; sra_study:ERP002614=anonymous_listing_with_sizes_within_caps
PMID:36299799,Computational_Science,994,no_deposit_named,no_deposit_named,
PMID:34668287,Computational_Science,995,no_deposit_named,no_deposit_named,
PMID:34876644,Computational_Science,996,author_request_only,author_request_only,
PMID:39550405,Computational_Science,997,code_only_deposit,code_only_deposit,
PMID:41370726,Computational_Science,998,no_lawful_text_retained,no_lawful_text_retained,
PMID:40040188,Computational_Science,999,no_lawful_text_retained,no_lawful_text_retained,
PMID:38113718,Computational_Science,1000,no_lawful_text_retained,no_lawful_text_retained,
PMID:39442446,Computational_Science,1001,no_lawful_text_retained,no_lawful_text_retained,
PMID:41677189,Computational_Science,1002,open_route_named_pending_listing,,geo:GSE72759=anonymous_listing_with_sizes_within_caps; geo:GSE273569=anonymous_listing_with_sizes_within_caps
PMID:33172898,Computational_Science,1003,no_lawful_text_retained,no_lawful_text_retained,
PMID:37916788,Computational_Science,1004,no_lawful_text_retained,no_lawful_text_retained,
PMID:33319712,Computational_Science,1005,open_route_named_pending_listing,,zenodo:2605329=anonymous_listing_with_sizes_within_caps
PMID:36241759,Computational_Science,1006,author_request_only,author_request_only,
PMID:41366002,Computational_Science,1007,code_only_deposit,code_only_deposit,
PMID:34641006,Computational_Science,1008,no_deposit_named,no_deposit_named,
PMID:41347669,Computational_Science,1009,no_deposit_named,no_deposit_named,
PMID:37934374,Computational_Science,1010,supplement_only_unverified,supplement_only_unverified,
PMID:39739001,Computational_Science,1011,author_request_only,author_request_only,
PMID:39645274,Computational_Science,1012,no_deposit_named,no_deposit_named,
PMID:34770341,Computational_Science,1013,no_deposit_named,no_deposit_named,
PMID:36468705,Computational_Science,1014,no_lawful_text_retained,no_lawful_text_retained,
PMID:39480880,Computational_Science,1015,open_route_named_pending_listing,above_cap,zenodo:13712245=announced_sizes_exceed_amendment_caps; bioproject:PRJNA549794=announced_sizes_exceed_amendment_caps
PMID:37886891,Computational_Science,1016,no_lawful_text_retained,no_lawful_text_retained,
PMID:36153311,Computational_Science,1017,open_route_named_pending_listing,,geo:GSE182323=anonymous_listing_with_sizes_within_caps
PMID:39625382,Computational_Science,1018,code_only_deposit,code_only_deposit,
PMID:33234152,Computational_Science,1019,open_route_named_pending_listing,,geo:GSE37558=anonymous_listing_with_sizes_within_caps
PMID:37879141,Computational_Science,1020,no_lawful_text_retained,no_lawful_text_retained,
PMID:32978618,Computational_Science,1021,no_lawful_text_retained,no_lawful_text_retained,
PMID:36307243,Computational_Science,1022,no_lawful_text_retained,no_lawful_text_retained,
PMID:37695632,Computational_Science,1023,no_lawful_text_retained,no_lawful_text_retained,
PMID:34960425,Computational_Science,1024,supplement_only_unverified,supplement_only_unverified,
PMID:37852252,Computational_Science,1025,open_route_named_pending_listing,size_unannounced,proteomexchange:PXD040308=some_or_all_files_without_announced_size; proteomexchange:PXD040309=some_or_all_files_without_announced_size; proteomexchange:PXD043906=some_or_all_files_without_announced_size; proteomexchange:PXD043692=some_or_all_files_without_announced_size
PMID:36210969,Computational_Science,1026,author_request_only,author_request_only,
PMID:39540287,Computational_Science,1027,open_route_named_pending_listing,,zenodo:4905618=anonymous_listing_with_sizes_within_caps; zenodo:4916206=announced_sizes_exceed_amendment_caps
PMID:32925944,Computational_Science,1028,open_route_named_pending_listing,,figshare:12578645=anonymous_listing_with_sizes_within_caps
PMID:33298574,Computational_Science,1029,open_route_named_pending_listing,above_cap,sra_study:SRP242320=announced_sizes_exceed_amendment_caps
PMID:38133626,Computational_Science,1030,no_lawful_text_retained,no_lawful_text_retained,
PMID:39601611,Computational_Science,1031,no_lawful_text_retained,no_lawful_text_retained,
PMID:33277843,Computational_Science,1032,no_lawful_text_retained,no_lawful_text_retained,
PMID:33372243,Computational_Science,1033,code_only_deposit,code_only_deposit,
PMID:34640810,Computational_Science,1034,author_request_only,author_request_only,
PMID:34696081,Computational_Science,1035,code_only_deposit,code_only_deposit,
PMID:33447023,Computational_Science,1036,open_route_named_pending_listing,code_only_deposit,zenodo:4001461=every_listed_file_is_implementation_material
PMID:39539103,Computational_Science,1037,author_request_only,author_request_only,
PMID:34171942,Computational_Science,1038,no_deposit_named,no_deposit_named,
PMID:33186373,Computational_Science,1039,no_deposit_named,no_deposit_named,
PMID:36170024,Computational_Science,1040,no_deposit_named,no_deposit_named,
PMID:39746248,Computational_Science,1041,no_lawful_text_retained,no_lawful_text_retained,
PMID:38083417,Computational_Science,1042,no_lawful_text_retained,no_lawful_text_retained,
PMID:39614484,Computational_Science,1043,no_lawful_text_retained,no_lawful_text_retained,
PMID:33160637,Computational_Science,1044,no_lawful_text_retained,no_lawful_text_retained,
PMID:32864883,Computational_Science,1045,no_lawful_text_retained,no_lawful_text_retained,
PMID:41380889,Computational_Science,1046,no_lawful_text_retained,no_lawful_text_retained,
PMID:34995955,Computational_Science,1047,no_lawful_text_retained,no_lawful_text_retained,
PMID:33050091,Computational_Science,1048,no_deposit_named,no_deposit_named,
PMID:33099047,Computational_Science,1049,no_lawful_text_retained,no_lawful_text_retained,
PMID:33284814,Computational_Science,1050,no_deposit_named,no_deposit_named,
PMID:39681264,Computational_Science,1051,no_lawful_text_retained,no_lawful_text_retained,
PMID:34715288,Computational_Science,1052,no_lawful_text_retained,no_lawful_text_retained,
PMID:41291409,Computational_Science,1053,code_only_deposit,code_only_deposit,
PMID:36206463,Computational_Science,1054,no_lawful_text_retained,no_lawful_text_retained,
PMID:39495321,Computational_Science,1055,no_lawful_text_retained,no_lawful_text_retained,
PMID:32979594,Computational_Science,1056,no_lawful_text_retained,no_lawful_text_retained,
PMID:34735500,Computational_Science,1057,open_route_named_pending_listing,above_cap,bioproject:PRJNA730911=announced_sizes_exceed_amendment_caps
PMID:34818691,Computational_Science,1058,supplement_only_unverified,supplement_only_unverified,
PMID:39601322,Computational_Science,1059,author_request_only,author_request_only,
PMID:38132120,Computational_Science,1060,no_deposit_named,no_deposit_named,
PMID:39645171,Computational_Science,1061,no_lawful_text_retained,no_lawful_text_retained,
PMID:39709770,Computational_Science,1062,open_route_named_pending_listing,,zenodo:14167359=anonymous_listing_with_sizes_within_caps; arrayexpress:E-MTAB-14038=some_or_all_files_without_announced_size
PMID:33239043,Computational_Science,1063,supplement_only_unverified,supplement_only_unverified,
PMID:40039160,Computational_Science,1064,no_lawful_text_retained,no_lawful_text_retained,
PMID:39591862,Computational_Science,1065,no_lawful_text_retained,no_lawful_text_retained,
PMID:38008039,Computational_Science,1066,no_lawful_text_retained,no_lawful_text_retained,
PMID:41413417,Computational_Science,1067,supplement_only_unverified,supplement_only_unverified,
PMID:34891856,Computational_Science,1068,no_lawful_text_retained,no_lawful_text_retained,
PMID:38117790,Computational_Science,1069,code_only_deposit,code_only_deposit,
PMID:37934082,Computational_Science,1070,supplement_only_unverified,supplement_only_unverified,
PMID:38039686,Computational_Science,1071,no_lawful_text_retained,no_lawful_text_retained,
PMID:41236062,Computational_Science,1072,no_lawful_text_retained,no_lawful_text_retained,
PMID:33041226,Computational_Science,1073,no_lawful_text_retained,no_lawful_text_retained,
PMID:37850500,Computational_Science,1074,no_lawful_text_retained,no_lawful_text_retained,
PMID:35308976,Computational_Science,1075,no_lawful_text_retained,no_lawful_text_retained,
PMID:36610127,Computational_Science,1076,no_lawful_text_retained,no_lawful_text_retained,
PMID:40040100,Computational_Science,1077,no_lawful_text_retained,no_lawful_text_retained,
PMID:37722394,Computational_Science,1078,no_lawful_text_retained,no_lawful_text_retained,
PMID:41254123,Computational_Science,1079,open_route_named_pending_listing,above_cap,bioproject:PRJEB67507=announced_sizes_exceed_amendment_caps; bioproject:PRJEB67519=announced_sizes_exceed_amendment_caps
PMID:36292671,Computational_Science,1080,no_deposit_named,no_deposit_named,
PMID:34893994,Computational_Science,1081,no_lawful_text_retained,no_lawful_text_retained,
PMID:40144343,Computational_Science,1082,no_lawful_text_retained,no_lawful_text_retained,
PMID:36108636,Computational_Science,1083,no_lawful_text_retained,no_lawful_text_retained,
PMID:39702242,Computational_Science,1084,code_only_deposit,code_only_deposit,
PMID:41386015,Computational_Science,1085,no_lawful_text_retained,no_lawful_text_retained,
PMID:37941229,Computational_Science,1086,no_lawful_text_retained,no_lawful_text_retained,
PMID:34662269,Computational_Science,1087,no_lawful_text_retained,no_lawful_text_retained,
PMID:34822585,Computational_Science,1088,no_deposit_named,no_deposit_named,
PMID:39642367,Computational_Science,1089,no_lawful_text_retained,no_lawful_text_retained,
PMID:33018994,Computational_Science,1090,no_lawful_text_retained,no_lawful_text_retained,
PMID:34860007,Computational_Science,1091,open_route_named_pending_listing,,zenodo:4944568=anonymous_listing_with_sizes_within_caps
PMID:37920050,Computational_Science,1092,no_lawful_text_retained,no_lawful_text_retained,
PMID:41337128,Computational_Science,1093,no_lawful_text_retained,no_lawful_text_retained,
PMID:36650761,Computational_Science,1094,no_lawful_text_retained,no_lawful_text_retained,
PMID:41407026,Computational_Science,1095,no_lawful_text_retained,no_lawful_text_retained,
PMID:37724961,Computational_Science,1096,no_lawful_text_retained,no_lawful_text_retained,
PMID:36113320,Computational_Science,1097,no_lawful_text_retained,no_lawful_text_retained,
PMID:37985892,Computational_Science,1098,author_request_only,author_request_only,
PMID:39611246,Computational_Science,1099,open_route_named_pending_listing,,dryad:0k6djhb96=anonymous_listing_with_sizes_within_caps
PMID:33018028,Computational_Science,1100,no_lawful_text_retained,no_lawful_text_retained,
PMID:35113398,Computational_Science,1101,no_lawful_text_retained,no_lawful_text_retained,
PMID:33334851,Computational_Science,1102,no_lawful_text_retained,no_lawful_text_retained,
PMID:36192349,Computational_Science,1103,no_lawful_text_retained,no_lawful_text_retained,
PMID:39675092,Computational_Science,1104,no_deposit_named,no_deposit_named,
PMID:34890404,Computational_Science,1105,no_deposit_named,no_deposit_named,
PMID:38013503,Computational_Science,1106,no_deposit_named,no_deposit_named,
PMID:33335123,Computational_Science,1107,supplement_only_unverified,supplement_only_unverified,
PMID:40199653,Computational_Science,1108,no_lawful_text_retained,no_lawful_text_retained,
PMID:37715145,Computational_Science,1109,open_route_named_pending_listing,above_cap,bioproject:PRJNA936440=announced_sizes_exceed_amendment_caps
PMID:33080244,Computational_Science,1110,no_lawful_text_retained,no_lawful_text_retained,
PMID:40970218,Computational_Science,1111,code_only_deposit,code_only_deposit,
PMID:38078888,Computational_Science,1112,open_route_named_pending_listing,,geo:GSE118828=anonymous_listing_with_sizes_within_caps; geo:GSE139555=announced_sizes_exceed_amendment_caps; geo:GSE168652=anonymous_listing_with_sizes_within_caps
PMID:34555284,Computational_Science,1113,no_lawful_text_retained,no_lawful_text_retained,
PMID:36150196,Computational_Science,1114,no_lawful_text_retained,no_lawful_text_retained,
PMID:39469763,Computational_Science,1115,no_lawful_text_retained,no_lawful_text_retained,
PMID:39527879,Computational_Science,1116,no_lawful_text_retained,no_lawful_text_retained,
PMID:41309722,Computational_Science,1117,author_request_only,author_request_only,
PMID:34865553,Computational_Science,1118,no_lawful_text_retained,no_lawful_text_retained,
PMID:41296228,Computational_Science,1119,open_route_named_pending_listing,no_deposit_named,osf:grh4b=identifier_is_a_preprint_not_a_data_deposit
PMID:39578597,Computational_Science,1120,supplement_only_unverified,supplement_only_unverified,
PMID:36261459,Computational_Science,1121,supplement_only_unverified,supplement_only_unverified,
PMID:36616639,Computational_Science,1122,no_deposit_named,no_deposit_named,
PMID:37812562,Computational_Science,1123,no_lawful_text_retained,no_lawful_text_retained,
PMID:39456887,Computational_Science,1124,open_route_named_pending_listing,,geo:GSE47460=anonymous_listing_with_sizes_within_caps; geo:GSE76925=anonymous_listing_with_sizes_within_caps
PMID:34769455,Computational_Science,1125,open_route_named_pending_listing,,geo:GSE91061=anonymous_listing_with_sizes_within_caps; geo:GSE54467=anonymous_listing_with_sizes_within_caps; geo:GSE19234=anonymous_listing_with_sizes_within_caps; geo:GSE19293=anonymous_listing_with_sizes_within_caps
PMID:33106540,Computational_Science,1126,author_request_only,author_request_only,
PMID:36560057,Computational_Science,1127,no_deposit_named,no_deposit_named,
PMID:41512514,Computational_Science,1128,no_lawful_text_retained,no_lawful_text_retained,
PMID:37796950,Computational_Science,1129,code_only_deposit,code_only_deposit,
PMID:39736412,Computational_Science,1130,no_lawful_text_retained,no_lawful_text_retained,
PMID:32940070,Computational_Science,1131,no_lawful_text_retained,no_lawful_text_retained,
PMID:36399471,Computational_Science,1132,open_route_named_pending_listing,,geo:GSE133768=anonymous_listing_with_sizes_within_caps
PMID:33246085,Computational_Science,1133,no_lawful_text_retained,no_lawful_text_retained,
PMID:39715250,Computational_Science,1134,open_route_named_pending_listing,,figshare:27282459=anonymous_listing_with_sizes_within_caps
PMID:39701982,Computational_Science,1135,open_route_named_pending_listing,size_unannounced,proteomexchange:PXD053162=some_or_all_files_without_announced_size
PMID:39541190,Computational_Science,1136,application_required,application_required,
PMID:33377090,Computational_Science,1137,open_route_named_pending_listing,above_cap,osf:f85ve=announced_sizes_exceed_amendment_caps
PMID:39721441,Computational_Science,1138,no_lawful_text_retained,no_lawful_text_retained,
PMID:34614234,Computational_Science,1139,no_lawful_text_retained,no_lawful_text_retained,
PMID:41474709,Computational_Science,1140,no_deposit_named,no_deposit_named,
PMID:41294019,Computational_Science,1141,application_required,application_required,
PMID:34550750,Computational_Science,1142,no_lawful_text_retained,no_lawful_text_retained,
PMID:34871936,Computational_Science,1143,no_lawful_text_retained,no_lawful_text_retained,
PMID:34821264,Computational_Science,1144,no_lawful_text_retained,no_lawful_text_retained,
PMID:39648748,Computational_Science,1145,no_deposit_named,no_deposit_named,
PMID:37949909,Computational_Science,1146,author_request_only,author_request_only,
PMID:37991919,Computational_Science,1147,open_route_named_pending_listing,,geo:GSE241893=announced_sizes_exceed_amendment_caps; proteomexchange:PXD034648=some_or_all_files_without_announced_size; zenodo:10035716=every_listed_file_is_implementation_material; geo:GSE147507=anonymous_listing_with_sizes_within_caps
PMID:36178391,Computational_Science,1148,no_lawful_text_retained,no_lawful_text_retained,
PMID:34600518,Computational_Science,1149,supplement_only_unverified,supplement_only_unverified,
PMID:34538753,Computational_Science,1150,no_lawful_text_retained,no_lawful_text_retained,
PMID:39695183,Computational_Science,1151,supplement_only_unverified,supplement_only_unverified,
PMID:32933610,Computational_Science,1152,no_lawful_text_retained,no_lawful_text_retained,
PMID:34891923,Computational_Science,1153,no_lawful_text_retained,no_lawful_text_retained,
PMID:38082257,Computational_Science,1154,open_route_named_pending_listing,,bioproject:PRJNA1005288=anonymous_listing_with_sizes_within_caps
PMID:34723982,Computational_Science,1155,no_deposit_named,no_deposit_named,
PMID:36502073,Computational_Science,1156,code_only_deposit,code_only_deposit,
PMID:32858281,Computational_Science,1157,no_lawful_text_retained,no_lawful_text_retained,
PMID:34552625,Computational_Science,1158,author_request_only,author_request_only,
PMID:41231304,Computational_Science,1159,code_only_deposit,code_only_deposit,
PMID:34755359,Computational_Science,1160,no_lawful_text_retained,no_lawful_text_retained,
PMID:36240756,Computational_Science,1161,author_request_only,author_request_only,
PMID:41274512,Computational_Science,1162,no_lawful_text_retained,no_lawful_text_retained,
PMID:36483152,Computational_Science,1163,author_request_only,author_request_only,
PMID:41289573,Computational_Science,1164,code_only_deposit,code_only_deposit,
PMID:38007922,Computational_Science,1165,no_lawful_text_retained,no_lawful_text_retained,
PMID:34628509,Computational_Science,1166,no_lawful_text_retained,no_lawful_text_retained,
PMID:34950222,Computational_Science,1167,no_deposit_named,no_deposit_named,
PMID:34745243,Computational_Science,1168,author_request_only,author_request_only,
PMID:33281020,Computational_Science,1169,no_lawful_text_retained,no_lawful_text_retained,
PMID:36482039,Computational_Science,1170,no_lawful_text_retained,no_lawful_text_retained,
PMID:34801449,Computational_Science,1171,no_lawful_text_retained,no_lawful_text_retained,
PMID:36560112,Computational_Science,1172,code_only_deposit,code_only_deposit,
PMID:34890783,Computational_Science,1173,no_lawful_text_retained,no_lawful_text_retained,
PMID:33008837,Computational_Science,1174,no_deposit_named,no_deposit_named,
PMID:34920160,Computational_Science,1175,no_lawful_text_retained,no_lawful_text_retained,
PMID:38105323,Computational_Science,1176,no_lawful_text_retained,no_lawful_text_retained,
PMID:38114849,Computational_Science,1177,no_lawful_text_retained,no_lawful_text_retained,
PMID:39551020,Computational_Science,1178,no_lawful_text_retained,no_lawful_text_retained,
PMID:34546186,Computational_Science,1179,no_lawful_text_retained,no_lawful_text_retained,
PMID:34716970,Computational_Science,1180,no_lawful_text_retained,no_lawful_text_retained,
PMID:34873497,Computational_Science,1181,no_deposit_named,no_deposit_named,
PMID:39471577,Computational_Science,1182,no_lawful_text_retained,no_lawful_text_retained,
PMID:36438300,Computational_Science,1183,supplement_only_unverified,supplement_only_unverified,
PMID:32972508,Computational_Science,1184,no_lawful_text_retained,no_lawful_text_retained,
PMID:34879062,Computational_Science,1185,code_only_deposit,code_only_deposit,
PMID:41261574,Computational_Science,1186,author_request_only,author_request_only,
PMID:36256632,Computational_Science,1187,code_only_deposit,code_only_deposit,
PMID:39526389,Computational_Science,1188,no_lawful_text_retained,no_lawful_text_retained,
PMID:38070444,Computational_Science,1189,no_lawful_text_retained,no_lawful_text_retained,
PMID:34801942,Computational_Science,1190,no_lawful_text_retained,no_lawful_text_retained,
PMID:39503930,Computational_Science,1191,no_lawful_text_retained,no_lawful_text_retained,
PMID:37985006,Computational_Science,1192,no_lawful_text_retained,no_lawful_text_retained,
PMID:36383330,Computational_Science,1193,no_lawful_text_retained,no_lawful_text_retained,
PMID:34639657,Computational_Science,1194,no_deposit_named,no_deposit_named,
PMID:32969639,Computational_Science,1195,no_lawful_text_retained,no_lawful_text_retained,
PMID:37735243,Computational_Science,1196,author_request_only,author_request_only,
PMID:37948122,Computational_Science,1197,author_request_only,author_request_only,
PMID:34867780,Computational_Science,1198,open_route_named_pending_listing,above_cap,bioproject:PRJNA767615=announced_sizes_exceed_amendment_caps
PMID:41248102,Computational_Science,1199,no_lawful_text_retained,no_lawful_text_retained,
PMID:37796005,Computational_Science,1200,code_only_deposit,code_only_deposit,
PMID:33202738,Computational_Science,1201,no_deposit_named,no_deposit_named,
PMID:36327887,Computational_Science,1202,no_deposit_named,no_deposit_named,
PMID:34933088,Computational_Science,1203,no_lawful_text_retained,no_lawful_text_retained,
PMID:33161978,Computational_Science,1204,no_lawful_text_retained,no_lawful_text_retained,
PMID:41474009,Computational_Science,1205,no_lawful_text_retained,no_lawful_text_retained,
PMID:33132179,Computational_Science,1206,no_lawful_text_retained,no_lawful_text_retained,
PMID:33098927,Computational_Science,1207,no_lawful_text_retained,no_lawful_text_retained,
PMID:41469386,Computational_Science,1208,open_route_named_pending_listing,,geo:GSE36552=announced_sizes_exceed_amendment_caps; geo:GSE83139=anonymous_listing_with_sizes_within_caps; geo:GSE67835=anonymous_listing_with_sizes_within_caps; geo:GSE59739=anonymous_listing_with_sizes_within_caps
PMID:33132111,Computational_Science,1209,open_route_named_pending_listing,listing_unavailable,mendeley:m4zdf3mg8c.1=listing_not_machine_readable
PMID:38114836,Computational_Science,1210,no_lawful_text_retained,no_lawful_text_retained,
PMID:38001148,Computational_Science,1211,author_request_only,author_request_only,
PMID:33029104,Computational_Science,1212,author_request_only,author_request_only,
PMID:34654863,Computational_Science,1213,code_only_deposit,code_only_deposit,
PMID:37971715,Computational_Science,1214,no_lawful_text_retained,no_lawful_text_retained,
PMID:32971353,Computational_Science,1215,no_lawful_text_retained,no_lawful_text_retained,
PMID:39612131,Computational_Science,1216,no_lawful_text_retained,no_lawful_text_retained,
PMID:32925947,Computational_Science,1217,open_route_named_pending_listing,,geo:GSE143145=anonymous_listing_with_sizes_within_caps
PMID:36456532,Computational_Science,1218,code_only_deposit,code_only_deposit,
PMID:33382788,Computational_Science,1219,no_deposit_named,no_deposit_named,
PMID:41307664,Computational_Science,1220,code_only_deposit,code_only_deposit,
PMID:36466892,Computational_Science,1221,open_route_named_pending_listing,size_unannounced,proteomexchange:PXD029144=some_or_all_files_without_announced_size
PMID:34594371,Computational_Science,1222,author_request_only,author_request_only,
PMID:34662875,Computational_Science,1223,no_lawful_text_retained,no_lawful_text_retained,
PMID:39500918,Computational_Science,1224,open_route_named_pending_listing,,bioproject:PRJNA862735=anonymous_listing_with_sizes_within_caps
PMID:33396255,Computational_Science,1225,no_deposit_named,no_deposit_named,
PMID:39515439,Computational_Science,1226,no_lawful_text_retained,no_lawful_text_retained,
PMID:34597667,Computational_Science,1227,open_route_named_pending_listing,code_only_deposit,zenodo:5226360=every_listed_file_is_implementation_material
PMID:37976638,Computational_Science,1228,no_lawful_text_retained,no_lawful_text_retained,
PMID:33054160,Computational_Science,1229,no_lawful_text_retained,no_lawful_text_retained,
PMID:33018207,Computational_Science,1230,no_lawful_text_retained,no_lawful_text_retained,
PMID:33008388,Computational_Science,1231,supplement_only_unverified,supplement_only_unverified,
PMID:33369389,Computational_Science,1232,no_lawful_text_retained,no_lawful_text_retained,
PMID:36449390,Computational_Science,1233,open_route_named_pending_listing,size_unannounced,proteomexchange:PXD036786=some_or_all_files_without_announced_size; mendeley:nwjcn4fy87.1=listing_not_machine_readable
PMID:36513750,Computational_Science,1234,supplement_only_unverified,supplement_only_unverified,
PMID:38083862,Computational_Science,1235,open_route_named_pending_listing,above_cap,zenodo:3854034=announced_sizes_exceed_amendment_caps
PMID:41397970,Computational_Science,1236,open_route_named_pending_listing,,geo:GSE104276=anonymous_listing_with_sizes_within_caps; zenodo:17336118=every_listed_file_is_implementation_material
PMID:37943960,Computational_Science,1237,no_deposit_named,no_deposit_named,
PMID:38031465,Computational_Science,1238,no_lawful_text_retained,no_lawful_text_retained,
PMID:32902283,Computational_Science,1239,no_lawful_text_retained,no_lawful_text_retained,
PMID:34719074,Computational_Science,1240,no_lawful_text_retained,no_lawful_text_retained,
PMID:36480517,Computational_Science,1241,no_deposit_named,no_deposit_named,
PMID:39486386,Computational_Science,1242,no_lawful_text_retained,no_lawful_text_retained,
PMID:36600943,Computational_Science,1243,supplement_only_unverified,supplement_only_unverified,
PMID:36463675,Computational_Science,1244,no_deposit_named,no_deposit_named,
PMID:36243292,Computational_Science,1245,no_lawful_text_retained,no_lawful_text_retained,
PMID:39592335,Computational_Science,1246,no_lawful_text_retained,no_lawful_text_retained,
PMID:36560070,Computational_Science,1247,no_deposit_named,no_deposit_named,
PMID:39453040,Computational_Science,1248,no_deposit_named,no_deposit_named,
PMID:34775883,Computational_Science,1249,no_deposit_named,no_deposit_named,
PMID:36424268,Computational_Science,1250,no_lawful_text_retained,no_lawful_text_retained,
PMID:34875472,Computational_Science,1251,no_lawful_text_retained,no_lawful_text_retained,
PMID:37989944,Computational_Science,1252,no_lawful_text_retained,no_lawful_text_retained,
PMID:38083115,Computational_Science,1253,no_lawful_text_retained,no_lawful_text_retained,
PMID:34688602,Computational_Science,1254,no_lawful_text_retained,no_lawful_text_retained,
PMID:34908441,Computational_Science,1255,no_lawful_text_retained,no_lawful_text_retained,
PMID:33323109,Computational_Science,1256,supplement_only_unverified,supplement_only_unverified,
PMID:36587030,Computational_Science,1257,author_request_only,author_request_only,
PMID:41455180,Computational_Science,1258,no_lawful_text_retained,no_lawful_text_retained,
PMID:33137623,Computational_Science,1259,no_lawful_text_retained,no_lawful_text_retained,
PMID:34534793,Computational_Science,1260,no_lawful_text_retained,no_lawful_text_retained,
PMID:33114922,Computational_Science,1261,no_lawful_text_retained,no_lawful_text_retained,
PMID:36347526,Computational_Science,1262,no_lawful_text_retained,no_lawful_text_retained,
PMID:37959800,Computational_Science,1263,code_only_deposit,code_only_deposit,
PMID:36300566,Computational_Science,1264,no_lawful_text_retained,no_lawful_text_retained,
PMID:39963943,Computational_Science,1265,author_request_only,author_request_only,
PMID:34951588,Computational_Science,1266,open_route_named_pending_listing,,zenodo:5148058=anonymous_listing_with_sizes_within_caps
PMID:34989318,Computational_Science,1267,no_deposit_named,no_deposit_named,
PMID:37726692,Computational_Science,1268,open_route_named_pending_listing,above_cap,bioproject:PRJNA797957=announced_sizes_exceed_amendment_caps
PMID:39572578,Computational_Science,1269,open_route_named_pending_listing,,zenodo:14190138=anonymous_listing_with_sizes_within_caps
PMID:34833908,Computational_Science,1270,author_request_only,author_request_only,
PMID:34960594,Computational_Science,1271,no_deposit_named,no_deposit_named,
PMID:41435206,Computational_Science,1272,code_only_deposit,code_only_deposit,
PMID:39496109,Computational_Science,1273,code_only_deposit,code_only_deposit,
PMID:34772950,Computational_Science,1274,open_route_named_pending_listing,,geo:GSE109732=anonymous_listing_with_sizes_within_caps; geo:GSE82003=anonymous_listing_with_sizes_within_caps; geo:GSE80669=anonymous_listing_with_sizes_within_caps; geo:GSE62148=anonymous_listing_with_sizes_within_caps
PMID:40417515,Computational_Science,1275,no_lawful_text_retained,no_lawful_text_retained,
PMID:39687978,Computational_Science,1276,no_lawful_text_retained,no_lawful_text_retained,
PMID:40417490,Computational_Science,1277,no_lawful_text_retained,no_lawful_text_retained,
PMID:33301640,Computational_Science,1278,author_request_only,author_request_only,
PMID:41226396,Computational_Science,1279,no_deposit_named,no_deposit_named,
PMID:33196805,Computational_Science,1280,code_only_deposit,code_only_deposit,
PMID:41396387,Computational_Science,1281,no_lawful_text_retained,no_lawful_text_retained,
PMID:41192885,Computational_Science,1282,author_request_only,author_request_only,
PMID:34576133,Computational_Science,1283,no_deposit_named,no_deposit_named,
PMID:35058173,Computational_Science,1284,no_lawful_text_retained,no_lawful_text_retained,
PMID:33023763,Computational_Science,1285,no_lawful_text_retained,no_lawful_text_retained,
PMID:34782114,Computational_Science,1286,no_lawful_text_retained,no_lawful_text_retained,
PMID:38113682,Computational_Science,1287,no_lawful_text_retained,no_lawful_text_retained,
PMID:37837680,Computational_Science,1288,no_deposit_named,no_deposit_named,
PMID:34960470,Computational_Science,1289,code_only_deposit,code_only_deposit,
PMID:37988414,Computational_Science,1290,no_deposit_named,no_deposit_named,
PMID:33211660,Computational_Science,1291,no_lawful_text_retained,no_lawful_text_retained,
PMID:36256021,Computational_Science,1292,no_lawful_text_retained,no_lawful_text_retained,
PMID:34789213,Computational_Science,1293,supplement_only_unverified,supplement_only_unverified,
PMID:41254031,Computational_Science,1294,supplement_only_unverified,supplement_only_unverified,
PMID:36193309,Computational_Science,1295,no_deposit_named,no_deposit_named,
PMID:41366216,Computational_Science,1296,open_route_named_pending_listing,above_cap,zenodo:8357512=announced_sizes_exceed_amendment_caps
PMID:41342538,Computational_Science,1297,code_only_deposit,code_only_deposit,
PMID:33098972,Computational_Science,1298,no_lawful_text_retained,no_lawful_text_retained,
PMID:39489928,Computational_Science,1299,no_lawful_text_retained,no_lawful_text_retained,
PMID:39738185,Computational_Science,1300,supplement_only_unverified,supplement_only_unverified,
PMID:34708263,Computational_Science,1301,no_lawful_text_retained,no_lawful_text_retained,
PMID:39625636,Computational_Science,1302,no_lawful_text_retained,no_lawful_text_retained,
PMID:37864003,Computational_Science,1303,supplement_only_unverified,supplement_only_unverified,
PMID:39695973,Computational_Science,1304,author_request_only,author_request_only,
PMID:36279026,Computational_Science,1305,no_deposit_named,no_deposit_named,
PMID:33019057,Computational_Science,1306,no_lawful_text_retained,no_lawful_text_retained,
PMID:41465418,Computational_Science,1307,no_deposit_named,no_deposit_named,
PMID:34973521,Computational_Science,1308,no_lawful_text_retained,no_lawful_text_retained,
PMID:39671158,Computational_Science,1309,author_request_only,author_request_only,
PMID:39880376,Computational_Science,1310,code_only_deposit,code_only_deposit,
PMID:37906588,Computational_Science,1311,no_deposit_named,no_deposit_named,
PMID:37806121,Computational_Science,1312,no_lawful_text_retained,no_lawful_text_retained,
PMID:36616791,Computational_Science,1313,no_deposit_named,no_deposit_named,
PMID:41463338,Computational_Science,1314,open_route_named_pending_listing,,geo:GSE230161=anonymous_listing_with_sizes_within_caps
PMID:41401219,Computational_Science,1315,open_route_named_pending_listing,size_unannounced,osf:upn8t=some_or_all_files_without_announced_size
PMID:36509820,Computational_Science,1316,supplement_only_unverified,supplement_only_unverified,
PMID:33021404,Computational_Science,1317,no_lawful_text_retained,no_lawful_text_retained,
PMID:34615986,Computational_Science,1318,no_lawful_text_retained,no_lawful_text_retained,
PMID:39647413,Computational_Science,1319,no_lawful_text_retained,no_lawful_text_retained,
PMID:34837951,Computational_Science,1320,supplement_only_unverified,supplement_only_unverified,
PMID:41479305,Computational_Science,1321,no_lawful_text_retained,no_lawful_text_retained,
PMID:38031528,Computational_Science,1322,no_lawful_text_retained,no_lawful_text_retained,
PMID:35181088,Computational_Science,1323,no_lawful_text_retained,no_lawful_text_retained,
PMID:38065407,Computational_Science,1324,no_deposit_named,no_deposit_named,
PMID:36288751,Computational_Science,1325,no_lawful_text_retained,no_lawful_text_retained,
PMID:36451451,Computational_Science,1326,open_route_named_pending_listing,,geo:GSE160170=anonymous_listing_with_sizes_within_caps
PMID:34649307,Computational_Science,1327,no_deposit_named,no_deposit_named,
PMID:36370581,Computational_Science,1328,no_lawful_text_retained,no_lawful_text_retained,
PMID:36464540,Computational_Science,1329,no_lawful_text_retained,no_lawful_text_retained,
PMID:37686765,Computational_Science,1330,open_route_named_pending_listing,,geo:GSE236311=anonymous_listing_with_sizes_within_caps
PMID:36157454,Computational_Science,1331,code_only_deposit,code_only_deposit,
PMID:33235303,Computational_Science,1332,supplement_only_unverified,supplement_only_unverified,
PMID:36234923,Computational_Science,1333,no_deposit_named,no_deposit_named,
PMID:33243829,Computational_Science,1334,no_lawful_text_retained,no_lawful_text_retained,
PMID:34711610,Computational_Science,1335,open_route_named_pending_listing,above_cap,bioproject:PRJNA700673=announced_sizes_exceed_amendment_caps
PMID:32963697,Computational_Science,1336,author_request_only,author_request_only,
PMID:36483920,Computational_Science,1337,open_route_named_pending_listing,,geo:GSE11341=anonymous_listing_with_sizes_within_caps; geo:GSE160255=anonymous_listing_with_sizes_within_caps
PMID:41444601,Computational_Science,1338,application_required,application_required,
PMID:34940982,Computational_Science,1339,no_lawful_text_retained,no_lawful_text_retained,
PMID:39788802,Computational_Science,1340,no_lawful_text_retained,no_lawful_text_retained,
PMID:34825737,Computational_Science,1341,author_request_only,author_request_only,
PMID:40039364,Computational_Science,1342,no_lawful_text_retained,no_lawful_text_retained,
PMID:39707986,Computational_Science,1343,no_lawful_text_retained,no_lawful_text_retained,
PMID:34628059,Computational_Science,1344,no_deposit_named,no_deposit_named,
PMID:40039535,Computational_Science,1345,no_lawful_text_retained,no_lawful_text_retained,
PMID:40417578,Computational_Science,1346,no_lawful_text_retained,no_lawful_text_retained,
PMID:41402177,Computational_Science,1347,no_lawful_text_retained,no_lawful_text_retained,
PMID:34629149,Computational_Science,1348,no_lawful_text_retained,no_lawful_text_retained,
PMID:36375348,Computational_Science,1349,no_lawful_text_retained,no_lawful_text_retained,
PMID:36146166,Computational_Science,1350,no_deposit_named,no_deposit_named,
PMID:36606774,Computational_Science,1351,no_lawful_text_retained,no_lawful_text_retained,
PMID:36323790,Computational_Science,1352,open_route_named_pending_listing,,zenodo:7108601=anonymous_listing_with_sizes_within_caps
PMID:38139383,Computational_Science,1353,code_only_deposit,code_only_deposit,
PMID:35310781,Computational_Science,1354,supplement_only_unverified,supplement_only_unverified,
PMID:36556949,Computational_Science,1355,no_deposit_named,no_deposit_named,
PMID:37804743,Computational_Science,1356,no_lawful_text_retained,no_lawful_text_retained,
PMID:37973855,Computational_Science,1357,supplement_only_unverified,supplement_only_unverified,
PMID:34919541,Computational_Science,1358,no_deposit_named,no_deposit_named,
PMID:36469001,Computational_Science,1359,open_route_named_pending_listing,,zenodo:7115955=anonymous_listing_with_sizes_within_caps
PMID:39684422,Computational_Science,1360,author_request_only,author_request_only,
PMID:39618249,Computational_Science,1361,no_lawful_text_retained,no_lawful_text_retained,
PMID:34930391,Computational_Science,1362,author_request_only,author_request_only,
PMID:33018193,Computational_Science,1363,no_lawful_text_retained,no_lawful_text_retained,
PMID:35185790,Computational_Science,1364,open_route_named_pending_listing,size_unannounced,proteomexchange:PXD027577=some_or_all_files_without_announced_size
PMID:33067206,Computational_Science,1365,no_lawful_text_retained,no_lawful_text_retained,
PMID:37879938,Computational_Science,1366,open_route_named_pending_listing,,figshare:21968813=anonymous_listing_with_sizes_within_caps; bioproject:PRJNA153427=announced_sizes_exceed_amendment_caps; bioproject:PRJNA277181=announced_sizes_exceed_amendment_caps; bioproject:PRJEB11202=announced_sizes_exceed_amendment_caps
PMID:39633397,Computational_Science,1367,author_request_only,author_request_only,
PMID:36441222,Computational_Science,1368,application_required,application_required,
PMID:33173039,Computational_Science,1369,code_only_deposit,code_only_deposit,
PMID:39522133,Computational_Science,1370,no_lawful_text_retained,no_lawful_text_retained,
PMID:38006936,Computational_Science,1371,no_lawful_text_retained,no_lawful_text_retained,
PMID:39589867,Computational_Science,1372,no_lawful_text_retained,no_lawful_text_retained,
PMID:36301812,Computational_Science,1373,no_lawful_text_retained,no_lawful_text_retained,
PMID:37863028,Computational_Science,1374,no_lawful_text_retained,no_lawful_text_retained,
PMID:33335258,Computational_Science,1375,code_only_deposit,code_only_deposit,
PMID:41270101,Computational_Science,1376,no_deposit_named,no_deposit_named,
PMID:36577766,Computational_Science,1377,author_request_only,author_request_only,
PMID:41272439,Computational_Science,1378,open_route_named_pending_listing,size_unannounced,metabolights:MTBLS3091=some_or_all_files_without_announced_size
PMID:37989601,Computational_Science,1379,open_route_named_pending_listing,,bioproject:PRJNA862953=announced_sizes_exceed_amendment_caps; bioproject:PRJNA884377=announced_sizes_exceed_amendment_caps; dryad:5qfttdzcf=anonymous_listing_with_sizes_within_caps; bioproject:PRJNA884372=listing_empty
PMID:33396408,Computational_Science,1380,open_route_named_pending_listing,,geo:GSE163036=anonymous_listing_with_sizes_within_caps; geo:GSE163038=anonymous_listing_with_sizes_within_caps; geo:GSE163037=anonymous_listing_with_sizes_within_caps
PMID:33064740,Computational_Science,1381,author_request_only,author_request_only,
PMID:36116036,Computational_Science,1382,no_lawful_text_retained,no_lawful_text_retained,
PMID:36596158,Computational_Science,1383,no_lawful_text_retained,no_lawful_text_retained,
PMID:36376785,Computational_Science,1384,code_only_deposit,code_only_deposit,
PMID:36592848,Computational_Science,1385,no_lawful_text_retained,no_lawful_text_retained,
PMID:36179481,Computational_Science,1386,no_lawful_text_retained,no_lawful_text_retained,
PMID:40039642,Computational_Science,1387,no_lawful_text_retained,no_lawful_text_retained,
PMID:41690862,Computational_Science,1388,no_lawful_text_retained,no_lawful_text_retained,
PMID:36142566,Computational_Science,1389,no_deposit_named,no_deposit_named,
PMID:34764188,Computational_Science,1390,code_only_deposit,code_only_deposit,
PMID:41318741,Computational_Science,1391,author_request_only,author_request_only,
PMID:40039958,Computational_Science,1392,no_lawful_text_retained,no_lawful_text_retained,
PMID:34954417,Computational_Science,1393,no_lawful_text_retained,no_lawful_text_retained,
PMID:38048423,Computational_Science,1394,open_route_named_pending_listing,size_unannounced,proteomexchange:PXD041762=some_or_all_files_without_announced_size; proteomexchange:PXD029437=some_or_all_files_without_announced_size
PMID:34727162,Computational_Science,1395,no_deposit_named,no_deposit_named,
PMID:41419784,Computational_Science,1396,open_route_named_pending_listing,listing_unavailable,zenodo:10445881=listing_empty
PMID:39481159,Computational_Science,1397,no_lawful_text_retained,no_lawful_text_retained,
PMID:34777570,Computational_Science,1398,no_deposit_named,no_deposit_named,
PMID:39768870,Computational_Science,1399,author_request_only,author_request_only,
PMID:41392172,Computational_Science,1400,author_request_only,author_request_only,
PMID:33046713,Computational_Science,1401,supplement_only_unverified,supplement_only_unverified,
PMID:41386532,Computational_Science,1402,no_lawful_text_retained,no_lawful_text_retained,
PMID:38037300,Computational_Science,1403,no_lawful_text_retained,no_lawful_text_retained,
PMID:39476192,Computational_Science,1404,supplement_only_unverified,supplement_only_unverified,
PMID:41382306,Computational_Science,1405,author_request_only,author_request_only,
PMID:34818072,Computational_Science,1406,no_lawful_text_retained,no_lawful_text_retained,
PMID:36496076,Computational_Science,1407,no_deposit_named,no_deposit_named,
PMID:37727067,Computational_Science,1408,no_lawful_text_retained,no_lawful_text_retained,
PMID:37793703,Computational_Science,1409,author_request_only,author_request_only,
PMID:36333672,Computational_Science,1410,author_request_only,author_request_only,
PMID:37986036,Computational_Science,1411,supplement_only_unverified,supplement_only_unverified,
PMID:38950848,Environmental_Earth,1,no_lawful_text_retained,no_lawful_text_retained,
PMID:40482329,Environmental_Earth,2,no_lawful_text_retained,no_lawful_text_retained,
PMID:35122167,Environmental_Earth,3,no_lawful_text_retained,no_lawful_text_retained,
PMID:41224038,Environmental_Earth,4,no_lawful_text_retained,no_lawful_text_retained,
PMID:32091631,Environmental_Earth,5,no_lawful_text_retained,no_lawful_text_retained,
PMID:34748839,Environmental_Earth,6,no_lawful_text_retained,no_lawful_text_retained,
PMID:33979923,Environmental_Earth,7,no_lawful_text_retained,no_lawful_text_retained,
PMID:35244499,Environmental_Earth,8,no_lawful_text_retained,no_lawful_text_retained,
PMID:39472468,Environmental_Earth,9,author_request_only,author_request_only,
PMID:41028292,Environmental_Earth,10,no_lawful_text_retained,no_lawful_text_retained,
PMID:35564881,Environmental_Earth,11,author_request_only,author_request_only,
PMID:40403776,Environmental_Earth,12,no_lawful_text_retained,no_lawful_text_retained,
PMID:35294176,Environmental_Earth,13,no_lawful_text_retained,no_lawful_text_retained,
PMID:35874892,Environmental_Earth,14,author_request_only,author_request_only,
PMID:36966928,Environmental_Earth,15,no_lawful_text_retained,no_lawful_text_retained,
PMID:39731536,Environmental_Earth,16,no_lawful_text_retained,no_lawful_text_retained,
PMID:33348451,Environmental_Earth,17,no_lawful_text_retained,no_lawful_text_retained,
PMID:33385646,Environmental_Earth,18,no_lawful_text_retained,no_lawful_text_retained,
PMID:37474368,Environmental_Earth,19,no_lawful_text_retained,no_lawful_text_retained,
PMID:36373915,Environmental_Earth,20,open_route_named_pending_listing,no_deposit_named,osf:vtq8f=identifier_is_a_preprint_not_a_data_deposit
PMID:33245881,Environmental_Earth,21,no_lawful_text_retained,no_lawful_text_retained,
PMID:35042444,Environmental_Earth,22,no_lawful_text_retained,no_lawful_text_retained,
PMID:34998101,Environmental_Earth,23,no_lawful_text_retained,no_lawful_text_retained,
PMID:34988046,Environmental_Earth,24,supplement_only_unverified,supplement_only_unverified,
PMID:34935063,Environmental_Earth,25,no_lawful_text_retained,no_lawful_text_retained,
PMID:35855906,Environmental_Earth,26,no_deposit_named,no_deposit_named,
PMID:32212581,Environmental_Earth,27,no_lawful_text_retained,no_lawful_text_retained,
PMID:32712379,Environmental_Earth,28,no_lawful_text_retained,no_lawful_text_retained,
PMID:38937635,Environmental_Earth,29,open_route_named_pending_listing,code_only_deposit,zenodo:8305222=every_listed_file_is_implementation_material
PMID:36524382,Environmental_Earth,30,no_lawful_text_retained,no_lawful_text_retained,
PMID:35391630,Environmental_Earth,31,no_lawful_text_retained,no_lawful_text_retained,
PMID:32785823,Environmental_Earth,32,no_lawful_text_retained,no_lawful_text_retained,
PMID:39706093,Environmental_Earth,33,no_lawful_text_retained,no_lawful_text_retained,
PMID:39167340,Environmental_Earth,34,no_lawful_text_retained,no_lawful_text_retained,
PMID:41308651,Environmental_Earth,35,no_lawful_text_retained,no_lawful_text_retained,
PMID:38816853,Environmental_Earth,36,supplement_only_unverified,supplement_only_unverified,
PMID:39679719,Environmental_Earth,37,no_lawful_text_retained,no_lawful_text_retained,
PMID:40841018,Environmental_Earth,38,no_lawful_text_retained,no_lawful_text_retained,
PMID:38075851,Environmental_Earth,39,no_deposit_named,no_deposit_named,
PMID:33621505,Environmental_Earth,40,no_lawful_text_retained,no_lawful_text_retained,
PMID:35292322,Environmental_Earth,41,no_lawful_text_retained,no_lawful_text_retained,
PMID:34112198,Environmental_Earth,42,supplement_only_unverified,supplement_only_unverified,
PMID:34873680,Environmental_Earth,43,no_lawful_text_retained,no_lawful_text_retained,
PMID:34341451,Environmental_Earth,44,supplement_only_unverified,supplement_only_unverified,
PMID:39313078,Environmental_Earth,45,no_lawful_text_retained,no_lawful_text_retained,
PMID:40194498,Environmental_Earth,46,no_lawful_text_retained,no_lawful_text_retained,
PMID:34064978,Environmental_Earth,47,no_deposit_named,no_deposit_named,
PMID:33893869,Environmental_Earth,48,no_lawful_text_retained,no_lawful_text_retained,
PMID:33250257,Environmental_Earth,49,no_lawful_text_retained,no_lawful_text_retained,
PMID:38822268,Environmental_Earth,50,author_request_only,author_request_only,
PMID:40856280,Environmental_Earth,51,no_deposit_named,no_deposit_named,
PMID:33795709,Environmental_Earth,52,supplement_only_unverified,supplement_only_unverified,
PMID:38995337,Environmental_Earth,53,author_request_only,author_request_only,
PMID:35639722,Environmental_Earth,54,no_deposit_named,no_deposit_named,
PMID:40938934,Environmental_Earth,55,no_deposit_named,no_deposit_named,
PMID:37300039,Environmental_Earth,56,author_request_only,author_request_only,
PMID:32506149,Environmental_Earth,57,no_lawful_text_retained,no_lawful_text_retained,
PMID:34218141,Environmental_Earth,58,no_lawful_text_retained,no_lawful_text_retained,
PMID:35388942,Environmental_Earth,59,open_route_named_pending_listing,,dryad:dr7sqv9z5=anonymous_listing_with_sizes_within_caps
PMID:38649620,Environmental_Earth,60,author_request_only,author_request_only,
PMID:37272971,Environmental_Earth,61,no_lawful_text_retained,no_lawful_text_retained,
PMID:39708208,Environmental_Earth,62,no_lawful_text_retained,no_lawful_text_retained,
PMID:38619269,Environmental_Earth,63,no_lawful_text_retained,no_lawful_text_retained,
PMID:38908149,Environmental_Earth,64,no_lawful_text_retained,no_lawful_text_retained,
PMID:40555193,Environmental_Earth,65,no_lawful_text_retained,no_lawful_text_retained,
PMID:39148306,Environmental_Earth,66,no_lawful_text_retained,no_lawful_text_retained,
PMID:32250810,Environmental_Earth,67,no_lawful_text_retained,no_lawful_text_retained,
PMID:39414303,Environmental_Earth,68,application_required,application_required,
PMID:32216020,Environmental_Earth,69,no_lawful_text_retained,no_lawful_text_retained,
PMID:33694059,Environmental_Earth,70,no_lawful_text_retained,no_lawful_text_retained,
PMID:40784228,Environmental_Earth,71,no_lawful_text_retained,no_lawful_text_retained,
PMID:32829164,Environmental_Earth,72,no_deposit_named,no_deposit_named,
PMID:40698917,Environmental_Earth,73,no_lawful_text_retained,no_lawful_text_retained,
PMID:40743338,Environmental_Earth,74,no_lawful_text_retained,no_lawful_text_retained,
PMID:33334377,Environmental_Earth,75,code_only_deposit,code_only_deposit,
PMID:40922534,Environmental_Earth,76,no_lawful_text_retained,no_lawful_text_retained,
PMID:37895132,Environmental_Earth,77,no_deposit_named,no_deposit_named,
PMID:39601950,Environmental_Earth,78,author_request_only,author_request_only,
PMID:33946837,Environmental_Earth,79,author_request_only,author_request_only,
PMID:40967789,Environmental_Earth,80,no_lawful_text_retained,no_lawful_text_retained,
PMID:39503466,Environmental_Earth,81,no_lawful_text_retained,no_lawful_text_retained,
PMID:33989193,Environmental_Earth,82,no_lawful_text_retained,no_lawful_text_retained,
PMID:36244485,Environmental_Earth,83,no_lawful_text_retained,no_lawful_text_retained,
PMID:37424370,Environmental_Earth,84,no_lawful_text_retained,no_lawful_text_retained,
PMID:35302441,Environmental_Earth,85,code_only_deposit,code_only_deposit,
PMID:41115199,Environmental_Earth,86,supplement_only_unverified,supplement_only_unverified,
PMID:38086947,Environmental_Earth,87,author_request_only,author_request_only,
PMID:39571337,Environmental_Earth,88,no_lawful_text_retained,no_lawful_text_retained,
PMID:32764036,Environmental_Earth,89,no_lawful_text_retained,no_lawful_text_retained,
PMID:38036064,Environmental_Earth,90,author_request_only,author_request_only,
PMID:39708252,Environmental_Earth,91,no_lawful_text_retained,no_lawful_text_retained,
PMID:40446375,Environmental_Earth,92,no_lawful_text_retained,no_lawful_text_retained,
PMID:33242569,Environmental_Earth,93,no_lawful_text_retained,no_lawful_text_retained,
PMID:40975420,Environmental_Earth,94,no_lawful_text_retained,no_lawful_text_retained,
PMID:41264144,Environmental_Earth,95,no_lawful_text_retained,no_lawful_text_retained,
PMID:38142027,Environmental_Earth,96,no_lawful_text_retained,no_lawful_text_retained,
PMID:34653587,Environmental_Earth,97,no_lawful_text_retained,no_lawful_text_retained,
PMID:39739555,Environmental_Earth,98,no_lawful_text_retained,no_lawful_text_retained,
PMID:38713234,Environmental_Earth,99,no_lawful_text_retained,no_lawful_text_retained,
PMID:37832885,Environmental_Earth,100,no_lawful_text_retained,no_lawful_text_retained,
PMID:34695492,Environmental_Earth,101,no_lawful_text_retained,no_lawful_text_retained,
PMID:33677342,Environmental_Earth,102,no_lawful_text_retained,no_lawful_text_retained,
PMID:34872177,Environmental_Earth,103,no_lawful_text_retained,no_lawful_text_retained,
PMID:32406993,Environmental_Earth,104,no_lawful_text_retained,no_lawful_text_retained,
PMID:35289122,Environmental_Earth,105,author_request_only,author_request_only,
PMID:34915295,Environmental_Earth,106,no_lawful_text_retained,no_lawful_text_retained,
PMID:35929823,Environmental_Earth,107,no_deposit_named,no_deposit_named,
PMID:39383759,Environmental_Earth,108,no_lawful_text_retained,no_lawful_text_retained,
PMID:32228675,Environmental_Earth,109,supplement_only_unverified,supplement_only_unverified,
PMID:33682536,Environmental_Earth,110,no_lawful_text_retained,no_lawful_text_retained,
PMID:33144013,Environmental_Earth,111,no_lawful_text_retained,no_lawful_text_retained,
PMID:32165433,Environmental_Earth,112,open_route_named_pending_listing,code_only_deposit,zenodo:3634105=every_listed_file_is_implementation_material
PMID:40541056,Environmental_Earth,113,no_lawful_text_retained,no_lawful_text_retained,
PMID:32857780,Environmental_Earth,114,no_deposit_named,no_deposit_named,
PMID:32804974,Environmental_Earth,115,open_route_named_pending_listing,,figshare:12514385=anonymous_listing_with_sizes_within_caps
PMID:34704308,Environmental_Earth,116,no_deposit_named,no_deposit_named,
PMID:35862167,Environmental_Earth,117,no_lawful_text_retained,no_lawful_text_retained,
PMID:39027136,Environmental_Earth,118,open_route_named_pending_listing,,bioproject:PRJNA1114298=anonymous_listing_with_sizes_within_caps
PMID:33035941,Environmental_Earth,119,no_lawful_text_retained,no_lawful_text_retained,
PMID:36136192,Environmental_Earth,120,open_route_named_pending_listing,listing_unavailable,osf:py57k=listing_http_401
PMID:35482263,Environmental_Earth,121,no_lawful_text_retained,no_lawful_text_retained,
PMID:38992066,Environmental_Earth,122,open_route_named_pending_listing,above_cap,figshare:24514459=announced_sizes_exceed_amendment_caps; figshare:24587259=every_listed_file_is_implementation_material
PMID:41067398,Environmental_Earth,123,no_lawful_text_retained,no_lawful_text_retained,
PMID:33318205,Environmental_Earth,124,open_route_named_pending_listing,,dataverse:BV4I06=anonymous_listing_with_sizes_within_caps
PMID:34382471,Environmental_Earth,125,no_lawful_text_retained,no_lawful_text_retained,
PMID:37055465,Environmental_Earth,126,open_route_named_pending_listing,,bioproject:PRJNA899455=anonymous_listing_with_sizes_within_caps
PMID:35127294,Environmental_Earth,127,no_deposit_named,no_deposit_named,
PMID:32355260,Environmental_Earth,128,supplement_only_unverified,supplement_only_unverified,
PMID:33276157,Environmental_Earth,129,no_lawful_text_retained,no_lawful_text_retained,
PMID:33449384,Environmental_Earth,130,open_route_named_pending_listing,,zenodo:4431676=anonymous_listing_with_sizes_within_caps
PMID:36462419,Environmental_Earth,131,no_lawful_text_retained,no_lawful_text_retained,
PMID:36725804,Environmental_Earth,132,no_lawful_text_retained,no_lawful_text_retained,
PMID:36564393,Environmental_Earth,133,supplement_only_unverified,supplement_only_unverified,
PMID:34626950,Environmental_Earth,134,no_lawful_text_retained,no_lawful_text_retained,
PMID:35581322,Environmental_Earth,135,author_request_only,author_request_only,
PMID:39059640,Environmental_Earth,136,no_lawful_text_retained,no_lawful_text_retained,
PMID:33268805,Environmental_Earth,137,open_route_named_pending_listing,,zenodo:56159=anonymous_listing_with_sizes_within_caps
PMID:41199123,Environmental_Earth,138,no_lawful_text_retained,no_lawful_text_retained,
PMID:40317393,Environmental_Earth,139,no_lawful_text_retained,no_lawful_text_retained,
PMID:32688309,Environmental_Earth,140,no_lawful_text_retained,no_lawful_text_retained,
PMID:40773803,Environmental_Earth,141,no_lawful_text_retained,no_lawful_text_retained,
PMID:39126337,Environmental_Earth,142,no_lawful_text_retained,no_lawful_text_retained,
PMID:33249532,Environmental_Earth,143,no_lawful_text_retained,no_lawful_text_retained,
PMID:33166829,Environmental_Earth,144,no_lawful_text_retained,no_lawful_text_retained,
PMID:37407827,Environmental_Earth,145,code_only_deposit,code_only_deposit,
PMID:40472543,Environmental_Earth,146,no_lawful_text_retained,no_lawful_text_retained,
PMID:39370773,Environmental_Earth,147,no_lawful_text_retained,no_lawful_text_retained,
PMID:31942717,Environmental_Earth,148,no_lawful_text_retained,no_lawful_text_retained,
PMID:40424770,Environmental_Earth,149,no_lawful_text_retained,no_lawful_text_retained,
PMID:32332903,Environmental_Earth,150,supplement_only_unverified,supplement_only_unverified,
PMID:41240837,Environmental_Earth,151,no_lawful_text_retained,no_lawful_text_retained,
PMID:39166686,Environmental_Earth,152,no_lawful_text_retained,no_lawful_text_retained,
PMID:38871960,Environmental_Earth,153,no_lawful_text_retained,no_lawful_text_retained,
PMID:32844719,Environmental_Earth,154,no_lawful_text_retained,no_lawful_text_retained,
PMID:37319129,Environmental_Earth,155,no_deposit_named,no_deposit_named,
PMID:39617777,Environmental_Earth,156,author_request_only,author_request_only,
PMID:40922203,Environmental_Earth,157,no_lawful_text_retained,no_lawful_text_retained,
PMID:39002587,Environmental_Earth,158,no_lawful_text_retained,no_lawful_text_retained,
PMID:39352087,Environmental_Earth,159,no_lawful_text_retained,no_lawful_text_retained,
PMID:37207482,Environmental_Earth,160,no_lawful_text_retained,no_lawful_text_retained,
PMID:33677842,Environmental_Earth,161,open_route_named_pending_listing,,dryad:585t4=anonymous_listing_with_sizes_within_caps
PMID:38613936,Environmental_Earth,162,no_lawful_text_retained,no_lawful_text_retained,
PMID:38843730,Environmental_Earth,163,no_lawful_text_retained,no_lawful_text_retained,
PMID:35551027,Environmental_Earth,164,no_lawful_text_retained,no_lawful_text_retained,
PMID:32966324,Environmental_Earth,165,no_deposit_named,no_deposit_named,
PMID:37072921,Environmental_Earth,166,no_lawful_text_retained,no_lawful_text_retained,
PMID:39325267,Environmental_Earth,167,no_lawful_text_retained,no_lawful_text_retained,
PMID:39674022,Environmental_Earth,168,no_lawful_text_retained,no_lawful_text_retained,
PMID:40240706,Environmental_Earth,169,no_lawful_text_retained,no_lawful_text_retained,
PMID:34907163,Environmental_Earth,170,open_route_named_pending_listing,above_cap,zenodo:5702972=announced_sizes_exceed_amendment_caps
PMID:36180484,Environmental_Earth,171,author_request_only,author_request_only,
PMID:32707353,Environmental_Earth,172,no_lawful_text_retained,no_lawful_text_retained,
PMID:34024623,Environmental_Earth,173,no_lawful_text_retained,no_lawful_text_retained,
PMID:37130236,Environmental_Earth,174,no_lawful_text_retained,no_lawful_text_retained,
PMID:35811130,Environmental_Earth,175,no_deposit_named,no_deposit_named,
PMID:34984611,Environmental_Earth,176,author_request_only,author_request_only,
PMID:36515885,Environmental_Earth,177,no_lawful_text_retained,no_lawful_text_retained,
PMID:38040724,Environmental_Earth,178,open_route_named_pending_listing,code_only_deposit,zenodo:10062493=every_listed_file_is_implementation_material
PMID:40239499,Environmental_Earth,179,no_lawful_text_retained,no_lawful_text_retained,
PMID:32084150,Environmental_Earth,180,no_deposit_named,no_deposit_named,
PMID:39615975,Environmental_Earth,181,no_lawful_text_retained,no_lawful_text_retained,
PMID:39710991,Environmental_Earth,182,no_deposit_named,no_deposit_named,
PMID:37321988,Environmental_Earth,183,code_only_deposit,code_only_deposit,
PMID:34618796,Environmental_Earth,184,no_deposit_named,no_deposit_named,
PMID:40598611,Environmental_Earth,185,supplement_only_unverified,supplement_only_unverified,
PMID:38825980,Environmental_Earth,186,no_lawful_text_retained,no_lawful_text_retained,
PMID:35301777,Environmental_Earth,187,no_lawful_text_retained,no_lawful_text_retained,
PMID:39342758,Environmental_Earth,188,no_lawful_text_retained,no_lawful_text_retained,
PMID:41028072,Environmental_Earth,189,supplement_only_unverified,supplement_only_unverified,
PMID:38955045,Environmental_Earth,190,no_lawful_text_retained,no_lawful_text_retained,
PMID:39501522,Environmental_Earth,191,code_only_deposit,code_only_deposit,
PMID:36674380,Environmental_Earth,192,no_deposit_named,no_deposit_named,
PMID:39098460,Environmental_Earth,193,no_lawful_text_retained,no_lawful_text_retained,
PMID:41276019,Environmental_Earth,194,no_lawful_text_retained,no_lawful_text_retained,
PMID:39128778,Environmental_Earth,195,no_lawful_text_retained,no_lawful_text_retained,
PMID:31974509,Environmental_Earth,196,supplement_only_unverified,supplement_only_unverified,
PMID:33913621,Environmental_Earth,197,no_deposit_named,no_deposit_named,
PMID:40440356,Environmental_Earth,198,no_lawful_text_retained,no_lawful_text_retained,
PMID:38140665,Environmental_Earth,199,no_deposit_named,no_deposit_named,
PMID:39035157,Environmental_Earth,200,no_deposit_named,no_deposit_named,
PMID:39514284,Environmental_Earth,201,no_deposit_named,no_deposit_named,
PMID:33202266,Environmental_Earth,202,no_lawful_text_retained,no_lawful_text_retained,
PMID:34553813,Environmental_Earth,203,no_deposit_named,no_deposit_named,
PMID:40368308,Environmental_Earth,204,no_lawful_text_retained,no_lawful_text_retained,
PMID:32413645,Environmental_Earth,205,no_lawful_text_retained,no_lawful_text_retained,
PMID:38745401,Environmental_Earth,206,no_lawful_text_retained,no_lawful_text_retained,
PMID:34057245,Environmental_Earth,207,no_lawful_text_retained,no_lawful_text_retained,
PMID:40706432,Environmental_Earth,208,no_lawful_text_retained,no_lawful_text_retained,
PMID:33277745,Environmental_Earth,209,no_lawful_text_retained,no_lawful_text_retained,
PMID:37729684,Environmental_Earth,210,no_lawful_text_retained,no_lawful_text_retained,
PMID:40729833,Environmental_Earth,211,no_lawful_text_retained,no_lawful_text_retained,
PMID:33339890,Environmental_Earth,212,supplement_only_unverified,supplement_only_unverified,
PMID:37524975,Environmental_Earth,213,open_route_named_pending_listing,,figshare:20334537=anonymous_listing_with_sizes_within_caps; bioproject:PRJNA980752=announced_sizes_exceed_amendment_caps; bioproject:PRJNA980834=announced_sizes_exceed_amendment_caps
PMID:36731536,Environmental_Earth,214,no_lawful_text_retained,no_lawful_text_retained,
PMID:36989124,Environmental_Earth,215,no_lawful_text_retained,no_lawful_text_retained,
PMID:38772480,Environmental_Earth,216,no_lawful_text_retained,no_lawful_text_retained,
PMID:34073001,Environmental_Earth,217,no_deposit_named,no_deposit_named,
PMID:37256961,Environmental_Earth,218,open_route_named_pending_listing,,zenodo:7714241=anonymous_listing_with_sizes_within_caps
PMID:40944752,Environmental_Earth,219,supplement_only_unverified,supplement_only_unverified,
PMID:36373930,Environmental_Earth,220,open_route_named_pending_listing,,dryad:234=anonymous_listing_with_sizes_within_caps
PMID:40880113,Environmental_Earth,221,no_deposit_named,no_deposit_named,
PMID:34404811,Environmental_Earth,222,open_route_named_pending_listing,,figshare:14540625=anonymous_listing_with_sizes_within_caps; figshare:13194095=anonymous_listing_with_sizes_within_caps
PMID:40791011,Environmental_Earth,223,code_only_deposit,code_only_deposit,
PMID:39197161,Environmental_Earth,224,no_deposit_named,no_deposit_named,
PMID:33121387,Environmental_Earth,225,no_deposit_named,no_deposit_named,
PMID:37201602,Environmental_Earth,226,no_lawful_text_retained,no_lawful_text_retained,
PMID:41358777,Environmental_Earth,227,no_lawful_text_retained,no_lawful_text_retained,
PMID:32081325,Environmental_Earth,228,no_lawful_text_retained,no_lawful_text_retained,
PMID:35622278,Environmental_Earth,229,no_lawful_text_retained,no_lawful_text_retained,
PMID:37306881,Environmental_Earth,230,no_lawful_text_retained,no_lawful_text_retained,
PMID:32334217,Environmental_Earth,231,no_lawful_text_retained,no_lawful_text_retained,
PMID:34420610,Environmental_Earth,232,no_lawful_text_retained,no_lawful_text_retained,
PMID:35955131,Environmental_Earth,233,author_request_only,author_request_only,
PMID:32505038,Environmental_Earth,234,no_lawful_text_retained,no_lawful_text_retained,
PMID:34073934,Environmental_Earth,235,no_deposit_named,no_deposit_named,
PMID:34718816,Environmental_Earth,236,author_request_only,author_request_only,
PMID:38639905,Environmental_Earth,237,no_lawful_text_retained,no_lawful_text_retained,
PMID:39093395,Environmental_Earth,238,no_lawful_text_retained,no_lawful_text_retained,
PMID:35970916,Environmental_Earth,239,supplement_only_unverified,supplement_only_unverified,
PMID:32107488,Environmental_Earth,240,no_deposit_named,no_deposit_named,
PMID:35528633,Environmental_Earth,241,no_deposit_named,no_deposit_named,
PMID:37172373,Environmental_Earth,242,no_lawful_text_retained,no_lawful_text_retained,
PMID:40577886,Environmental_Earth,243,no_lawful_text_retained,no_lawful_text_retained,
PMID:41061536,Environmental_Earth,244,no_lawful_text_retained,no_lawful_text_retained,
PMID:39587427,Environmental_Earth,245,no_lawful_text_retained,no_lawful_text_retained,
PMID:36737632,Environmental_Earth,246,author_request_only,author_request_only,
PMID:39388822,Environmental_Earth,247,no_lawful_text_retained,no_lawful_text_retained,
PMID:39326124,Environmental_Earth,248,no_lawful_text_retained,no_lawful_text_retained,
PMID:32187220,Environmental_Earth,249,open_route_named_pending_listing,,dryad:5x69p8d0p=anonymous_listing_with_sizes_within_caps
PMID:41328710,Environmental_Earth,250,no_deposit_named,no_deposit_named,
PMID:35247006,Environmental_Earth,251,no_lawful_text_retained,no_lawful_text_retained,
PMID:35358266,Environmental_Earth,252,author_request_only,author_request_only,
PMID:38982053,Environmental_Earth,253,open_route_named_pending_listing,,zenodo:5589597=announced_sizes_exceed_amendment_caps; zenodo:4588235=announced_sizes_exceed_amendment_caps; dataverse:PRFF8V=anonymous_listing_with_sizes_within_caps; dryad:83s7k=anonymous_listing_with_sizes_within_caps
PMID:39276760,Environmental_Earth,254,no_lawful_text_retained,no_lawful_text_retained,
PMID:35192162,Environmental_Earth,255,no_lawful_text_retained,no_lawful_text_retained,
PMID:41011770,Environmental_Earth,256,no_deposit_named,no_deposit_named,
PMID:36078613,Environmental_Earth,257,no_deposit_named,no_deposit_named,
PMID:36216055,Environmental_Earth,258,no_lawful_text_retained,no_lawful_text_retained,
PMID:40276177,Environmental_Earth,259,no_deposit_named,no_deposit_named,
PMID:40296060,Environmental_Earth,260,author_request_only,author_request_only,
PMID:34554525,Environmental_Earth,261,no_lawful_text_retained,no_lawful_text_retained,
PMID:37504381,Environmental_Earth,262,no_lawful_text_retained,no_lawful_text_retained,
PMID:37605853,Environmental_Earth,263,no_lawful_text_retained,no_lawful_text_retained,
PMID:33022444,Environmental_Earth,264,no_lawful_text_retained,no_lawful_text_retained,
PMID:36564864,Environmental_Earth,265,no_lawful_text_retained,no_lawful_text_retained,
PMID:32673097,Environmental_Earth,266,no_lawful_text_retained,no_lawful_text_retained,
PMID:40524092,Environmental_Earth,267,no_lawful_text_retained,no_lawful_text_retained,
PMID:34762926,Environmental_Earth,268,no_lawful_text_retained,no_lawful_text_retained,
PMID:33878968,Environmental_Earth,269,no_deposit_named,no_deposit_named,
PMID:41105641,Environmental_Earth,270,supplement_only_unverified,supplement_only_unverified,
PMID:38852255,Environmental_Earth,271,no_lawful_text_retained,no_lawful_text_retained,
PMID:39414073,Environmental_Earth,272,no_lawful_text_retained,no_lawful_text_retained,
PMID:36946332,Environmental_Earth,273,no_lawful_text_retained,no_lawful_text_retained,
PMID:35716720,Environmental_Earth,274,no_lawful_text_retained,no_lawful_text_retained,
PMID:41043638,Environmental_Earth,275,no_lawful_text_retained,no_lawful_text_retained,
PMID:35390620,Environmental_Earth,276,no_lawful_text_retained,no_lawful_text_retained,
PMID:38986358,Environmental_Earth,277,open_route_named_pending_listing,listing_unavailable,bioproject:PRJNA1077999=listing_empty
PMID:36650835,Environmental_Earth,278,no_deposit_named,no_deposit_named,
PMID:38762990,Environmental_Earth,279,no_lawful_text_retained,no_lawful_text_retained,
PMID:39672649,Environmental_Earth,280,no_lawful_text_retained,no_lawful_text_retained,
PMID:33012178,Environmental_Earth,281,no_lawful_text_retained,no_lawful_text_retained,
PMID:40398286,Environmental_Earth,282,no_lawful_text_retained,no_lawful_text_retained,
PMID:36453077,Environmental_Earth,283,open_route_named_pending_listing,,bioproject:PRJNA682528=anonymous_listing_with_sizes_within_caps; bioproject:PRJNA770487=anonymous_listing_with_sizes_within_caps
PMID:38035502,Environmental_Earth,284,no_lawful_text_retained,no_lawful_text_retained,
PMID:35590847,Environmental_Earth,285,no_deposit_named,no_deposit_named,
PMID:38837453,Environmental_Earth,286,no_lawful_text_retained,no_lawful_text_retained,
PMID:40826254,Environmental_Earth,287,no_lawful_text_retained,no_lawful_text_retained,
PMID:39341245,Environmental_Earth,288,no_lawful_text_retained,no_lawful_text_retained,
PMID:41240088,Environmental_Earth,289,no_lawful_text_retained,no_lawful_text_retained,
PMID:38056613,Environmental_Earth,290,no_lawful_text_retained,no_lawful_text_retained,
PMID:36668884,Environmental_Earth,291,no_deposit_named,no_deposit_named,
PMID:38254619,Environmental_Earth,292,author_request_only,author_request_only,
PMID:35245329,Environmental_Earth,293,no_deposit_named,no_deposit_named,
PMID:34520071,Environmental_Earth,294,no_lawful_text_retained,no_lawful_text_retained,
PMID:39715952,Environmental_Earth,295,no_lawful_text_retained,no_lawful_text_retained,
PMID:34716360,Environmental_Earth,296,open_route_named_pending_listing,above_cap,bioproject:PRJEB45685=announced_sizes_exceed_amendment_caps
PMID:36369260,Environmental_Earth,297,author_request_only,author_request_only,
PMID:40289119,Environmental_Earth,298,author_request_only,author_request_only,
PMID:35789461,Environmental_Earth,299,no_lawful_text_retained,no_lawful_text_retained,
PMID:34821476,Environmental_Earth,300,no_deposit_named,no_deposit_named,
PMID:39265216,Environmental_Earth,301,no_lawful_text_retained,no_lawful_text_retained,
PMID:37820529,Environmental_Earth,302,no_lawful_text_retained,no_lawful_text_retained,
PMID:32268375,Environmental_Earth,303,no_lawful_text_retained,no_lawful_text_retained,
PMID:39733580,Environmental_Earth,304,no_lawful_text_retained,no_lawful_text_retained,
PMID:35037313,Environmental_Earth,305,author_request_only,author_request_only,
PMID:36526966,Environmental_Earth,306,supplement_only_unverified,supplement_only_unverified,
PMID:38001077,Environmental_Earth,307,code_only_deposit,code_only_deposit,
PMID:33990808,Environmental_Earth,308,no_lawful_text_retained,no_lawful_text_retained,
PMID:41331304,Environmental_Earth,309,supplement_only_unverified,supplement_only_unverified,
PMID:32416418,Environmental_Earth,310,no_lawful_text_retained,no_lawful_text_retained,
PMID:39068965,Environmental_Earth,311,no_lawful_text_retained,no_lawful_text_retained,
PMID:39427479,Environmental_Earth,312,no_lawful_text_retained,no_lawful_text_retained,
PMID:36587597,Environmental_Earth,313,no_lawful_text_retained,no_lawful_text_retained,
PMID:35523379,Environmental_Earth,314,no_lawful_text_retained,no_lawful_text_retained,
PMID:34817616,Environmental_Earth,315,no_lawful_text_retained,no_lawful_text_retained,
PMID:32103461,Environmental_Earth,316,no_lawful_text_retained,no_lawful_text_retained,
PMID:39332258,Environmental_Earth,317,no_lawful_text_retained,no_lawful_text_retained,
PMID:41015951,Environmental_Earth,318,no_deposit_named,no_deposit_named,
PMID:38834684,Environmental_Earth,319,author_request_only,author_request_only,
PMID:32238776,Environmental_Earth,320,open_route_named_pending_listing,,bioproject:PRJNA522349=anonymous_listing_with_sizes_within_caps
PMID:40412935,Environmental_Earth,321,no_lawful_text_retained,no_lawful_text_retained,
PMID:33378220,Environmental_Earth,322,no_lawful_text_retained,no_lawful_text_retained,
PMID:41125304,Environmental_Earth,323,no_lawful_text_retained,no_lawful_text_retained,
PMID:41418305,Environmental_Earth,324,no_lawful_text_retained,no_lawful_text_retained,
PMID:39615382,Environmental_Earth,325,no_lawful_text_retained,no_lawful_text_retained,
PMID:36011820,Environmental_Earth,326,no_deposit_named,no_deposit_named,
PMID:39443644,Environmental_Earth,327,supplement_only_unverified,supplement_only_unverified,
PMID:34326450,Environmental_Earth,328,open_route_named_pending_listing,,geo:GSE169595=anonymous_listing_with_sizes_within_caps
PMID:37028972,Environmental_Earth,329,no_lawful_text_retained,no_lawful_text_retained,
PMID:39256598,Environmental_Earth,330,author_request_only,author_request_only,
PMID:36229521,Environmental_Earth,331,no_lawful_text_retained,no_lawful_text_retained,
PMID:38917164,Environmental_Earth,332,no_deposit_named,no_deposit_named,
PMID:35955046,Environmental_Earth,333,author_request_only,author_request_only,
PMID:35768958,Environmental_Earth,334,no_lawful_text_retained,no_lawful_text_retained,
PMID:36379294,Environmental_Earth,335,no_lawful_text_retained,no_lawful_text_retained,
PMID:33753234,Environmental_Earth,336,no_lawful_text_retained,no_lawful_text_retained,
PMID:33511774,Environmental_Earth,337,no_lawful_text_retained,no_lawful_text_retained,
PMID:36201073,Environmental_Earth,338,no_lawful_text_retained,no_lawful_text_retained,
PMID:37669600,Environmental_Earth,339,no_lawful_text_retained,no_lawful_text_retained,
PMID:36739775,Environmental_Earth,340,no_lawful_text_retained,no_lawful_text_retained,
PMID:34719092,Environmental_Earth,341,no_lawful_text_retained,no_lawful_text_retained,
PMID:34779930,Environmental_Earth,342,no_lawful_text_retained,no_lawful_text_retained,
PMID:32592411,Environmental_Earth,343,no_lawful_text_retained,no_lawful_text_retained,
PMID:39207670,Environmental_Earth,344,supplement_only_unverified,supplement_only_unverified,
PMID:34715611,Environmental_Earth,345,no_lawful_text_retained,no_lawful_text_retained,
PMID:37438878,Environmental_Earth,346,no_lawful_text_retained,no_lawful_text_retained,
PMID:41261235,Environmental_Earth,347,no_lawful_text_retained,no_lawful_text_retained,
PMID:32579238,Environmental_Earth,348,no_lawful_text_retained,no_lawful_text_retained,
PMID:34929208,Environmental_Earth,349,no_lawful_text_retained,no_lawful_text_retained,
PMID:40315810,Environmental_Earth,350,no_lawful_text_retained,no_lawful_text_retained,
PMID:37952821,Environmental_Earth,351,no_lawful_text_retained,no_lawful_text_retained,
PMID:34130256,Environmental_Earth,352,no_lawful_text_retained,no_lawful_text_retained,
PMID:40653626,Environmental_Earth,353,no_lawful_text_retained,no_lawful_text_retained,
PMID:40305475,Environmental_Earth,354,no_deposit_named,no_deposit_named,
PMID:39424349,Environmental_Earth,355,no_lawful_text_retained,no_lawful_text_retained,
PMID:33103804,Environmental_Earth,356,no_lawful_text_retained,no_lawful_text_retained,
PMID:34826961,Environmental_Earth,357,no_lawful_text_retained,no_lawful_text_retained,
PMID:32033182,Environmental_Earth,358,no_deposit_named,no_deposit_named,
PMID:32487020,Environmental_Earth,359,supplement_only_unverified,supplement_only_unverified,
PMID:39666635,Environmental_Earth,360,no_deposit_named,no_deposit_named,
PMID:41496728,Environmental_Earth,361,no_lawful_text_retained,no_lawful_text_retained,
PMID:33040163,Environmental_Earth,362,no_lawful_text_retained,no_lawful_text_retained,
PMID:40498993,Environmental_Earth,363,no_deposit_named,no_deposit_named,
PMID:40685907,Environmental_Earth,364,open_route_named_pending_listing,,bioproject:PRJEB59938=anonymous_listing_with_sizes_within_caps; zenodo:15766199=anonymous_listing_with_sizes_within_caps
PMID:41285379,Environmental_Earth,365,no_lawful_text_retained,no_lawful_text_retained,
PMID:36597614,Environmental_Earth,366,no_lawful_text_retained,no_lawful_text_retained,
PMID:41366161,Environmental_Earth,367,no_lawful_text_retained,no_lawful_text_retained,
PMID:35636110,Environmental_Earth,368,no_lawful_text_retained,no_lawful_text_retained,
PMID:33411833,Environmental_Earth,369,open_route_named_pending_listing,above_cap,bioproject:PRJEB37135=announced_sizes_exceed_amendment_caps
PMID:32497883,Environmental_Earth,370,no_lawful_text_retained,no_lawful_text_retained,
PMID:39191060,Environmental_Earth,371,no_lawful_text_retained,no_lawful_text_retained,
PMID:35609466,Environmental_Earth,372,no_lawful_text_retained,no_lawful_text_retained,
PMID:38718520,Environmental_Earth,373,no_lawful_text_retained,no_lawful_text_retained,
PMID:41206633,Environmental_Earth,374,no_lawful_text_retained,no_lawful_text_retained,
PMID:39003063,Environmental_Earth,375,no_lawful_text_retained,no_lawful_text_retained,
PMID:40578191,Environmental_Earth,376,no_lawful_text_retained,no_lawful_text_retained,
PMID:36017243,Environmental_Earth,377,author_request_only,author_request_only,
PMID:37301384,Environmental_Earth,378,no_lawful_text_retained,no_lawful_text_retained,
PMID:41120730,Environmental_Earth,379,supplement_only_unverified,supplement_only_unverified,
PMID:32875592,Environmental_Earth,380,no_lawful_text_retained,no_lawful_text_retained,
PMID:35716153,Environmental_Earth,381,no_lawful_text_retained,no_lawful_text_retained,
PMID:37708199,Environmental_Earth,382,no_deposit_named,no_deposit_named,
PMID:33504709,Environmental_Earth,383,no_lawful_text_retained,no_lawful_text_retained,
PMID:39328158,Environmental_Earth,384,code_only_deposit,code_only_deposit,
PMID:41381520,Environmental_Earth,385,open_route_named_pending_listing,above_cap,zenodo:16985100=announced_sizes_exceed_amendment_caps
PMID:39181299,Environmental_Earth,386,no_lawful_text_retained,no_lawful_text_retained,
PMID:33270708,Environmental_Earth,387,open_route_named_pending_listing,,figshare:13154429=anonymous_listing_with_sizes_within_caps
PMID:33606839,Environmental_Earth,388,no_deposit_named,no_deposit_named,
PMID:36182940,Environmental_Earth,389,open_route_named_pending_listing,,zenodo:7092652=every_listed_file_is_implementation_material; dataverse:VOQCHQ=anonymous_listing_with_sizes_within_caps
PMID:38088298,Environmental_Earth,390,no_lawful_text_retained,no_lawful_text_retained,
PMID:36524699,Environmental_Earth,391,no_lawful_text_retained,no_lawful_text_retained,
PMID:36758695,Environmental_Earth,392,no_lawful_text_retained,no_lawful_text_retained,
PMID:33078324,Environmental_Earth,393,no_lawful_text_retained,no_lawful_text_retained,
PMID:34680121,Environmental_Earth,394,open_route_named_pending_listing,,bioproject:PRJNA766622=anonymous_listing_with_sizes_within_caps
PMID:38797404,Environmental_Earth,395,no_lawful_text_retained,no_lawful_text_retained,
PMID:39420564,Environmental_Earth,396,no_lawful_text_retained,no_lawful_text_retained,
PMID:32255778,Environmental_Earth,397,no_deposit_named,no_deposit_named,
PMID:39557283,Environmental_Earth,398,no_lawful_text_retained,no_lawful_text_retained,
PMID:32603962,Environmental_Earth,399,no_lawful_text_retained,no_lawful_text_retained,
PMID:38937740,Environmental_Earth,400,author_request_only,author_request_only,
PMID:34013413,Environmental_Earth,401,no_lawful_text_retained,no_lawful_text_retained,
PMID:37950953,Environmental_Earth,402,no_lawful_text_retained,no_lawful_text_retained,
PMID:36255533,Environmental_Earth,403,no_lawful_text_retained,no_lawful_text_retained,
PMID:38881858,Environmental_Earth,404,supplement_only_unverified,supplement_only_unverified,
PMID:39667325,Environmental_Earth,405,no_lawful_text_retained,no_lawful_text_retained,
PMID:36554311,Environmental_Earth,406,no_deposit_named,no_deposit_named,
PMID:34689364,Environmental_Earth,407,no_lawful_text_retained,no_lawful_text_retained,
PMID:32361136,Environmental_Earth,408,no_lawful_text_retained,no_lawful_text_retained,
PMID:36592806,Environmental_Earth,409,no_lawful_text_retained,no_lawful_text_retained,
PMID:38134893,Environmental_Earth,410,no_lawful_text_retained,no_lawful_text_retained,
PMID:38923208,Environmental_Earth,411,open_route_named_pending_listing,,bioproject:PRJNA1051043=anonymous_listing_with_sizes_within_caps
PMID:37821444,Environmental_Earth,412,open_route_named_pending_listing,,figshare:22639399=anonymous_listing_with_sizes_within_caps; zenodo:8292710=anonymous_listing_with_sizes_within_caps
PMID:34579846,Environmental_Earth,413,open_route_named_pending_listing,,bioproject:PRJNA613256=anonymous_listing_with_sizes_within_caps
PMID:32710456,Environmental_Earth,414,no_lawful_text_retained,no_lawful_text_retained,
PMID:41099216,Environmental_Earth,415,no_lawful_text_retained,no_lawful_text_retained,
PMID:33104697,Environmental_Earth,416,open_route_named_pending_listing,,figshare:12659465=anonymous_listing_with_sizes_within_caps
PMID:32456841,Environmental_Earth,417,no_lawful_text_retained,no_lawful_text_retained,
PMID:39414575,Environmental_Earth,418,no_lawful_text_retained,no_lawful_text_retained,
PMID:39192571,Environmental_Earth,419,no_lawful_text_retained,no_lawful_text_retained,
PMID:32279273,Environmental_Earth,420,no_lawful_text_retained,no_lawful_text_retained,
PMID:32570648,Environmental_Earth,421,no_lawful_text_retained,no_lawful_text_retained,
PMID:32289323,Environmental_Earth,422,no_lawful_text_retained,no_lawful_text_retained,
PMID:34871612,Environmental_Earth,423,no_lawful_text_retained,no_lawful_text_retained,
PMID:36893065,Environmental_Earth,424,no_lawful_text_retained,no_lawful_text_retained,
PMID:34374818,Environmental_Earth,425,supplement_only_unverified,supplement_only_unverified,
PMID:39074041,Environmental_Earth,426,no_deposit_named,no_deposit_named,
PMID:35263099,Environmental_Earth,427,no_deposit_named,no_deposit_named,
PMID:35673869,Environmental_Earth,428,no_deposit_named,no_deposit_named,
PMID:33827019,Environmental_Earth,429,no_lawful_text_retained,no_lawful_text_retained,
PMID:33307315,Environmental_Earth,430,no_lawful_text_retained,no_lawful_text_retained,
PMID:34929283,Environmental_Earth,431,no_lawful_text_retained,no_lawful_text_retained,
PMID:37369925,Environmental_Earth,432,no_lawful_text_retained,no_lawful_text_retained,
PMID:40339544,Environmental_Earth,433,no_lawful_text_retained,no_lawful_text_retained,
PMID:32250924,Environmental_Earth,434,no_lawful_text_retained,no_lawful_text_retained,
PMID:33566583,Environmental_Earth,435,no_lawful_text_retained,no_lawful_text_retained,
PMID:37611010,Environmental_Earth,436,no_deposit_named,no_deposit_named,
PMID:38687898,Environmental_Earth,437,no_lawful_text_retained,no_lawful_text_retained,
PMID:35125224,Environmental_Earth,438,no_lawful_text_retained,no_lawful_text_retained,
PMID:32533171,Environmental_Earth,439,no_lawful_text_retained,no_lawful_text_retained,
PMID:35689343,Environmental_Earth,440,no_lawful_text_retained,no_lawful_text_retained,
PMID:32663235,Environmental_Earth,441,open_route_named_pending_listing,,figshare:10005170=anonymous_listing_with_sizes_within_caps
PMID:41166038,Environmental_Earth,442,no_lawful_text_retained,no_lawful_text_retained,
PMID:39325092,Environmental_Earth,443,supplement_only_unverified,supplement_only_unverified,
PMID:34807466,Environmental_Earth,444,open_route_named_pending_listing,,dryad:qjq2bvqhc=anonymous_listing_with_sizes_within_caps
PMID:40392292,Environmental_Earth,445,no_lawful_text_retained,no_lawful_text_retained,
PMID:33346392,Environmental_Earth,446,no_lawful_text_retained,no_lawful_text_retained,
PMID:32000129,Environmental_Earth,447,no_lawful_text_retained,no_lawful_text_retained,
PMID:33738538,Environmental_Earth,448,no_lawful_text_retained,no_lawful_text_retained,
PMID:32479295,Environmental_Earth,449,no_lawful_text_retained,no_lawful_text_retained,
PMID:36393830,Environmental_Earth,450,author_request_only,author_request_only,
PMID:40887686,Environmental_Earth,451,no_lawful_text_retained,no_lawful_text_retained,
PMID:34351809,Environmental_Earth,452,no_lawful_text_retained,no_lawful_text_retained,
PMID:36044961,Environmental_Earth,453,no_lawful_text_retained,no_lawful_text_retained,
PMID:40600797,Environmental_Earth,454,open_route_named_pending_listing,above_cap,bioproject:PRJNA1215350=announced_sizes_exceed_amendment_caps
PMID:39667157,Environmental_Earth,455,no_lawful_text_retained,no_lawful_text_retained,
PMID:37241816,Environmental_Earth,456,no_deposit_named,no_deposit_named,
PMID:36306882,Environmental_Earth,457,no_lawful_text_retained,no_lawful_text_retained,
PMID:39301696,Environmental_Earth,458,no_lawful_text_retained,no_lawful_text_retained,
PMID:41337958,Environmental_Earth,459,no_lawful_text_retained,no_lawful_text_retained,
PMID:35339061,Environmental_Earth,460,no_lawful_text_retained,no_lawful_text_retained,
PMID:36889567,Environmental_Earth,461,no_lawful_text_retained,no_lawful_text_retained,
PMID:37069165,Environmental_Earth,462,author_request_only,author_request_only,
PMID:38966932,Environmental_Earth,463,no_lawful_text_retained,no_lawful_text_retained,
PMID:33610979,Environmental_Earth,464,no_lawful_text_retained,no_lawful_text_retained,
PMID:37899115,Environmental_Earth,465,no_lawful_text_retained,no_lawful_text_retained,
PMID:36437748,Environmental_Earth,466,no_lawful_text_retained,no_lawful_text_retained,
PMID:40729874,Environmental_Earth,467,no_lawful_text_retained,no_lawful_text_retained,
PMID:34773674,Environmental_Earth,468,no_lawful_text_retained,no_lawful_text_retained,
PMID:33554929,Environmental_Earth,469,no_lawful_text_retained,no_lawful_text_retained,
PMID:40749654,Environmental_Earth,470,no_lawful_text_retained,no_lawful_text_retained,
PMID:36890651,Environmental_Earth,471,no_lawful_text_retained,no_lawful_text_retained,
PMID:37097495,Environmental_Earth,472,no_lawful_text_retained,no_lawful_text_retained,
PMID:31942013,Environmental_Earth,473,open_route_named_pending_listing,listing_unavailable,mendeley:zstbdddgv8.2=listing_not_machine_readable
PMID:39721526,Environmental_Earth,474,no_lawful_text_retained,no_lawful_text_retained,
PMID:40449993,Environmental_Earth,475,supplement_only_unverified,supplement_only_unverified,
PMID:33265063,Environmental_Earth,476,no_lawful_text_retained,no_lawful_text_retained,
PMID:37964068,Environmental_Earth,477,no_lawful_text_retained,no_lawful_text_retained,
PMID:38973542,Environmental_Earth,478,no_lawful_text_retained,no_lawful_text_retained,
PMID:34338579,Environmental_Earth,479,no_lawful_text_retained,no_lawful_text_retained,
PMID:39441516,Environmental_Earth,480,no_lawful_text_retained,no_lawful_text_retained,
PMID:37080952,Environmental_Earth,481,open_route_named_pending_listing,code_only_deposit,zenodo:7713847=every_listed_file_is_implementation_material
PMID:41297308,Environmental_Earth,482,no_lawful_text_retained,no_lawful_text_retained,
PMID:39030221,Environmental_Earth,483,author_request_only,author_request_only,
PMID:39508934,Environmental_Earth,484,no_lawful_text_retained,no_lawful_text_retained,
PMID:33835361,Environmental_Earth,485,no_lawful_text_retained,no_lawful_text_retained,
PMID:37182325,Environmental_Earth,486,no_lawful_text_retained,no_lawful_text_retained,
PMID:36015779,Environmental_Earth,487,no_deposit_named,no_deposit_named,
PMID:36855224,Environmental_Earth,488,no_lawful_text_retained,no_lawful_text_retained,
PMID:35074869,Environmental_Earth,489,open_route_named_pending_listing,,dataverse:0EUW82=anonymous_listing_with_sizes_within_caps
PMID:40990708,Environmental_Earth,490,no_lawful_text_retained,no_lawful_text_retained,
PMID:37931436,Environmental_Earth,491,no_lawful_text_retained,no_lawful_text_retained,
PMID:33097356,Environmental_Earth,492,no_deposit_named,no_deposit_named,
PMID:39947863,Environmental_Earth,493,no_lawful_text_retained,no_lawful_text_retained,
PMID:39217220,Environmental_Earth,494,author_request_only,author_request_only,
PMID:36193589,Environmental_Earth,495,no_lawful_text_retained,no_lawful_text_retained,
PMID:37210970,Environmental_Earth,496,no_lawful_text_retained,no_lawful_text_retained,
PMID:39674352,Environmental_Earth,497,no_lawful_text_retained,no_lawful_text_retained,
PMID:34780905,Environmental_Earth,498,no_lawful_text_retained,no_lawful_text_retained,
PMID:38662307,Environmental_Earth,499,no_lawful_text_retained,no_lawful_text_retained,
PMID:32995923,Environmental_Earth,500,no_lawful_text_retained,no_lawful_text_retained,
PMID:41232108,Environmental_Earth,501,code_only_deposit,code_only_deposit,
PMID:38110592,Environmental_Earth,502,no_lawful_text_retained,no_lawful_text_retained,
PMID:37619752,Environmental_Earth,503,no_lawful_text_retained,no_lawful_text_retained,
PMID:36574665,Environmental_Earth,504,no_deposit_named,no_deposit_named,
PMID:41270594,Environmental_Earth,505,no_lawful_text_retained,no_lawful_text_retained,
PMID:36767171,Environmental_Earth,506,author_request_only,author_request_only,
PMID:40446398,Environmental_Earth,507,no_lawful_text_retained,no_lawful_text_retained,
PMID:35957299,Environmental_Earth,508,no_deposit_named,no_deposit_named,
PMID:40345131,Environmental_Earth,509,no_lawful_text_retained,no_lawful_text_retained,
PMID:38660922,Environmental_Earth,510,no_deposit_named,no_deposit_named,
PMID:40844020,Environmental_Earth,511,no_lawful_text_retained,no_lawful_text_retained,
PMID:40855991,Environmental_Earth,512,no_lawful_text_retained,no_lawful_text_retained,
PMID:39146584,Environmental_Earth,513,no_lawful_text_retained,no_lawful_text_retained,
PMID:32943327,Environmental_Earth,514,no_lawful_text_retained,no_lawful_text_retained,
PMID:34462896,Environmental_Earth,515,no_lawful_text_retained,no_lawful_text_retained,
PMID:36999614,Environmental_Earth,516,no_lawful_text_retained,no_lawful_text_retained,
PMID:35075743,Environmental_Earth,517,no_deposit_named,no_deposit_named,
PMID:40905138,Environmental_Earth,518,author_request_only,author_request_only,
PMID:37014112,Environmental_Earth,519,no_deposit_named,no_deposit_named,
PMID:37674063,Environmental_Earth,520,no_lawful_text_retained,no_lawful_text_retained,
PMID:38158498,Environmental_Earth,521,no_lawful_text_retained,no_lawful_text_retained,
PMID:34051839,Environmental_Earth,522,supplement_only_unverified,supplement_only_unverified,
PMID:33443643,Environmental_Earth,523,no_lawful_text_retained,no_lawful_text_retained,
PMID:38087002,Environmental_Earth,524,open_route_named_pending_listing,,bioproject:PRJNA403829=anonymous_listing_with_sizes_within_caps; bioproject:PRJNA722752=announced_sizes_exceed_amendment_caps; bioproject:PRJNA737787=anonymous_listing_with_sizes_within_caps
PMID:39699508,Environmental_Earth,525,no_lawful_text_retained,no_lawful_text_retained,
PMID:39925077,Environmental_Earth,526,no_lawful_text_retained,no_lawful_text_retained,
PMID:41356436,Environmental_Earth,527,open_route_named_pending_listing,,zenodo:17452966=every_listed_file_is_implementation_material; figshare:29877266=anonymous_listing_with_sizes_within_caps
PMID:41408103,Environmental_Earth,528,author_request_only,author_request_only,
PMID:39374697,Environmental_Earth,529,no_lawful_text_retained,no_lawful_text_retained,
PMID:40753896,Environmental_Earth,530,no_lawful_text_retained,no_lawful_text_retained,
PMID:38987431,Environmental_Earth,531,no_lawful_text_retained,no_lawful_text_retained,
PMID:41076597,Environmental_Earth,532,no_lawful_text_retained,no_lawful_text_retained,
PMID:40207788,Environmental_Earth,533,no_deposit_named,no_deposit_named,
PMID:32302584,Environmental_Earth,534,no_lawful_text_retained,no_lawful_text_retained,
PMID:39122074,Environmental_Earth,535,no_lawful_text_retained,no_lawful_text_retained,
PMID:41496217,Environmental_Earth,536,no_lawful_text_retained,no_lawful_text_retained,
PMID:33130162,Environmental_Earth,537,no_lawful_text_retained,no_lawful_text_retained,
PMID:37850530,Environmental_Earth,538,no_lawful_text_retained,no_lawful_text_retained,
PMID:36627298,Environmental_Earth,539,author_request_only,author_request_only,
PMID:39053807,Environmental_Earth,540,no_lawful_text_retained,no_lawful_text_retained,
PMID:35672588,Environmental_Earth,541,supplement_only_unverified,supplement_only_unverified,
PMID:41314070,Environmental_Earth,542,no_lawful_text_retained,no_lawful_text_retained,
PMID:34865591,Environmental_Earth,543,no_lawful_text_retained,no_lawful_text_retained,
PMID:39058671,Environmental_Earth,544,open_route_named_pending_listing,,dryad:x95x69prm=anonymous_listing_with_sizes_within_caps
PMID:35413346,Environmental_Earth,545,no_lawful_text_retained,no_lawful_text_retained,
PMID:35143008,Environmental_Earth,546,no_lawful_text_retained,no_lawful_text_retained,
PMID:34813886,Environmental_Earth,547,no_lawful_text_retained,no_lawful_text_retained,
PMID:33640372,Environmental_Earth,548,no_lawful_text_retained,no_lawful_text_retained,
PMID:34668987,Environmental_Earth,549,no_lawful_text_retained,no_lawful_text_retained,
PMID:33465237,Environmental_Earth,550,no_lawful_text_retained,no_lawful_text_retained,
PMID:38942273,Environmental_Earth,551,no_lawful_text_retained,no_lawful_text_retained,
PMID:34399255,Environmental_Earth,552,no_lawful_text_retained,no_lawful_text_retained,
PMID:36181821,Environmental_Earth,553,no_lawful_text_retained,no_lawful_text_retained,
PMID:40590959,Environmental_Earth,554,no_lawful_text_retained,no_lawful_text_retained,
PMID:32990837,Environmental_Earth,555,no_lawful_text_retained,no_lawful_text_retained,
PMID:41297486,Environmental_Earth,556,no_lawful_text_retained,no_lawful_text_retained,
PMID:39315464,Environmental_Earth,557,no_lawful_text_retained,no_lawful_text_retained,
PMID:40907352,Environmental_Earth,558,no_lawful_text_retained,no_lawful_text_retained,
PMID:38797411,Environmental_Earth,559,no_lawful_text_retained,no_lawful_text_retained,
PMID:36502591,Environmental_Earth,560,no_lawful_text_retained,no_lawful_text_retained,
PMID:38759547,Environmental_Earth,561,no_lawful_text_retained,no_lawful_text_retained,
PMID:32028694,Environmental_Earth,562,no_deposit_named,no_deposit_named,
PMID:33349029,Environmental_Earth,563,no_lawful_text_retained,no_lawful_text_retained,
PMID:39011602,Environmental_Earth,564,no_lawful_text_retained,no_lawful_text_retained,
PMID:34176322,Environmental_Earth,565,open_route_named_pending_listing,,dryad:mcvdnck0f=anonymous_listing_with_sizes_within_caps
PMID:38716682,Environmental_Earth,566,no_deposit_named,no_deposit_named,
PMID:36586327,Environmental_Earth,567,no_lawful_text_retained,no_lawful_text_retained,
PMID:34280627,Environmental_Earth,568,no_lawful_text_retained,no_lawful_text_retained,
PMID:33969827,Environmental_Earth,569,no_lawful_text_retained,no_lawful_text_retained,
PMID:37221550,Environmental_Earth,570,open_route_named_pending_listing,,geo:GSE221198=anonymous_listing_with_sizes_within_caps
PMID:40397523,Environmental_Earth,571,no_lawful_text_retained,no_lawful_text_retained,
PMID:36279057,Environmental_Earth,572,no_lawful_text_retained,no_lawful_text_retained,
PMID:39467695,Environmental_Earth,573,no_deposit_named,no_deposit_named,
PMID:36584954,Environmental_Earth,574,no_lawful_text_retained,no_lawful_text_retained,
PMID:35152482,Environmental_Earth,575,no_lawful_text_retained,no_lawful_text_retained,
PMID:32250775,Environmental_Earth,576,no_lawful_text_retained,no_lawful_text_retained,
PMID:34968935,Environmental_Earth,577,no_lawful_text_retained,no_lawful_text_retained,
PMID:36992803,Environmental_Earth,578,no_deposit_named,no_deposit_named,
PMID:39583106,Environmental_Earth,579,no_deposit_named,no_deposit_named,
PMID:34856259,Environmental_Earth,580,no_lawful_text_retained,no_lawful_text_retained,
PMID:40782226,Environmental_Earth,581,supplement_only_unverified,supplement_only_unverified,
PMID:31927230,Environmental_Earth,582,no_lawful_text_retained,no_lawful_text_retained,
PMID:39278998,Environmental_Earth,583,no_lawful_text_retained,no_lawful_text_retained,
PMID:33433368,Environmental_Earth,584,no_lawful_text_retained,no_lawful_text_retained,
PMID:34182201,Environmental_Earth,585,no_lawful_text_retained,no_lawful_text_retained,
PMID:37697187,Environmental_Earth,586,no_lawful_text_retained,no_lawful_text_retained,
PMID:38609088,Environmental_Earth,587,no_deposit_named,no_deposit_named,
PMID:39138319,Environmental_Earth,588,supplement_only_unverified,supplement_only_unverified,
PMID:40692173,Environmental_Earth,589,open_route_named_pending_listing,,bioproject:PRJNA1208201=anonymous_listing_with_sizes_within_caps
PMID:41237147,Environmental_Earth,590,author_request_only,author_request_only,
PMID:39439356,Environmental_Earth,591,open_route_named_pending_listing,,bioproject:PRJNA1137142=anonymous_listing_with_sizes_within_caps; zenodo:13740880=every_listed_file_is_implementation_material
PMID:34599791,Environmental_Earth,592,author_request_only,author_request_only,
PMID:40244454,Environmental_Earth,593,no_lawful_text_retained,no_lawful_text_retained,
PMID:39708689,Environmental_Earth,594,no_lawful_text_retained,no_lawful_text_retained,
PMID:32090431,Environmental_Earth,595,no_deposit_named,no_deposit_named,
PMID:40349473,Environmental_Earth,596,no_lawful_text_retained,no_lawful_text_retained,
PMID:36302415,Environmental_Earth,597,no_lawful_text_retained,no_lawful_text_retained,
PMID:34834932,Environmental_Earth,598,no_deposit_named,no_deposit_named,
PMID:40553162,Environmental_Earth,599,supplement_only_unverified,supplement_only_unverified,
PMID:41115661,Environmental_Earth,600,no_deposit_named,no_deposit_named,
PMID:40560985,Environmental_Earth,601,open_route_named_pending_listing,,figshare:28225535=anonymous_listing_with_sizes_within_caps; figshare:28225493=anonymous_listing_with_sizes_within_caps; figshare:28225550=anonymous_listing_with_sizes_within_caps; figshare:28225544=anonymous_listing_with_sizes_within_caps
PMID:33008889,Environmental_Earth,602,no_lawful_text_retained,no_lawful_text_retained,
PMID:33153519,Environmental_Earth,603,no_deposit_named,no_deposit_named,
PMID:32678025,Environmental_Earth,604,supplement_only_unverified,supplement_only_unverified,
PMID:32363711,Environmental_Earth,605,no_deposit_named,no_deposit_named,
PMID:37561360,Environmental_Earth,606,open_route_named_pending_listing,,zenodo:4782538=anonymous_listing_with_sizes_within_caps
PMID:36554335,Environmental_Earth,607,no_deposit_named,no_deposit_named,
PMID:39137543,Environmental_Earth,608,no_lawful_text_retained,no_lawful_text_retained,
PMID:36178020,Environmental_Earth,609,no_lawful_text_retained,no_lawful_text_retained,
PMID:38114699,Environmental_Earth,610,no_lawful_text_retained,no_lawful_text_retained,
PMID:34699921,Environmental_Earth,611,no_lawful_text_retained,no_lawful_text_retained,
PMID:38029824,Environmental_Earth,612,no_lawful_text_retained,no_lawful_text_retained,
PMID:39326968,Environmental_Earth,613,no_lawful_text_retained,no_lawful_text_retained,
PMID:34863760,Environmental_Earth,614,no_lawful_text_retained,no_lawful_text_retained,
PMID:37982621,Environmental_Earth,615,no_lawful_text_retained,no_lawful_text_retained,
PMID:34665911,Environmental_Earth,616,no_lawful_text_retained,no_lawful_text_retained,
PMID:39459910,Environmental_Earth,617,author_request_only,author_request_only,
PMID:32473536,Environmental_Earth,618,no_lawful_text_retained,no_lawful_text_retained,
PMID:34047634,Environmental_Earth,619,no_lawful_text_retained,no_lawful_text_retained,
PMID:33529900,Environmental_Earth,620,no_lawful_text_retained,no_lawful_text_retained,
PMID:32090798,Environmental_Earth,621,no_lawful_text_retained,no_lawful_text_retained,
PMID:36111428,Environmental_Earth,622,no_lawful_text_retained,no_lawful_text_retained,
PMID:37598491,Environmental_Earth,623,no_lawful_text_retained,no_lawful_text_retained,
PMID:33710647,Environmental_Earth,624,no_deposit_named,no_deposit_named,
PMID:33501635,Environmental_Earth,625,no_lawful_text_retained,no_lawful_text_retained,
PMID:36258283,Environmental_Earth,626,no_lawful_text_retained,no_lawful_text_retained,
PMID:41292223,Environmental_Earth,627,no_lawful_text_retained,no_lawful_text_retained,
PMID:38777815,Environmental_Earth,628,open_route_named_pending_listing,above_cap,bioproject:PRJNA1024496=announced_sizes_exceed_amendment_caps
PMID:36155838,Environmental_Earth,629,supplement_only_unverified,supplement_only_unverified,
PMID:34687610,Environmental_Earth,630,no_lawful_text_retained,no_lawful_text_retained,
PMID:37327827,Environmental_Earth,631,no_lawful_text_retained,no_lawful_text_retained,
PMID:35943650,Environmental_Earth,632,supplement_only_unverified,supplement_only_unverified,
PMID:40705235,Environmental_Earth,633,supplement_only_unverified,supplement_only_unverified,
PMID:34469196,Environmental_Earth,634,open_route_named_pending_listing,above_cap,bioproject:PRJEB42046=announced_sizes_exceed_amendment_caps
PMID:36257413,Environmental_Earth,635,no_lawful_text_retained,no_lawful_text_retained,
PMID:39339870,Environmental_Earth,636,author_request_only,author_request_only,
PMID:32220774,Environmental_Earth,637,no_lawful_text_retained,no_lawful_text_retained,
PMID:38147120,Environmental_Earth,638,no_lawful_text_retained,no_lawful_text_retained,
PMID:38841779,Environmental_Earth,639,no_lawful_text_retained,no_lawful_text_retained,
PMID:38734262,Environmental_Earth,640,no_lawful_text_retained,no_lawful_text_retained,
PMID:32064897,Environmental_Earth,641,no_lawful_text_retained,no_lawful_text_retained,
PMID:41021606,Environmental_Earth,642,no_deposit_named,no_deposit_named,
PMID:39419797,Environmental_Earth,643,no_lawful_text_retained,no_lawful_text_retained,
PMID:34710271,Environmental_Earth,644,author_request_only,author_request_only,
PMID:41193553,Environmental_Earth,645,author_request_only,author_request_only,
PMID:39244573,Environmental_Earth,646,supplement_only_unverified,supplement_only_unverified,
PMID:35324903,Environmental_Earth,647,open_route_named_pending_listing,,osf:br96f=anonymous_listing_with_sizes_within_caps
PMID:34418613,Environmental_Earth,648,no_lawful_text_retained,no_lawful_text_retained,
PMID:36348239,Environmental_Earth,649,no_lawful_text_retained,no_lawful_text_retained,
PMID:41392675,Environmental_Earth,650,no_lawful_text_retained,no_lawful_text_retained,
PMID:33572837,Environmental_Earth,651,no_deposit_named,no_deposit_named,
PMID:37252987,Environmental_Earth,652,open_route_named_pending_listing,,dataverse:PRFF8V=anonymous_listing_with_sizes_within_caps
PMID:40295544,Environmental_Earth,653,supplement_only_unverified,supplement_only_unverified,
PMID:34657179,Environmental_Earth,654,no_lawful_text_retained,no_lawful_text_retained,
PMID:41402677,Environmental_Earth,655,no_lawful_text_retained,no_lawful_text_retained,
PMID:39102082,Environmental_Earth,656,no_lawful_text_retained,no_lawful_text_retained,
PMID:31978764,Environmental_Earth,657,no_lawful_text_retained,no_lawful_text_retained,
PMID:40627968,Environmental_Earth,658,no_lawful_text_retained,no_lawful_text_retained,
PMID:32669369,Environmental_Earth,659,no_deposit_named,no_deposit_named,
PMID:39447908,Environmental_Earth,660,no_lawful_text_retained,no_lawful_text_retained,
PMID:34523777,Environmental_Earth,661,no_deposit_named,no_deposit_named,
PMID:34888751,Environmental_Earth,662,no_lawful_text_retained,no_lawful_text_retained,
PMID:40511528,Environmental_Earth,663,author_request_only,author_request_only,
PMID:34272673,Environmental_Earth,664,supplement_only_unverified,supplement_only_unverified,
PMID:34280855,Environmental_Earth,665,no_lawful_text_retained,no_lawful_text_retained,
PMID:34523097,Environmental_Earth,666,no_lawful_text_retained,no_lawful_text_retained,
PMID:32734425,Environmental_Earth,667,no_lawful_text_retained,no_lawful_text_retained,
PMID:37143165,Environmental_Earth,668,code_only_deposit,code_only_deposit,
PMID:33131188,Environmental_Earth,669,no_lawful_text_retained,no_lawful_text_retained,
PMID:32652539,Environmental_Earth,670,no_lawful_text_retained,no_lawful_text_retained,
PMID:32298992,Environmental_Earth,671,no_lawful_text_retained,no_lawful_text_retained,
PMID:35212157,Environmental_Earth,672,no_deposit_named,no_deposit_named,
PMID:34253600,Environmental_Earth,673,no_lawful_text_retained,no_lawful_text_retained,
PMID:35081173,Environmental_Earth,674,open_route_named_pending_listing,,zenodo:893192=anonymous_listing_with_sizes_within_caps
PMID:32866891,Environmental_Earth,675,no_lawful_text_retained,no_lawful_text_retained,
PMID:38820152,Environmental_Earth,676,no_deposit_named,no_deposit_named,
PMID:31990959,Environmental_Earth,677,no_deposit_named,no_deposit_named,
PMID:33008945,Environmental_Earth,678,no_lawful_text_retained,no_lawful_text_retained,
PMID:33289263,Environmental_Earth,679,no_lawful_text_retained,no_lawful_text_retained,
PMID:32892239,Environmental_Earth,680,no_lawful_text_retained,no_lawful_text_retained,
PMID:36255494,Environmental_Earth,681,supplement_only_unverified,supplement_only_unverified,
PMID:39216252,Environmental_Earth,682,no_lawful_text_retained,no_lawful_text_retained,
PMID:33460111,Environmental_Earth,683,no_lawful_text_retained,no_lawful_text_retained,
PMID:37407574,Environmental_Earth,684,supplement_only_unverified,supplement_only_unverified,
PMID:39596960,Environmental_Earth,685,author_request_only,author_request_only,
PMID:38985219,Environmental_Earth,686,no_lawful_text_retained,no_lawful_text_retained,
PMID:36792827,Environmental_Earth,687,no_lawful_text_retained,no_lawful_text_retained,
PMID:34426946,Environmental_Earth,688,supplement_only_unverified,supplement_only_unverified,
PMID:38057212,Environmental_Earth,689,no_lawful_text_retained,no_lawful_text_retained,
PMID:35973495,Environmental_Earth,690,no_lawful_text_retained,no_lawful_text_retained,
PMID:36814347,Environmental_Earth,691,supplement_only_unverified,supplement_only_unverified,
PMID:41125027,Environmental_Earth,692,no_lawful_text_retained,no_lawful_text_retained,
PMID:40840415,Environmental_Earth,693,no_lawful_text_retained,no_lawful_text_retained,
PMID:37151291,Environmental_Earth,694,open_route_named_pending_listing,,figshare:20481486=anonymous_listing_with_sizes_within_caps
PMID:37796350,Environmental_Earth,695,no_lawful_text_retained,no_lawful_text_retained,
PMID:36176974,Environmental_Earth,696,author_request_only,author_request_only,
PMID:32710444,Environmental_Earth,697,no_lawful_text_retained,no_lawful_text_retained,
PMID:33632065,Environmental_Earth,698,no_lawful_text_retained,no_lawful_text_retained,
PMID:33446129,Environmental_Earth,699,author_request_only,author_request_only,
PMID:32272149,Environmental_Earth,700,no_lawful_text_retained,no_lawful_text_retained,
PMID:34526707,Environmental_Earth,701,no_lawful_text_retained,no_lawful_text_retained,
PMID:36325818,Environmental_Earth,702,no_lawful_text_retained,no_lawful_text_retained,
PMID:34444244,Environmental_Earth,703,no_deposit_named,no_deposit_named,
PMID:33907263,Environmental_Earth,704,supplement_only_unverified,supplement_only_unverified,
PMID:32891034,Environmental_Earth,705,no_lawful_text_retained,no_lawful_text_retained,
PMID:36974685,Environmental_Earth,706,no_lawful_text_retained,no_lawful_text_retained,
PMID:36178034,Environmental_Earth,707,no_lawful_text_retained,no_lawful_text_retained,
PMID:36242970,Environmental_Earth,708,no_lawful_text_retained,no_lawful_text_retained,
PMID:33582509,Environmental_Earth,709,no_lawful_text_retained,no_lawful_text_retained,
PMID:37548794,Environmental_Earth,710,no_lawful_text_retained,no_lawful_text_retained,
PMID:35457316,Environmental_Earth,711,author_request_only,author_request_only,
PMID:34854924,Environmental_Earth,712,no_lawful_text_retained,no_lawful_text_retained,
PMID:31983329,Environmental_Earth,713,no_lawful_text_retained,no_lawful_text_retained,
PMID:39113436,Environmental_Earth,714,no_lawful_text_retained,no_lawful_text_retained,
PMID:32002536,Environmental_Earth,715,no_lawful_text_retained,no_lawful_text_retained,
PMID:31988439,Environmental_Earth,716,author_request_only,author_request_only,
PMID:41276947,Environmental_Earth,717,no_lawful_text_retained,no_lawful_text_retained,
PMID:40458968,Environmental_Earth,718,no_lawful_text_retained,no_lawful_text_retained,
PMID:34755447,Environmental_Earth,719,open_route_named_pending_listing,size_unannounced,osf:tvyxz=some_or_all_files_without_announced_size
PMID:34871870,Environmental_Earth,720,no_lawful_text_retained,no_lawful_text_retained,
PMID:37355118,Environmental_Earth,721,no_lawful_text_retained,no_lawful_text_retained,
PMID:36374389,Environmental_Earth,722,no_lawful_text_retained,no_lawful_text_retained,
PMID:37160597,Environmental_Earth,723,supplement_only_unverified,supplement_only_unverified,
PMID:36767088,Environmental_Earth,724,author_request_only,author_request_only,
PMID:40974098,Environmental_Earth,725,open_route_named_pending_listing,listing_unavailable,bioproject:PRJNA1181308=listing_empty
PMID:40637906,Environmental_Earth,726,no_lawful_text_retained,no_lawful_text_retained,
PMID:36796891,Environmental_Earth,727,no_lawful_text_retained,no_lawful_text_retained,
PMID:34436639,Environmental_Earth,728,supplement_only_unverified,supplement_only_unverified,
PMID:34420392,Environmental_Earth,729,no_lawful_text_retained,no_lawful_text_retained,
PMID:40403455,Environmental_Earth,730,no_lawful_text_retained,no_lawful_text_retained,
PMID:39693981,Environmental_Earth,731,no_lawful_text_retained,no_lawful_text_retained,
PMID:32126487,Environmental_Earth,732,no_lawful_text_retained,no_lawful_text_retained,
PMID:39690858,Environmental_Earth,733,open_route_named_pending_listing,,figshare:27199266=anonymous_listing_with_sizes_within_caps; zenodo:2540861=every_listed_file_is_implementation_material
PMID:37717802,Environmental_Earth,734,no_lawful_text_retained,no_lawful_text_retained,
PMID:32005953,Environmental_Earth,735,author_request_only,author_request_only,
PMID:35329281,Environmental_Earth,736,no_deposit_named,no_deposit_named,
PMID:38745070,Environmental_Earth,737,no_lawful_text_retained,no_lawful_text_retained,
PMID:39615444,Environmental_Earth,738,no_lawful_text_retained,no_lawful_text_retained,
PMID:39700081,Environmental_Earth,739,open_route_named_pending_listing,,zenodo:8019086=anonymous_listing_with_sizes_within_caps; zenodo:13882673=anonymous_listing_with_sizes_within_caps
PMID:36640034,Environmental_Earth,740,no_lawful_text_retained,no_lawful_text_retained,
PMID:36737703,Environmental_Earth,741,open_route_named_pending_listing,listing_unavailable,bioproject:PRJEB14698=listing_empty
PMID:36073184,Environmental_Earth,742,no_lawful_text_retained,no_lawful_text_retained,
PMID:40356206,Environmental_Earth,743,open_route_named_pending_listing,,zenodo:15330848=anonymous_listing_with_sizes_within_caps
PMID:37283902,Environmental_Earth,744,no_deposit_named,no_deposit_named,
PMID:39305843,Environmental_Earth,745,no_lawful_text_retained,no_lawful_text_retained,
PMID:36651231,Environmental_Earth,746,no_lawful_text_retained,no_lawful_text_retained,
PMID:41352238,Environmental_Earth,747,no_lawful_text_retained,no_lawful_text_retained,
PMID:35897388,Environmental_Earth,748,no_deposit_named,no_deposit_named,
PMID:32133852,Environmental_Earth,749,no_lawful_text_retained,no_lawful_text_retained,
PMID:32502871,Environmental_Earth,750,no_lawful_text_retained,no_lawful_text_retained,
PMID:36958498,Environmental_Earth,751,no_lawful_text_retained,no_lawful_text_retained,
PMID:34918835,Environmental_Earth,752,code_only_deposit,code_only_deposit,
PMID:39031293,Environmental_Earth,753,no_lawful_text_retained,no_lawful_text_retained,
PMID:35680664,Environmental_Earth,754,no_lawful_text_retained,no_lawful_text_retained,
PMID:33978076,Environmental_Earth,755,no_lawful_text_retained,no_lawful_text_retained,
PMID:36307440,Environmental_Earth,756,open_route_named_pending_listing,,dataverse:GCNO77=anonymous_listing_with_sizes_within_caps
PMID:40384115,Environmental_Earth,757,no_lawful_text_retained,no_lawful_text_retained,
PMID:34656676,Environmental_Earth,758,no_lawful_text_retained,no_lawful_text_retained,
PMID:32513984,Environmental_Earth,759,open_route_named_pending_listing,,figshare:4234850=anonymous_listing_with_sizes_within_caps; dryad:83s7k=anonymous_listing_with_sizes_within_caps; zenodo:3553579=anonymous_listing_with_sizes_within_caps
PMID:36633740,Environmental_Earth,760,no_lawful_text_retained,no_lawful_text_retained,
PMID:34052493,Environmental_Earth,761,no_lawful_text_retained,no_lawful_text_retained,
PMID:32237094,Environmental_Earth,762,no_lawful_text_retained,no_lawful_text_retained,
PMID:37107618,Environmental_Earth,763,no_deposit_named,no_deposit_named,
PMID:36525194,Environmental_Earth,764,no_lawful_text_retained,no_lawful_text_retained,
PMID:39547020,Environmental_Earth,765,no_lawful_text_retained,no_lawful_text_retained,
PMID:34993811,Environmental_Earth,766,supplement_only_unverified,supplement_only_unverified,
PMID:39587311,Environmental_Earth,767,no_deposit_named,no_deposit_named,
PMID:32326522,Environmental_Earth,768,no_deposit_named,no_deposit_named,
PMID:38643789,Environmental_Earth,769,code_only_deposit,code_only_deposit,
PMID:41121493,Environmental_Earth,770,code_only_deposit,code_only_deposit,
PMID:31987326,Environmental_Earth,771,no_lawful_text_retained,no_lawful_text_retained,
PMID:39548709,Environmental_Earth,772,no_lawful_text_retained,no_lawful_text_retained,
PMID:39423896,Environmental_Earth,773,no_lawful_text_retained,no_lawful_text_retained,
PMID:34896722,Environmental_Earth,774,no_lawful_text_retained,no_lawful_text_retained,
PMID:36423300,Environmental_Earth,775,no_lawful_text_retained,no_lawful_text_retained,
PMID:34607042,Environmental_Earth,776,no_lawful_text_retained,no_lawful_text_retained,
PMID:31989311,Environmental_Earth,777,no_lawful_text_retained,no_lawful_text_retained,
PMID:40591690,Environmental_Earth,778,no_deposit_named,no_deposit_named,
PMID:41354958,Environmental_Earth,779,supplement_only_unverified,supplement_only_unverified,
PMID:38710739,Environmental_Earth,780,author_request_only,author_request_only,
PMID:35637211,Environmental_Earth,781,supplement_only_unverified,supplement_only_unverified,
PMID:41411951,Environmental_Earth,782,no_lawful_text_retained,no_lawful_text_retained,
PMID:34871902,Environmental_Earth,783,no_lawful_text_retained,no_lawful_text_retained,
PMID:36394766,Environmental_Earth,784,no_lawful_text_retained,no_lawful_text_retained,
PMID:38954067,Environmental_Earth,785,no_lawful_text_retained,no_lawful_text_retained,
PMID:40333686,Environmental_Earth,786,no_deposit_named,no_deposit_named,
PMID:36581119,Environmental_Earth,787,no_lawful_text_retained,no_lawful_text_retained,
PMID:38932483,Environmental_Earth,788,no_lawful_text_retained,no_lawful_text_retained,
PMID:36859546,Environmental_Earth,789,no_lawful_text_retained,no_lawful_text_retained,
PMID:36639410,Environmental_Earth,790,supplement_only_unverified,supplement_only_unverified,
PMID:33783650,Environmental_Earth,791,no_lawful_text_retained,no_lawful_text_retained,
PMID:34426273,Environmental_Earth,792,no_lawful_text_retained,no_lawful_text_retained,
PMID:35574654,Environmental_Earth,793,no_deposit_named,no_deposit_named,
PMID:39568238,Environmental_Earth,794,no_deposit_named,no_deposit_named,
PMID:36682236,Environmental_Earth,795,no_lawful_text_retained,no_lawful_text_retained,
PMID:34669236,Environmental_Earth,796,no_lawful_text_retained,no_lawful_text_retained,
PMID:40992312,Environmental_Earth,797,no_lawful_text_retained,no_lawful_text_retained,
PMID:39147999,Environmental_Earth,798,supplement_only_unverified,supplement_only_unverified,
PMID:40482332,Environmental_Earth,799,no_lawful_text_retained,no_lawful_text_retained,
PMID:41101783,Environmental_Earth,800,open_route_named_pending_listing,above_cap,bioproject:PRJNA1193011=announced_sizes_exceed_amendment_caps; bioproject:PRJNA945214=announced_sizes_exceed_amendment_caps
PMID:41145763,Environmental_Earth,801,no_lawful_text_retained,no_lawful_text_retained,
PMID:41206838,Environmental_Earth,802,no_lawful_text_retained,no_lawful_text_retained,
PMID:34990824,Environmental_Earth,803,no_lawful_text_retained,no_lawful_text_retained,
PMID:31923262,Environmental_Earth,804,open_route_named_pending_listing,,dryad:h5vb2=anonymous_listing_with_sizes_within_caps
PMID:36448221,Environmental_Earth,805,no_lawful_text_retained,no_lawful_text_retained,
PMID:36149554,Environmental_Earth,806,no_lawful_text_retained,no_lawful_text_retained,
PMID:41401173,Environmental_Earth,807,no_deposit_named,no_deposit_named,
PMID:34587314,Environmental_Earth,808,no_lawful_text_retained,no_lawful_text_retained,
PMID:35569652,Environmental_Earth,809,no_lawful_text_retained,no_lawful_text_retained,
PMID:39565828,Environmental_Earth,810,open_route_named_pending_listing,,bioproject:PRJNA1167893=anonymous_listing_with_sizes_within_caps
PMID:37087664,Environmental_Earth,811,no_lawful_text_retained,no_lawful_text_retained,
PMID:36343818,Environmental_Earth,812,no_lawful_text_retained,no_lawful_text_retained,
PMID:39739663,Environmental_Earth,813,code_only_deposit,code_only_deposit,
PMID:32307710,Environmental_Earth,814,no_lawful_text_retained,no_lawful_text_retained,
PMID:33475801,Environmental_Earth,815,no_lawful_text_retained,no_lawful_text_retained,
PMID:36061744,Environmental_Earth,816,open_route_named_pending_listing,,zenodo:6865934=anonymous_listing_with_sizes_within_caps
PMID:33089746,Environmental_Earth,817,no_lawful_text_retained,no_lawful_text_retained,
PMID:39103373,Environmental_Earth,818,author_request_only,author_request_only,
PMID:34672881,Environmental_Earth,819,no_lawful_text_retained,no_lawful_text_retained,
PMID:32879778,Environmental_Earth,820,no_deposit_named,no_deposit_named,
PMID:40373015,Environmental_Earth,821,open_route_named_pending_listing,,figshare:28562342=anonymous_listing_with_sizes_within_caps
PMID:36586520,Environmental_Earth,822,no_lawful_text_retained,no_lawful_text_retained,
PMID:32594455,Environmental_Earth,823,supplement_only_unverified,supplement_only_unverified,
PMID:41274973,Environmental_Earth,824,open_route_named_pending_listing,,zenodo:16980436=anonymous_listing_with_sizes_within_caps
PMID:36581613,Environmental_Earth,825,supplement_only_unverified,supplement_only_unverified,
PMID:39705946,Environmental_Earth,826,no_lawful_text_retained,no_lawful_text_retained,
PMID:41101327,Environmental_Earth,827,no_deposit_named,no_deposit_named,
PMID:36308938,Environmental_Earth,828,no_lawful_text_retained,no_lawful_text_retained,
PMID:38006771,Environmental_Earth,829,no_lawful_text_retained,no_lawful_text_retained,
PMID:37385986,Environmental_Earth,830,supplement_only_unverified,supplement_only_unverified,
PMID:35718299,Environmental_Earth,831,no_lawful_text_retained,no_lawful_text_retained,
PMID:39020035,Environmental_Earth,832,no_lawful_text_retained,no_lawful_text_retained,
PMID:40245097,Environmental_Earth,833,no_deposit_named,no_deposit_named,
PMID:34729764,Environmental_Earth,834,no_lawful_text_retained,no_lawful_text_retained,
PMID:40974668,Environmental_Earth,835,no_lawful_text_retained,no_lawful_text_retained,
PMID:37725300,Environmental_Earth,836,no_lawful_text_retained,no_lawful_text_retained,
PMID:33893328,Environmental_Earth,837,code_only_deposit,code_only_deposit,
PMID:40267735,Environmental_Earth,838,no_lawful_text_retained,no_lawful_text_retained,
PMID:39675334,Environmental_Earth,839,no_lawful_text_retained,no_lawful_text_retained,
PMID:35802034,Environmental_Earth,840,no_lawful_text_retained,no_lawful_text_retained,
PMID:32393236,Environmental_Earth,841,open_route_named_pending_listing,above_cap,bioproject:PRJNA550233=announced_sizes_exceed_amendment_caps
PMID:33830644,Environmental_Earth,842,no_deposit_named,no_deposit_named,
PMID:34287525,Environmental_Earth,843,no_lawful_text_retained,no_lawful_text_retained,
PMID:35588847,Environmental_Earth,844,no_lawful_text_retained,no_lawful_text_retained,
PMID:36057058,Environmental_Earth,845,no_lawful_text_retained,no_lawful_text_retained,
PMID:34622482,Environmental_Earth,846,no_lawful_text_retained,no_lawful_text_retained,
PMID:41376787,Environmental_Earth,847,no_deposit_named,no_deposit_named,
PMID:36210576,Environmental_Earth,848,no_lawful_text_retained,no_lawful_text_retained,
PMID:35288613,Environmental_Earth,849,supplement_only_unverified,supplement_only_unverified,
PMID:38100004,Environmental_Earth,850,supplement_only_unverified,supplement_only_unverified,
PMID:38135415,Environmental_Earth,851,no_lawful_text_retained,no_lawful_text_retained,
PMID:36521220,Environmental_Earth,852,no_lawful_text_retained,no_lawful_text_retained,
PMID:36181830,Environmental_Earth,853,no_lawful_text_retained,no_lawful_text_retained,
PMID:35841280,Environmental_Earth,854,no_lawful_text_retained,no_lawful_text_retained,
PMID:34264962,Environmental_Earth,855,open_route_named_pending_listing,,zenodo:4916375=anonymous_listing_with_sizes_within_caps
PMID:34856261,Environmental_Earth,856,no_lawful_text_retained,no_lawful_text_retained,
PMID:32764522,Environmental_Earth,857,no_deposit_named,no_deposit_named,
PMID:37656710,Environmental_Earth,858,no_deposit_named,no_deposit_named,
PMID:37644837,Environmental_Earth,859,no_deposit_named,no_deposit_named,
PMID:41043956,Environmental_Earth,860,supplement_only_unverified,supplement_only_unverified,
PMID:36538116,Environmental_Earth,861,no_lawful_text_retained,no_lawful_text_retained,
PMID:32044476,Environmental_Earth,862,no_lawful_text_retained,no_lawful_text_retained,
PMID:35689516,Environmental_Earth,863,no_deposit_named,no_deposit_named,
PMID:40915200,Environmental_Earth,864,no_lawful_text_retained,no_lawful_text_retained,
PMID:40906233,Environmental_Earth,865,no_lawful_text_retained,no_lawful_text_retained,
PMID:39236829,Environmental_Earth,866,no_lawful_text_retained,no_lawful_text_retained,
PMID:34624292,Environmental_Earth,867,no_lawful_text_retained,no_lawful_text_retained,
PMID:40304046,Environmental_Earth,868,open_route_named_pending_listing,,dryad:9s4mw6mth=anonymous_listing_with_sizes_within_caps
PMID:36208219,Environmental_Earth,869,no_lawful_text_retained,no_lawful_text_retained,
PMID:36775796,Environmental_Earth,870,no_lawful_text_retained,no_lawful_text_retained,
PMID:34682459,Environmental_Earth,871,author_request_only,author_request_only,
PMID:39603106,Environmental_Earth,872,no_lawful_text_retained,no_lawful_text_retained,
PMID:36674390,Environmental_Earth,873,author_request_only,author_request_only,
PMID:32453749,Environmental_Earth,874,no_deposit_named,no_deposit_named,
PMID:34175812,Environmental_Earth,875,no_lawful_text_retained,no_lawful_text_retained,
PMID:39074434,Environmental_Earth,876,no_lawful_text_retained,no_lawful_text_retained,
PMID:34360252,Environmental_Earth,877,author_request_only,author_request_only,
PMID:35671265,Environmental_Earth,878,author_request_only,author_request_only,
PMID:36546000,Environmental_Earth,879,no_lawful_text_retained,no_lawful_text_retained,
PMID:40921698,Environmental_Earth,880,no_deposit_named,no_deposit_named,
PMID:35604610,Environmental_Earth,881,no_lawful_text_retained,no_lawful_text_retained,
PMID:31924617,Environmental_Earth,882,no_lawful_text_retained,no_lawful_text_retained,
PMID:39310959,Environmental_Earth,883,no_lawful_text_retained,no_lawful_text_retained,
PMID:39609544,Environmental_Earth,884,open_route_named_pending_listing,,dryad:n2z34tn6h=anonymous_listing_with_sizes_within_caps
PMID:33368254,Environmental_Earth,885,open_route_named_pending_listing,,dryad:0p2ngf1zn=anonymous_listing_with_sizes_within_caps
PMID:33048356,Environmental_Earth,886,open_route_named_pending_listing,,zenodo:4009191=anonymous_listing_with_sizes_within_caps; dryad:2bvq83bnm=anonymous_listing_with_sizes_within_caps
PMID:32036289,Environmental_Earth,887,no_lawful_text_retained,no_lawful_text_retained,
PMID:40925532,Environmental_Earth,888,no_lawful_text_retained,no_lawful_text_retained,
PMID:32889012,Environmental_Earth,889,no_lawful_text_retained,no_lawful_text_retained,
PMID:41422069,Environmental_Earth,890,open_route_named_pending_listing,,zenodo:15423742=anonymous_listing_with_sizes_within_caps; zenodo:15423743=anonymous_listing_with_sizes_within_caps
PMID:35080784,Environmental_Earth,891,no_lawful_text_retained,no_lawful_text_retained,
PMID:36273697,Environmental_Earth,892,no_lawful_text_retained,no_lawful_text_retained,
PMID:40811996,Environmental_Earth,893,no_lawful_text_retained,no_lawful_text_retained,
PMID:38692023,Environmental_Earth,894,no_lawful_text_retained,no_lawful_text_retained,
PMID:34921477,Environmental_Earth,895,no_lawful_text_retained,no_lawful_text_retained,
PMID:37651050,Environmental_Earth,896,no_lawful_text_retained,no_lawful_text_retained,
PMID:32318022,Environmental_Earth,897,supplement_only_unverified,supplement_only_unverified,
PMID:36883720,Environmental_Earth,898,no_lawful_text_retained,no_lawful_text_retained,
PMID:41251655,Environmental_Earth,899,no_lawful_text_retained,no_lawful_text_retained,
PMID:33689509,Environmental_Earth,900,no_lawful_text_retained,no_lawful_text_retained,
PMID:36326558,Environmental_Earth,901,no_lawful_text_retained,no_lawful_text_retained,
PMID:38700771,Environmental_Earth,902,no_lawful_text_retained,no_lawful_text_retained,
PMID:39062962,Environmental_Earth,903,no_deposit_named,no_deposit_named,
PMID:40691265,Environmental_Earth,904,supplement_only_unverified,supplement_only_unverified,
PMID:39535923,Environmental_Earth,905,author_request_only,author_request_only,
PMID:39481792,Environmental_Earth,906,no_lawful_text_retained,no_lawful_text_retained,
PMID:37935364,Environmental_Earth,907,open_route_named_pending_listing,,dryad:rn8pk0phg=anonymous_listing_with_sizes_within_caps
PMID:34121115,Environmental_Earth,908,no_lawful_text_retained,no_lawful_text_retained,
PMID:40795730,Environmental_Earth,909,no_lawful_text_retained,no_lawful_text_retained,
PMID:32828058,Environmental_Earth,910,no_lawful_text_retained,no_lawful_text_retained,
PMID:34371048,Environmental_Earth,911,no_lawful_text_retained,no_lawful_text_retained,
PMID:41494351,Environmental_Earth,912,no_lawful_text_retained,no_lawful_text_retained,
PMID:32725805,Environmental_Earth,913,no_lawful_text_retained,no_lawful_text_retained,
PMID:38990811,Environmental_Earth,914,no_deposit_named,no_deposit_named,
PMID:37628893,Environmental_Earth,915,open_route_named_pending_listing,,bioproject:PRJNA898584=anonymous_listing_with_sizes_within_caps
PMID:35568210,Environmental_Earth,916,no_lawful_text_retained,no_lawful_text_retained,
PMID:36316588,Environmental_Earth,917,no_lawful_text_retained,no_lawful_text_retained,
PMID:41360039,Environmental_Earth,918,no_lawful_text_retained,no_lawful_text_retained,
PMID:35290396,Environmental_Earth,919,no_deposit_named,no_deposit_named,
PMID:33290091,Environmental_Earth,920,no_lawful_text_retained,no_lawful_text_retained,
PMID:32593903,Environmental_Earth,921,no_lawful_text_retained,no_lawful_text_retained,
PMID:32198372,Environmental_Earth,922,author_request_only,author_request_only,
PMID:34731941,Environmental_Earth,923,no_lawful_text_retained,no_lawful_text_retained,
PMID:40412942,Environmental_Earth,924,no_lawful_text_retained,no_lawful_text_retained,
PMID:40549010,Environmental_Earth,925,no_lawful_text_retained,no_lawful_text_retained,
PMID:32313088,Environmental_Earth,926,open_route_named_pending_listing,,bioproject:PRJNA369046=anonymous_listing_with_sizes_within_caps
PMID:35738403,Environmental_Earth,927,no_lawful_text_retained,no_lawful_text_retained,
PMID:40607564,Environmental_Earth,928,no_lawful_text_retained,no_lawful_text_retained,
PMID:37619779,Environmental_Earth,929,no_lawful_text_retained,no_lawful_text_retained,
PMID:33615481,Environmental_Earth,930,no_lawful_text_retained,no_lawful_text_retained,
PMID:32470142,Environmental_Earth,931,no_lawful_text_retained,no_lawful_text_retained,
PMID:33543510,Environmental_Earth,932,no_lawful_text_retained,no_lawful_text_retained,
PMID:39103587,Environmental_Earth,933,no_lawful_text_retained,no_lawful_text_retained,
PMID:32474783,Environmental_Earth,934,open_route_named_pending_listing,,bioproject:PRJNA433949=anonymous_listing_with_sizes_within_caps; bioproject:PRJNA572590=listing_empty
PMID:38888730,Environmental_Earth,935,open_route_named_pending_listing,,figshare:21087697=anonymous_listing_with_sizes_within_caps
PMID:37751623,Environmental_Earth,936,no_lawful_text_retained,no_lawful_text_retained,
PMID:37365358,Environmental_Earth,937,no_lawful_text_retained,no_lawful_text_retained,
PMID:39490395,Environmental_Earth,938,no_lawful_text_retained,no_lawful_text_retained,
PMID:40945354,Environmental_Earth,939,no_lawful_text_retained,no_lawful_text_retained,
PMID:33249613,Environmental_Earth,940,no_lawful_text_retained,no_lawful_text_retained,
PMID:37972200,Environmental_Earth,941,no_deposit_named,no_deposit_named,
PMID:37184969,Environmental_Earth,942,no_lawful_text_retained,no_lawful_text_retained,
PMID:36207636,Environmental_Earth,943,no_lawful_text_retained,no_lawful_text_retained,
PMID:33650379,Environmental_Earth,944,no_lawful_text_retained,no_lawful_text_retained,
PMID:34669703,Environmental_Earth,945,code_only_deposit,code_only_deposit,
PMID:39245670,Environmental_Earth,946,no_lawful_text_retained,no_lawful_text_retained,
PMID:33287825,Environmental_Earth,947,author_request_only,author_request_only,
PMID:38971058,Environmental_Earth,948,no_lawful_text_retained,no_lawful_text_retained,
PMID:39700685,Environmental_Earth,949,no_lawful_text_retained,no_lawful_text_retained,
PMID:40592617,Environmental_Earth,950,no_lawful_text_retained,no_lawful_text_retained,
PMID:32959457,Environmental_Earth,951,no_lawful_text_retained,no_lawful_text_retained,
PMID:36502479,Environmental_Earth,952,author_request_only,author_request_only,
PMID:33370914,Environmental_Earth,953,no_lawful_text_retained,no_lawful_text_retained,
PMID:35021588,Environmental_Earth,954,no_lawful_text_retained,no_lawful_text_retained,
PMID:39102961,Environmental_Earth,955,no_lawful_text_retained,no_lawful_text_retained,
PMID:40301642,Environmental_Earth,956,open_route_named_pending_listing,code_only_deposit,figshare:28752449=every_listed_file_is_implementation_material
PMID:36484622,Environmental_Earth,957,no_lawful_text_retained,no_lawful_text_retained,
PMID:37858020,Environmental_Earth,958,no_lawful_text_retained,no_lawful_text_retained,
PMID:38935699,Environmental_Earth,959,open_route_named_pending_listing,,osf:vu9t3=anonymous_listing_with_sizes_within_caps
PMID:37225076,Environmental_Earth,960,no_lawful_text_retained,no_lawful_text_retained,
PMID:39361159,Environmental_Earth,961,no_lawful_text_retained,no_lawful_text_retained,
PMID:32724106,Environmental_Earth,962,open_route_named_pending_listing,,dryad:cvdncjt24=anonymous_listing_with_sizes_within_caps
PMID:33031384,Environmental_Earth,963,open_route_named_pending_listing,,zenodo:3515227=every_listed_file_is_implementation_material; dataverse:J8EDZN=anonymous_listing_with_sizes_within_caps
PMID:32854874,Environmental_Earth,964,no_lawful_text_retained,no_lawful_text_retained,
PMID:32027701,Environmental_Earth,965,no_deposit_named,no_deposit_named,
PMID:41554161,Environmental_Earth,966,no_deposit_named,no_deposit_named,
PMID:32836159,Environmental_Earth,967,no_lawful_text_retained,no_lawful_text_retained,
PMID:38793686,Environmental_Earth,968,supplement_only_unverified,supplement_only_unverified,
PMID:34555769,Environmental_Earth,969,no_lawful_text_retained,no_lawful_text_retained,
PMID:41211859,Environmental_Earth,970,no_lawful_text_retained,no_lawful_text_retained,
PMID:40412965,Environmental_Earth,971,no_lawful_text_retained,no_lawful_text_retained,
PMID:40241450,Environmental_Earth,972,no_deposit_named,no_deposit_named,
PMID:39724811,Environmental_Earth,973,no_lawful_text_retained,no_lawful_text_retained,
PMID:36323973,Environmental_Earth,974,no_lawful_text_retained,no_lawful_text_retained,
PMID:34103114,Environmental_Earth,975,no_lawful_text_retained,no_lawful_text_retained,
PMID:32302372,Environmental_Earth,976,no_deposit_named,no_deposit_named,
PMID:34383615,Environmental_Earth,977,no_lawful_text_retained,no_lawful_text_retained,
PMID:33734663,Environmental_Earth,978,no_lawful_text_retained,no_lawful_text_retained,
PMID:33735813,Environmental_Earth,979,no_lawful_text_retained,no_lawful_text_retained,
PMID:38864217,Environmental_Earth,980,no_lawful_text_retained,no_lawful_text_retained,
PMID:39187966,Environmental_Earth,981,no_lawful_text_retained,no_lawful_text_retained,
PMID:33280910,Environmental_Earth,982,no_lawful_text_retained,no_lawful_text_retained,
PMID:35038525,Environmental_Earth,983,no_lawful_text_retained,no_lawful_text_retained,
PMID:39358047,Environmental_Earth,984,no_lawful_text_retained,no_lawful_text_retained,
PMID:32059588,Environmental_Earth,985,no_deposit_named,no_deposit_named,
PMID:33455421,Environmental_Earth,986,no_lawful_text_retained,no_lawful_text_retained,
PMID:37935520,Environmental_Earth,987,code_only_deposit,code_only_deposit,
PMID:39118309,Environmental_Earth,988,no_lawful_text_retained,no_lawful_text_retained,
PMID:39436883,Environmental_Earth,989,open_route_named_pending_listing,listing_unavailable,dryad:dfn2z359x=listing_not_machine_readable
PMID:32059333,Environmental_Earth,990,no_lawful_text_retained,no_lawful_text_retained,
PMID:36948021,Environmental_Earth,991,no_lawful_text_retained,no_lawful_text_retained,
PMID:40748256,Environmental_Earth,992,no_lawful_text_retained,no_lawful_text_retained,
PMID:33023382,Environmental_Earth,993,no_lawful_text_retained,no_lawful_text_retained,
PMID:39052874,Environmental_Earth,994,no_lawful_text_retained,no_lawful_text_retained,
PMID:34738296,Environmental_Earth,995,no_lawful_text_retained,no_lawful_text_retained,
PMID:40556038,Environmental_Earth,996,no_lawful_text_retained,no_lawful_text_retained,
PMID:32721708,Environmental_Earth,997,no_lawful_text_retained,no_lawful_text_retained,
PMID:41386139,Environmental_Earth,998,no_lawful_text_retained,no_lawful_text_retained,
PMID:36041068,Environmental_Earth,999,no_lawful_text_retained,no_lawful_text_retained,
PMID:33769230,Environmental_Earth,1000,no_lawful_text_retained,no_lawful_text_retained,
PMID:35552675,Environmental_Earth,1001,no_lawful_text_retained,no_lawful_text_retained,
PMID:38768520,Environmental_Earth,1002,no_lawful_text_retained,no_lawful_text_retained,
PMID:39392243,Environmental_Earth,1003,no_lawful_text_retained,no_lawful_text_retained,
PMID:38758865,Environmental_Earth,1004,no_deposit_named,no_deposit_named,
PMID:33598838,Environmental_Earth,1005,no_lawful_text_retained,no_lawful_text_retained,
PMID:36050350,Environmental_Earth,1006,author_request_only,author_request_only,
PMID:38711381,Environmental_Earth,1007,no_lawful_text_retained,no_lawful_text_retained,
PMID:40404672,Environmental_Earth,1008,open_route_named_pending_listing,above_cap,bioproject:PRJNA982181=announced_sizes_exceed_amendment_caps
PMID:35855903,Environmental_Earth,1009,no_deposit_named,no_deposit_named,
PMID:33073860,Environmental_Earth,1010,no_lawful_text_retained,no_lawful_text_retained,
PMID:36041530,Environmental_Earth,1011,no_lawful_text_retained,no_lawful_text_retained,
PMID:36222551,Environmental_Earth,1012,no_lawful_text_retained,no_lawful_text_retained,
PMID:36822307,Environmental_Earth,1013,no_lawful_text_retained,no_lawful_text_retained,
PMID:34668809,Environmental_Earth,1014,no_lawful_text_retained,no_lawful_text_retained,
PMID:32639595,Environmental_Earth,1015,no_lawful_text_retained,no_lawful_text_retained,
PMID:32526586,Environmental_Earth,1016,no_lawful_text_retained,no_lawful_text_retained,
PMID:32221328,Environmental_Earth,1017,open_route_named_pending_listing,listing_unavailable,bioproject:PRJNA291433=listing_empty
PMID:36197886,Environmental_Earth,1018,no_deposit_named,no_deposit_named,
PMID:41408659,Environmental_Earth,1019,no_lawful_text_retained,no_lawful_text_retained,
PMID:32091372,Environmental_Earth,1020,no_deposit_named,no_deposit_named,
PMID:41249355,Environmental_Earth,1021,author_request_only,author_request_only,
PMID:35277081,Environmental_Earth,1022,open_route_named_pending_listing,listing_unavailable,zenodo:5785702=listing_empty
PMID:34391162,Environmental_Earth,1023,no_lawful_text_retained,no_lawful_text_retained,
PMID:41369799,Environmental_Earth,1024,supplement_only_unverified,supplement_only_unverified,
PMID:37419354,Environmental_Earth,1025,no_lawful_text_retained,no_lawful_text_retained,
PMID:32462674,Environmental_Earth,1026,no_lawful_text_retained,no_lawful_text_retained,
PMID:32555307,Environmental_Earth,1027,supplement_only_unverified,supplement_only_unverified,
PMID:32041527,Environmental_Earth,1028,no_deposit_named,no_deposit_named,
PMID:36828103,Environmental_Earth,1029,no_lawful_text_retained,no_lawful_text_retained,
PMID:34444608,Environmental_Earth,1030,no_deposit_named,no_deposit_named,
PMID:33479184,Environmental_Earth,1031,open_route_named_pending_listing,above_cap,bioproject:PRJNA482655=announced_sizes_exceed_amendment_caps
PMID:37533930,Environmental_Earth,1032,supplement_only_unverified,supplement_only_unverified,
PMID:40738086,Environmental_Earth,1033,no_lawful_text_retained,no_lawful_text_retained,
PMID:32738695,Environmental_Earth,1034,no_lawful_text_retained,no_lawful_text_retained,
PMID:35707189,Environmental_Earth,1035,author_request_only,author_request_only,
PMID:34428391,Environmental_Earth,1036,no_lawful_text_retained,no_lawful_text_retained,
PMID:33064886,Environmental_Earth,1037,no_lawful_text_retained,no_lawful_text_retained,
PMID:36272319,Environmental_Earth,1038,no_lawful_text_retained,no_lawful_text_retained,
PMID:33805449,Environmental_Earth,1039,open_route_named_pending_listing,size_unannounced,osf:kgxuf=some_or_all_files_without_announced_size; osf:nz29t=identifier_is_an_osf_files_not_a_data_deposit; osf:n6wdy=identifier_is_an_osf_files_not_a_data_deposit
PMID:37797509,Environmental_Earth,1040,no_lawful_text_retained,no_lawful_text_retained,
PMID:32505961,Environmental_Earth,1041,no_lawful_text_retained,no_lawful_text_retained,
PMID:38160543,Environmental_Earth,1042,no_lawful_text_retained,no_lawful_text_retained,
PMID:39644629,Environmental_Earth,1043,no_lawful_text_retained,no_lawful_text_retained,
PMID:33560524,Environmental_Earth,1044,no_deposit_named,no_deposit_named,
PMID:32588473,Environmental_Earth,1045,no_deposit_named,no_deposit_named,
PMID:36271075,Environmental_Earth,1046,open_route_named_pending_listing,,dryad:7m0cfxpxm=anonymous_listing_with_sizes_within_caps; zenodo:7015703=anonymous_listing_with_sizes_within_caps
PMID:39155383,Environmental_Earth,1047,supplement_only_unverified,supplement_only_unverified,
PMID:39633090,Environmental_Earth,1048,no_lawful_text_retained,no_lawful_text_retained,
PMID:35195342,Environmental_Earth,1049,no_lawful_text_retained,no_lawful_text_retained,
PMID:40594808,Environmental_Earth,1050,supplement_only_unverified,supplement_only_unverified,
PMID:39241452,Environmental_Earth,1051,no_lawful_text_retained,no_lawful_text_retained,
PMID:34618651,Environmental_Earth,1052,no_lawful_text_retained,no_lawful_text_retained,
PMID:40320124,Environmental_Earth,1053,no_lawful_text_retained,no_lawful_text_retained,
PMID:41461163,Environmental_Earth,1054,no_lawful_text_retained,no_lawful_text_retained,
PMID:39362375,Environmental_Earth,1055,no_lawful_text_retained,no_lawful_text_retained,
PMID:36087173,Environmental_Earth,1056,no_lawful_text_retained,no_lawful_text_retained,
PMID:32821911,Environmental_Earth,1057,no_lawful_text_retained,no_lawful_text_retained,
PMID:33496262,Environmental_Earth,1058,no_deposit_named,no_deposit_named,
PMID:32617823,Environmental_Earth,1059,supplement_only_unverified,supplement_only_unverified,
PMID:33577087,Environmental_Earth,1060,no_lawful_text_retained,no_lawful_text_retained,
PMID:40651377,Environmental_Earth,1061,no_lawful_text_retained,no_lawful_text_retained,
PMID:40760177,Environmental_Earth,1062,supplement_only_unverified,supplement_only_unverified,
PMID:32181342,Environmental_Earth,1063,no_deposit_named,no_deposit_named,
PMID:36168787,Environmental_Earth,1064,no_lawful_text_retained,no_lawful_text_retained,
PMID:33754698,Environmental_Earth,1065,no_lawful_text_retained,no_lawful_text_retained,
PMID:36633454,Environmental_Earth,1066,no_lawful_text_retained,no_lawful_text_retained,
PMID:33542529,Environmental_Earth,1067,no_lawful_text_retained,no_lawful_text_retained,
PMID:33418250,Environmental_Earth,1068,no_lawful_text_retained,no_lawful_text_retained,
PMID:34734083,Environmental_Earth,1069,no_deposit_named,no_deposit_named,
PMID:40616994,Environmental_Earth,1070,no_lawful_text_retained,no_lawful_text_retained,
PMID:40493633,Environmental_Earth,1071,no_deposit_named,no_deposit_named,
PMID:34798730,Environmental_Earth,1072,no_lawful_text_retained,no_lawful_text_retained,
PMID:40334258,Environmental_Earth,1073,no_deposit_named,no_deposit_named,
PMID:40946636,Environmental_Earth,1074,no_lawful_text_retained,no_lawful_text_retained,
PMID:40924027,Environmental_Earth,1075,no_lawful_text_retained,no_lawful_text_retained,
PMID:34780741,Environmental_Earth,1076,no_lawful_text_retained,no_lawful_text_retained,
PMID:31977275,Environmental_Earth,1077,no_lawful_text_retained,no_lawful_text_retained,
PMID:34582609,Environmental_Earth,1078,no_lawful_text_retained,no_lawful_text_retained,
PMID:32813993,Environmental_Earth,1079,no_lawful_text_retained,no_lawful_text_retained,
PMID:40640714,Environmental_Earth,1080,author_request_only,author_request_only,
PMID:33307689,Environmental_Earth,1081,no_lawful_text_retained,no_lawful_text_retained,
PMID:33664185,Environmental_Earth,1082,no_lawful_text_retained,no_lawful_text_retained,
PMID:32451478,Environmental_Earth,1083,no_lawful_text_retained,no_lawful_text_retained,
PMID:34501663,Environmental_Earth,1084,no_deposit_named,no_deposit_named,
PMID:31953020,Environmental_Earth,1085,no_lawful_text_retained,no_lawful_text_retained,
PMID:34172777,Environmental_Earth,1086,author_request_only,author_request_only,
PMID:33651739,Environmental_Earth,1087,no_lawful_text_retained,no_lawful_text_retained,
PMID:35738420,Environmental_Earth,1088,no_lawful_text_retained,no_lawful_text_retained,
PMID:35133649,Environmental_Earth,1089,no_lawful_text_retained,no_lawful_text_retained,
PMID:39497089,Environmental_Earth,1090,code_only_deposit,code_only_deposit,
PMID:35644431,Environmental_Earth,1091,no_lawful_text_retained,no_lawful_text_retained,
PMID:40318368,Environmental_Earth,1092,no_lawful_text_retained,no_lawful_text_retained,
PMID:41194711,Environmental_Earth,1093,no_lawful_text_retained,no_lawful_text_retained,
PMID:33206375,Environmental_Earth,1094,no_lawful_text_retained,no_lawful_text_retained,
PMID:39467480,Environmental_Earth,1095,no_lawful_text_retained,no_lawful_text_retained,
PMID:33309110,Environmental_Earth,1096,no_lawful_text_retained,no_lawful_text_retained,
PMID:32325330,Environmental_Earth,1097,no_lawful_text_retained,no_lawful_text_retained,
PMID:39531821,Environmental_Earth,1098,no_lawful_text_retained,no_lawful_text_retained,
PMID:32773316,Environmental_Earth,1099,no_lawful_text_retained,no_lawful_text_retained,
PMID:35180192,Environmental_Earth,1100,no_lawful_text_retained,no_lawful_text_retained,
PMID:36294195,Environmental_Earth,1101,author_request_only,author_request_only,
PMID:32511240,Environmental_Earth,1102,no_deposit_named,no_deposit_named,
PMID:34444194,Environmental_Earth,1103,no_deposit_named,no_deposit_named,
PMID:36293625,Environmental_Earth,1104,no_deposit_named,no_deposit_named,
PMID:35687281,Environmental_Earth,1105,no_lawful_text_retained,no_lawful_text_retained,
PMID:41368507,Environmental_Earth,1106,no_deposit_named,no_deposit_named,
PMID:36495851,Environmental_Earth,1107,no_lawful_text_retained,no_lawful_text_retained,
PMID:36137034,Environmental_Earth,1108,no_lawful_text_retained,no_lawful_text_retained,
PMID:39711096,Environmental_Earth,1109,no_deposit_named,no_deposit_named,
PMID:37336970,Environmental_Earth,1110,open_route_named_pending_listing,,figshare:21905826=anonymous_listing_with_sizes_within_caps
PMID:40716168,Environmental_Earth,1111,no_lawful_text_retained,no_lawful_text_retained,
PMID:38082405,Environmental_Earth,1112,author_request_only,author_request_only,
PMID:40383900,Environmental_Earth,1113,no_lawful_text_retained,no_lawful_text_retained,
PMID:31936427,Environmental_Earth,1114,no_deposit_named,no_deposit_named,
PMID:40448315,Environmental_Earth,1115,no_deposit_named,no_deposit_named,
PMID:37819681,Environmental_Earth,1116,no_lawful_text_retained,no_lawful_text_retained,
PMID:39116810,Environmental_Earth,1117,no_lawful_text_retained,no_lawful_text_retained,
PMID:33813700,Environmental_Earth,1118,no_lawful_text_retained,no_lawful_text_retained,
PMID:38739806,Environmental_Earth,1119,code_only_deposit,code_only_deposit,
PMID:39557245,Environmental_Earth,1120,no_lawful_text_retained,no_lawful_text_retained,
PMID:32976720,Environmental_Earth,1121,no_lawful_text_retained,no_lawful_text_retained,
PMID:33143975,Environmental_Earth,1122,no_lawful_text_retained,no_lawful_text_retained,
PMID:34628350,Environmental_Earth,1123,no_lawful_text_retained,no_lawful_text_retained,
PMID:37907120,Environmental_Earth,1124,no_lawful_text_retained,no_lawful_text_retained,
PMID:38877023,Environmental_Earth,1125,supplement_only_unverified,supplement_only_unverified,
PMID:36524939,Environmental_Earth,1126,no_lawful_text_retained,no_lawful_text_retained,
PMID:39339426,Environmental_Earth,1127,author_request_only,author_request_only,
PMID:36857007,Environmental_Earth,1128,no_lawful_text_retained,no_lawful_text_retained,
PMID:33078366,Environmental_Earth,1129,no_lawful_text_retained,no_lawful_text_retained,
PMID:36751911,Environmental_Earth,1130,no_lawful_text_retained,no_lawful_text_retained,
PMID:39146853,Environmental_Earth,1131,no_lawful_text_retained,no_lawful_text_retained,
PMID:36089956,Environmental_Earth,1132,author_request_only,author_request_only,
PMID:36347284,Environmental_Earth,1133,no_lawful_text_retained,no_lawful_text_retained,
PMID:35698868,Environmental_Earth,1134,no_lawful_text_retained,no_lawful_text_retained,
PMID:35701646,Environmental_Earth,1135,no_lawful_text_retained,no_lawful_text_retained,
PMID:35999420,Environmental_Earth,1136,no_lawful_text_retained,no_lawful_text_retained,
PMID:37733106,Environmental_Earth,1137,no_lawful_text_retained,no_lawful_text_retained,
PMID:41372882,Environmental_Earth,1138,author_request_only,author_request_only,
PMID:40305989,Environmental_Earth,1139,no_lawful_text_retained,no_lawful_text_retained,
PMID:35682029,Environmental_Earth,1140,author_request_only,author_request_only,
PMID:37656353,Environmental_Earth,1141,no_lawful_text_retained,no_lawful_text_retained,
PMID:35922639,Environmental_Earth,1142,supplement_only_unverified,supplement_only_unverified,
PMID:34202130,Environmental_Earth,1143,author_request_only,author_request_only,
PMID:36060871,Environmental_Earth,1144,author_request_only,author_request_only,
PMID:33555530,Environmental_Earth,1145,no_lawful_text_retained,no_lawful_text_retained,
PMID:37845514,Environmental_Earth,1146,no_lawful_text_retained,no_lawful_text_retained,
PMID:36871455,Environmental_Earth,1147,no_lawful_text_retained,no_lawful_text_retained,
PMID:36341788,Environmental_Earth,1148,no_lawful_text_retained,no_lawful_text_retained,
PMID:37947180,Environmental_Earth,1149,no_lawful_text_retained,no_lawful_text_retained,
PMID:38730488,Environmental_Earth,1150,supplement_only_unverified,supplement_only_unverified,
PMID:39601554,Environmental_Earth,1151,no_deposit_named,no_deposit_named,
PMID:33202184,Environmental_Earth,1152,no_deposit_named,no_deposit_named,
PMID:36528104,Environmental_Earth,1153,no_lawful_text_retained,no_lawful_text_retained,
PMID:34752881,Environmental_Earth,1154,no_lawful_text_retained,no_lawful_text_retained,
PMID:40228474,Environmental_Earth,1155,no_lawful_text_retained,no_lawful_text_retained,
PMID:37835108,Environmental_Earth,1156,author_request_only,author_request_only,
PMID:40334408,Environmental_Earth,1157,no_lawful_text_retained,no_lawful_text_retained,
PMID:32415620,Environmental_Earth,1158,no_lawful_text_retained,no_lawful_text_retained,
PMID:33677808,Environmental_Earth,1159,no_lawful_text_retained,no_lawful_text_retained,
PMID:38801532,Environmental_Earth,1160,no_lawful_text_retained,no_lawful_text_retained,
PMID:32067565,Environmental_Earth,1161,no_lawful_text_retained,no_lawful_text_retained,
PMID:35030210,Environmental_Earth,1162,no_deposit_named,no_deposit_named,
PMID:36494507,Environmental_Earth,1163,supplement_only_unverified,supplement_only_unverified,
PMID:34724203,Environmental_Earth,1164,no_lawful_text_retained,no_lawful_text_retained,
PMID:40538062,Environmental_Earth,1165,no_deposit_named,no_deposit_named,
PMID:32056489,Environmental_Earth,1166,no_lawful_text_retained,no_lawful_text_retained,
PMID:32927575,Environmental_Earth,1167,no_lawful_text_retained,no_lawful_text_retained,
PMID:33973299,Environmental_Earth,1168,open_route_named_pending_listing,,dryad:2v6wwpzn6=anonymous_listing_with_sizes_within_caps
PMID:33822180,Environmental_Earth,1169,no_lawful_text_retained,no_lawful_text_retained,
PMID:32412844,Environmental_Earth,1170,no_lawful_text_retained,no_lawful_text_retained,
PMID:33479261,Environmental_Earth,1171,supplement_only_unverified,supplement_only_unverified,
PMID:33199870,Environmental_Earth,1172,no_lawful_text_retained,no_lawful_text_retained,
PMID:33340962,Environmental_Earth,1173,no_lawful_text_retained,no_lawful_text_retained,
PMID:33877224,Environmental_Earth,1174,no_lawful_text_retained,no_lawful_text_retained,
PMID:34818808,Environmental_Earth,1175,no_lawful_text_retained,no_lawful_text_retained,
PMID:33156856,Environmental_Earth,1176,author_request_only,author_request_only,
PMID:36459785,Environmental_Earth,1177,no_lawful_text_retained,no_lawful_text_retained,
PMID:38821947,Environmental_Earth,1178,open_route_named_pending_listing,,zenodo:10911892=announced_sizes_exceed_amendment_caps; zenodo:883859=every_listed_file_is_implementation_material; zenodo:10908654=anonymous_listing_with_sizes_within_caps
PMID:39490637,Environmental_Earth,1179,no_lawful_text_retained,no_lawful_text_retained,
PMID:35489150,Environmental_Earth,1180,no_lawful_text_retained,no_lawful_text_retained,
PMID:36595149,Environmental_Earth,1181,no_lawful_text_retained,no_lawful_text_retained,
PMID:37354252,Environmental_Earth,1182,no_lawful_text_retained,no_lawful_text_retained,
PMID:39029168,Environmental_Earth,1183,no_lawful_text_retained,no_lawful_text_retained,
PMID:34738145,Environmental_Earth,1184,no_lawful_text_retained,no_lawful_text_retained,
PMID:37419188,Environmental_Earth,1185,no_lawful_text_retained,no_lawful_text_retained,
PMID:35162701,Environmental_Earth,1186,author_request_only,author_request_only,
PMID:32534622,Environmental_Earth,1187,no_lawful_text_retained,no_lawful_text_retained,
PMID:32056297,Environmental_Earth,1188,no_lawful_text_retained,no_lawful_text_retained,
PMID:40258002,Environmental_Earth,1189,no_deposit_named,no_deposit_named,
PMID:34954180,Environmental_Earth,1190,no_lawful_text_retained,no_lawful_text_retained,
PMID:32044603,Environmental_Earth,1191,no_lawful_text_retained,no_lawful_text_retained,
PMID:36539008,Environmental_Earth,1192,no_lawful_text_retained,no_lawful_text_retained,
PMID:37490919,Environmental_Earth,1193,no_lawful_text_retained,no_lawful_text_retained,
PMID:39642839,Environmental_Earth,1194,no_lawful_text_retained,no_lawful_text_retained,
PMID:33058081,Environmental_Earth,1195,no_lawful_text_retained,no_lawful_text_retained,
PMID:36472731,Environmental_Earth,1196,no_lawful_text_retained,no_lawful_text_retained,
PMID:36399916,Environmental_Earth,1197,no_lawful_text_retained,no_lawful_text_retained,
PMID:41418507,Environmental_Earth,1198,no_lawful_text_retained,no_lawful_text_retained,
PMID:33310349,Environmental_Earth,1199,no_lawful_text_retained,no_lawful_text_retained,
PMID:40986225,Environmental_Earth,1200,no_lawful_text_retained,no_lawful_text_retained,
PMID:35676446,Environmental_Earth,1201,no_lawful_text_retained,no_lawful_text_retained,
PMID:40720500,Environmental_Earth,1202,no_deposit_named,no_deposit_named,
PMID:37087825,Environmental_Earth,1203,no_lawful_text_retained,no_lawful_text_retained,
PMID:41231779,Environmental_Earth,1204,no_deposit_named,no_deposit_named,
PMID:39298898,Environmental_Earth,1205,no_lawful_text_retained,no_lawful_text_retained,
PMID:33279268,Environmental_Earth,1206,no_lawful_text_retained,no_lawful_text_retained,
PMID:32680864,Environmental_Earth,1207,no_lawful_text_retained,no_lawful_text_retained,
PMID:41351208,Environmental_Earth,1208,no_lawful_text_retained,no_lawful_text_retained,
PMID:37657295,Environmental_Earth,1209,no_lawful_text_retained,no_lawful_text_retained,
PMID:39138378,Environmental_Earth,1210,no_lawful_text_retained,no_lawful_text_retained,
PMID:32128606,Environmental_Earth,1211,no_lawful_text_retained,no_lawful_text_retained,
PMID:38763203,Environmental_Earth,1212,no_lawful_text_retained,no_lawful_text_retained,
PMID:34514545,Environmental_Earth,1213,no_lawful_text_retained,no_lawful_text_retained,
PMID:33295052,Environmental_Earth,1214,no_lawful_text_retained,no_lawful_text_retained,
PMID:40653383,Environmental_Earth,1215,author_request_only,author_request_only,
PMID:33436644,Environmental_Earth,1216,supplement_only_unverified,supplement_only_unverified,
PMID:38103293,Environmental_Earth,1217,no_lawful_text_retained,no_lawful_text_retained,
PMID:35791275,Environmental_Earth,1218,no_lawful_text_retained,no_lawful_text_retained,
PMID:35123108,Environmental_Earth,1219,no_lawful_text_retained,no_lawful_text_retained,
PMID:35091945,Environmental_Earth,1220,no_lawful_text_retained,no_lawful_text_retained,
PMID:32179826,Environmental_Earth,1221,supplement_only_unverified,supplement_only_unverified,
PMID:41436923,Environmental_Earth,1222,supplement_only_unverified,supplement_only_unverified,
PMID:39566443,Environmental_Earth,1223,no_lawful_text_retained,no_lawful_text_retained,
PMID:34761819,Environmental_Earth,1224,no_lawful_text_retained,no_lawful_text_retained,
PMID:36113289,Environmental_Earth,1225,no_lawful_text_retained,no_lawful_text_retained,
PMID:36270034,Environmental_Earth,1226,no_lawful_text_retained,no_lawful_text_retained,
PMID:37204012,Environmental_Earth,1227,no_lawful_text_retained,no_lawful_text_retained,
PMID:41108434,Environmental_Earth,1228,no_lawful_text_retained,no_lawful_text_retained,
PMID:33243633,Environmental_Earth,1229,no_lawful_text_retained,no_lawful_text_retained,
PMID:41033215,Environmental_Earth,1230,no_lawful_text_retained,no_lawful_text_retained,
PMID:40986515,Environmental_Earth,1231,no_deposit_named,no_deposit_named,
PMID:35621094,Environmental_Earth,1232,no_deposit_named,no_deposit_named,
PMID:40884185,Environmental_Earth,1233,code_only_deposit,code_only_deposit,
PMID:34623701,Environmental_Earth,1234,no_lawful_text_retained,no_lawful_text_retained,
PMID:32772914,Environmental_Earth,1235,open_route_named_pending_listing,listing_unavailable,bioproject:PRJNA611599=listing_empty
PMID:40233620,Environmental_Earth,1236,no_lawful_text_retained,no_lawful_text_retained,
PMID:34978967,Environmental_Earth,1237,no_lawful_text_retained,no_lawful_text_retained,
PMID:32069729,Environmental_Earth,1238,no_lawful_text_retained,no_lawful_text_retained,
PMID:37349819,Environmental_Earth,1239,author_request_only,author_request_only,
PMID:38940062,Environmental_Earth,1240,no_lawful_text_retained,no_lawful_text_retained,
PMID:39394553,Environmental_Earth,1241,open_route_named_pending_listing,,bioproject:PRJNA929089=anonymous_listing_with_sizes_within_caps
PMID:32869321,Environmental_Earth,1242,no_lawful_text_retained,no_lawful_text_retained,
PMID:36833661,Environmental_Earth,1243,author_request_only,author_request_only,
PMID:40580868,Environmental_Earth,1244,no_lawful_text_retained,no_lawful_text_retained,
PMID:34617219,Environmental_Earth,1245,no_lawful_text_retained,no_lawful_text_retained,
PMID:35728639,Environmental_Earth,1246,no_lawful_text_retained,no_lawful_text_retained,
PMID:34935042,Environmental_Earth,1247,no_deposit_named,no_deposit_named,
PMID:37457596,Environmental_Earth,1248,no_lawful_text_retained,no_lawful_text_retained,
PMID:40686219,Environmental_Earth,1249,author_request_only,author_request_only,
PMID:36444220,Environmental_Earth,1250,no_deposit_named,no_deposit_named,
PMID:41076751,Environmental_Earth,1251,no_lawful_text_retained,no_lawful_text_retained,
PMID:40607570,Environmental_Earth,1252,no_lawful_text_retained,no_lawful_text_retained,
PMID:37354301,Environmental_Earth,1253,no_lawful_text_retained,no_lawful_text_retained,
PMID:32361646,Environmental_Earth,1254,no_lawful_text_retained,no_lawful_text_retained,
PMID:35849218,Environmental_Earth,1255,no_lawful_text_retained,no_lawful_text_retained,
PMID:32407398,Environmental_Earth,1256,open_route_named_pending_listing,,dryad:1zcrjdfnw=anonymous_listing_with_sizes_within_caps
PMID:37838471,Environmental_Earth,1257,no_lawful_text_retained,no_lawful_text_retained,
PMID:36281563,Environmental_Earth,1258,open_route_named_pending_listing,,zenodo:7212844=anonymous_listing_with_sizes_within_caps
PMID:39240402,Environmental_Earth,1259,no_lawful_text_retained,no_lawful_text_retained,
PMID:34960471,Environmental_Earth,1260,open_route_named_pending_listing,above_cap,zenodo:2525665=announced_sizes_exceed_amendment_caps
PMID:35452558,Environmental_Earth,1261,no_lawful_text_retained,no_lawful_text_retained,
PMID:32946051,Environmental_Earth,1262,no_lawful_text_retained,no_lawful_text_retained,
PMID:37940868,Environmental_Earth,1263,no_lawful_text_retained,no_lawful_text_retained,
PMID:33823274,Environmental_Earth,1264,no_lawful_text_retained,no_lawful_text_retained,
PMID:35739665,Environmental_Earth,1265,no_lawful_text_retained,no_lawful_text_retained,
PMID:32573794,Environmental_Earth,1266,no_deposit_named,no_deposit_named,
PMID:38802370,Environmental_Earth,1267,open_route_named_pending_listing,above_cap,bioproject:PRJNA861716=announced_sizes_exceed_amendment_caps
PMID:37167854,Environmental_Earth,1268,no_lawful_text_retained,no_lawful_text_retained,
PMID:33612778,Environmental_Earth,1269,no_lawful_text_retained,no_lawful_text_retained,
PMID:35637631,Environmental_Earth,1270,code_only_deposit,code_only_deposit,
PMID:32517347,Environmental_Earth,1271,no_deposit_named,no_deposit_named,
PMID:32306117,Environmental_Earth,1272,no_lawful_text_retained,no_lawful_text_retained,
PMID:34799165,Environmental_Earth,1273,no_lawful_text_retained,no_lawful_text_retained,
PMID:33601153,Environmental_Earth,1274,no_deposit_named,no_deposit_named,
PMID:36695524,Environmental_Earth,1275,no_lawful_text_retained,no_lawful_text_retained,
PMID:37010627,Environmental_Earth,1276,no_lawful_text_retained,no_lawful_text_retained,
PMID:37741190,Environmental_Earth,1277,no_lawful_text_retained,no_lawful_text_retained,
PMID:41127952,Environmental_Earth,1278,no_deposit_named,no_deposit_named,
PMID:37195618,Environmental_Earth,1279,no_lawful_text_retained,no_lawful_text_retained,
PMID:40216928,Environmental_Earth,1280,open_route_named_pending_listing,no_deposit_named,osf:6exng=identifier_is_a_preprint_not_a_data_deposit
PMID:33033371,Environmental_Earth,1281,supplement_only_unverified,supplement_only_unverified,
PMID:32218331,Environmental_Earth,1282,no_deposit_named,no_deposit_named,
PMID:37853142,Environmental_Earth,1283,no_lawful_text_retained,no_lawful_text_retained,
PMID:33663012,Environmental_Earth,1284,no_lawful_text_retained,no_lawful_text_retained,
PMID:37296214,Environmental_Earth,1285,code_only_deposit,code_only_deposit,
PMID:40408854,Environmental_Earth,1286,no_lawful_text_retained,no_lawful_text_retained,
PMID:39152374,Environmental_Earth,1287,supplement_only_unverified,supplement_only_unverified,
PMID:32725215,Environmental_Earth,1288,no_lawful_text_retained,no_lawful_text_retained,
PMID:41133308,Environmental_Earth,1289,author_request_only,author_request_only,
PMID:40278902,Environmental_Earth,1290,author_request_only,author_request_only,
PMID:35296741,Environmental_Earth,1291,supplement_only_unverified,supplement_only_unverified,
PMID:31918254,Environmental_Earth,1292,no_lawful_text_retained,no_lawful_text_retained,
PMID:32148162,Environmental_Earth,1293,no_lawful_text_retained,no_lawful_text_retained,
PMID:38003242,Environmental_Earth,1294,author_request_only,author_request_only,
PMID:38941279,Environmental_Earth,1295,no_lawful_text_retained,no_lawful_text_retained,
PMID:36638996,Environmental_Earth,1296,no_lawful_text_retained,no_lawful_text_retained,
PMID:36571679,Environmental_Earth,1297,no_lawful_text_retained,no_lawful_text_retained,
PMID:34494105,Environmental_Earth,1298,no_lawful_text_retained,no_lawful_text_retained,
PMID:36082832,Environmental_Earth,1299,open_route_named_pending_listing,,figshare:19745377=anonymous_listing_with_sizes_within_caps; figshare:19741999=anonymous_listing_with_sizes_within_caps; figshare:19742044=anonymous_listing_with_sizes_within_caps; figshare:20424603=every_listed_file_is_implementation_material
PMID:34728403,Environmental_Earth,1300,no_lawful_text_retained,no_lawful_text_retained,
PMID:41401006,Environmental_Earth,1301,code_only_deposit,code_only_deposit,
PMID:40370169,Environmental_Earth,1302,no_lawful_text_retained,no_lawful_text_retained,
PMID:36437362,Environmental_Earth,1303,no_lawful_text_retained,no_lawful_text_retained,
PMID:32840170,Environmental_Earth,1304,no_deposit_named,no_deposit_named,
PMID:39067301,Environmental_Earth,1305,no_lawful_text_retained,no_lawful_text_retained,
PMID:38658833,Environmental_Earth,1306,author_request_only,author_request_only,
PMID:39331300,Environmental_Earth,1307,no_lawful_text_retained,no_lawful_text_retained,
PMID:35410068,Environmental_Earth,1308,no_deposit_named,no_deposit_named,
PMID:38969136,Environmental_Earth,1309,no_lawful_text_retained,no_lawful_text_retained,
PMID:40604377,Environmental_Earth,1310,code_only_deposit,code_only_deposit,
PMID:38839775,Environmental_Earth,1311,open_route_named_pending_listing,,bioproject:PRJNA836387=anonymous_listing_with_sizes_within_caps; bioproject:PRJNA809569=anonymous_listing_with_sizes_within_caps; bioproject:PRJNA809754=anonymous_listing_with_sizes_within_caps; bioproject:PRJNA801402=anonymous_listing_with_sizes_within_caps
PMID:41379295,Environmental_Earth,1312,supplement_only_unverified,supplement_only_unverified,
PMID:39235598,Environmental_Earth,1313,no_lawful_text_retained,no_lawful_text_retained,
PMID:35777569,Environmental_Earth,1314,no_lawful_text_retained,no_lawful_text_retained,
PMID:34371023,Environmental_Earth,1315,no_lawful_text_retained,no_lawful_text_retained,
PMID:36716378,Environmental_Earth,1316,no_deposit_named,no_deposit_named,
PMID:32686007,Environmental_Earth,1317,no_lawful_text_retained,no_lawful_text_retained,
PMID:35603673,Environmental_Earth,1318,no_lawful_text_retained,no_lawful_text_retained,
PMID:31964378,Environmental_Earth,1319,author_request_only,author_request_only,
PMID:36288821,Environmental_Earth,1320,no_lawful_text_retained,no_lawful_text_retained,
PMID:36461060,Environmental_Earth,1321,supplement_only_unverified,supplement_only_unverified,
PMID:33096741,Environmental_Earth,1322,no_deposit_named,no_deposit_named,
PMID:33272802,Environmental_Earth,1323,no_lawful_text_retained,no_lawful_text_retained,
PMID:33382577,Environmental_Earth,1324,no_lawful_text_retained,no_lawful_text_retained,
PMID:32105932,Environmental_Earth,1325,no_lawful_text_retained,no_lawful_text_retained,
PMID:37784259,Environmental_Earth,1326,no_lawful_text_retained,no_lawful_text_retained,
PMID:36283431,Environmental_Earth,1327,no_lawful_text_retained,no_lawful_text_retained,
PMID:36198779,Environmental_Earth,1328,open_route_named_pending_listing,,zenodo:3539275=anonymous_listing_with_sizes_within_caps
PMID:32852264,Environmental_Earth,1329,no_deposit_named,no_deposit_named,
PMID:32919308,Environmental_Earth,1330,no_lawful_text_retained,no_lawful_text_retained,
PMID:39478144,Environmental_Earth,1331,open_route_named_pending_listing,above_cap,zenodo:8014199=announced_sizes_exceed_amendment_caps
PMID:36925018,Environmental_Earth,1332,no_lawful_text_retained,no_lawful_text_retained,
PMID:34117513,Environmental_Earth,1333,no_lawful_text_retained,no_lawful_text_retained,
PMID:33254843,Environmental_Earth,1334,no_lawful_text_retained,no_lawful_text_retained,
PMID:34128170,Environmental_Earth,1335,author_request_only,author_request_only,
PMID:37556542,Environmental_Earth,1336,open_route_named_pending_listing,size_unannounced,osf:8xqy6=some_or_all_files_without_announced_size; figshare:7504448=announced_sizes_exceed_amendment_caps
PMID:37858704,Environmental_Earth,1337,no_lawful_text_retained,no_lawful_text_retained,
PMID:39085256,Environmental_Earth,1338,open_route_named_pending_listing,,zenodo:12764012=anonymous_listing_with_sizes_within_caps; zenodo:12764013=anonymous_listing_with_sizes_within_caps
PMID:39362170,Environmental_Earth,1339,no_lawful_text_retained,no_lawful_text_retained,
PMID:32579440,Environmental_Earth,1340,no_lawful_text_retained,no_lawful_text_retained,
PMID:33482172,Environmental_Earth,1341,no_lawful_text_retained,no_lawful_text_retained,
PMID:39603104,Environmental_Earth,1342,no_lawful_text_retained,no_lawful_text_retained,
PMID:39107808,Environmental_Earth,1343,author_request_only,author_request_only,
PMID:38927723,Environmental_Earth,1344,open_route_named_pending_listing,,bioproject:PRJNA1108191=anonymous_listing_with_sizes_within_caps
PMID:38808391,Environmental_Earth,1345,no_deposit_named,no_deposit_named,
PMID:40536212,Environmental_Earth,1346,no_lawful_text_retained,no_lawful_text_retained,
PMID:38963455,Environmental_Earth,1347,no_lawful_text_retained,no_lawful_text_retained,
PMID:40823915,Environmental_Earth,1348,no_lawful_text_retained,no_lawful_text_retained,
PMID:41192178,Environmental_Earth,1349,no_lawful_text_retained,no_lawful_text_retained,
PMID:39502039,Environmental_Earth,1350,no_lawful_text_retained,no_lawful_text_retained,
PMID:38980384,Environmental_Earth,1351,no_lawful_text_retained,no_lawful_text_retained,
PMID:40243771,Environmental_Earth,1352,no_lawful_text_retained,no_lawful_text_retained,
PMID:35597337,Environmental_Earth,1353,no_lawful_text_retained,no_lawful_text_retained,
PMID:33235232,Environmental_Earth,1354,supplement_only_unverified,supplement_only_unverified,
PMID:31979134,Environmental_Earth,1355,no_deposit_named,no_deposit_named,
PMID:32276045,Environmental_Earth,1356,no_lawful_text_retained,no_lawful_text_retained,
PMID:36380453,Environmental_Earth,1357,open_route_named_pending_listing,,figshare:20263905=anonymous_listing_with_sizes_within_caps
PMID:35580220,Environmental_Earth,1358,no_lawful_text_retained,no_lawful_text_retained,
PMID:32367700,Environmental_Earth,1359,no_deposit_named,no_deposit_named,
PMID:40907322,Environmental_Earth,1360,no_lawful_text_retained,no_lawful_text_retained,
PMID:41175924,Environmental_Earth,1361,no_lawful_text_retained,no_lawful_text_retained,
PMID:38936792,Environmental_Earth,1362,no_lawful_text_retained,no_lawful_text_retained,
PMID:34881410,Environmental_Earth,1363,no_lawful_text_retained,no_lawful_text_retained,
PMID:39363055,Environmental_Earth,1364,author_request_only,author_request_only,
PMID:40432479,Environmental_Earth,1365,no_lawful_text_retained,no_lawful_text_retained,
PMID:34161350,Environmental_Earth,1366,no_deposit_named,no_deposit_named,
PMID:36525380,Environmental_Earth,1367,no_lawful_text_retained,no_lawful_text_retained,
PMID:33411756,Environmental_Earth,1368,open_route_named_pending_listing,,figshare:13089098=anonymous_listing_with_sizes_within_caps
PMID:39723602,Environmental_Earth,1369,no_lawful_text_retained,no_lawful_text_retained,
PMID:36334826,Environmental_Earth,1370,no_deposit_named,no_deposit_named,
PMID:32852790,Environmental_Earth,1371,no_lawful_text_retained,no_lawful_text_retained,
PMID:40286663,Environmental_Earth,1372,no_lawful_text_retained,no_lawful_text_retained,
PMID:37953730,Environmental_Earth,1373,no_lawful_text_retained,no_lawful_text_retained,
PMID:38636824,Environmental_Earth,1374,no_lawful_text_retained,no_lawful_text_retained,
PMID:39243897,Environmental_Earth,1375,no_lawful_text_retained,no_lawful_text_retained,
PMID:31941936,Environmental_Earth,1376,supplement_only_unverified,supplement_only_unverified,
PMID:36471000,Environmental_Earth,1377,no_lawful_text_retained,no_lawful_text_retained,
PMID:33053102,Environmental_Earth,1378,no_lawful_text_retained,no_lawful_text_retained,
PMID:33852601,Environmental_Earth,1379,open_route_named_pending_listing,,zenodo:3553579=anonymous_listing_with_sizes_within_caps
PMID:32520217,Environmental_Earth,1380,no_lawful_text_retained,no_lawful_text_retained,
PMID:33002703,Environmental_Earth,1381,no_lawful_text_retained,no_lawful_text_retained,
PMID:33331895,Environmental_Earth,1382,open_route_named_pending_listing,above_cap,bioproject:PRJNA13179=announced_sizes_exceed_amendment_caps; bioproject:PRJNA407952=listing_empty; bioproject:PRJNA602914=listing_empty; bioproject:PRJNA59869=announced_sizes_exceed_amendment_caps
PMID:37236938,Environmental_Earth,1383,no_lawful_text_retained,no_lawful_text_retained,
PMID:37224716,Environmental_Earth,1384,no_lawful_text_retained,no_lawful_text_retained,
PMID:35970998,Environmental_Earth,1385,supplement_only_unverified,supplement_only_unverified,
PMID:34376726,Environmental_Earth,1386,author_request_only,author_request_only,
PMID:36657596,Environmental_Earth,1387,no_lawful_text_retained,no_lawful_text_retained,
PMID:39090440,Environmental_Earth,1388,supplement_only_unverified,supplement_only_unverified,
PMID:33413607,Environmental_Earth,1389,supplement_only_unverified,supplement_only_unverified,
PMID:36361410,Environmental_Earth,1390,author_request_only,author_request_only,
PMID:36609500,Environmental_Earth,1391,supplement_only_unverified,supplement_only_unverified,
PMID:34086926,Environmental_Earth,1392,no_lawful_text_retained,no_lawful_text_retained,
PMID:40775307,Environmental_Earth,1393,code_only_deposit,code_only_deposit,
PMID:34978975,Environmental_Earth,1394,no_lawful_text_retained,no_lawful_text_retained,
PMID:34731226,Environmental_Earth,1395,no_deposit_named,no_deposit_named,
PMID:39112801,Environmental_Earth,1396,no_lawful_text_retained,no_lawful_text_retained,
PMID:31945501,Environmental_Earth,1397,no_lawful_text_retained,no_lawful_text_retained,
PMID:37663287,Environmental_Earth,1398,open_route_named_pending_listing,,figshare:20485737=anonymous_listing_with_sizes_within_caps
PMID:34961321,Environmental_Earth,1399,no_lawful_text_retained,no_lawful_text_retained,
PMID:39252543,Environmental_Earth,1400,code_only_deposit,code_only_deposit,
PMID:36576943,Environmental_Earth,1401,no_lawful_text_retained,no_lawful_text_retained,
PMID:33615917,Environmental_Earth,1402,no_lawful_text_retained,no_lawful_text_retained,
PMID:35398640,Environmental_Earth,1403,no_lawful_text_retained,no_lawful_text_retained,
PMID:38692035,Environmental_Earth,1404,no_lawful_text_retained,no_lawful_text_retained,
PMID:40049907,Environmental_Earth,1405,no_lawful_text_retained,no_lawful_text_retained,
PMID:32768762,Environmental_Earth,1406,no_lawful_text_retained,no_lawful_text_retained,
PMID:37300408,Environmental_Earth,1407,open_route_named_pending_listing,,osf:hbvt8=anonymous_listing_with_sizes_within_caps
PMID:37039468,Environmental_Earth,1408,no_deposit_named,no_deposit_named,
PMID:33954783,Environmental_Earth,1409,open_route_named_pending_listing,,figshare:13573604=anonymous_listing_with_sizes_within_caps
PMID:33067657,Environmental_Earth,1410,no_lawful_text_retained,no_lawful_text_retained,
PMID:40663171,Environmental_Earth,1411,no_lawful_text_retained,no_lawful_text_retained,
PMID:39657493,Environmental_Earth,1412,no_lawful_text_retained,no_lawful_text_retained,
PMID:40493232,Environmental_Earth,1413,no_lawful_text_retained,no_lawful_text_retained,
PMID:37269562,Environmental_Earth,1414,no_lawful_text_retained,no_lawful_text_retained,
PMID:38789697,Environmental_Earth,1415,open_route_named_pending_listing,size_unannounced,osf:gqb8r=some_or_all_files_without_announced_size
PMID:36373917,Environmental_Earth,1416,open_route_named_pending_listing,,dryad:ncjsxksvr=anonymous_listing_with_sizes_within_caps
PMID:33863433,Environmental_Earth,1417,no_lawful_text_retained,no_lawful_text_retained,
PMID:33175292,Environmental_Earth,1418,supplement_only_unverified,supplement_only_unverified,
PMID:34816333,Environmental_Earth,1419,no_lawful_text_retained,no_lawful_text_retained,
PMID:38822542,Environmental_Earth,1420,no_lawful_text_retained,no_lawful_text_retained,
PMID:41185576,Environmental_Earth,1421,no_deposit_named,no_deposit_named,
PMID:41765581,Environmental_Earth,1422,no_lawful_text_retained,no_lawful_text_retained,
PMID:41363662,Environmental_Earth,1423,no_lawful_text_retained,no_lawful_text_retained,
